task,seed,condition,score,criterion,distance_from_naive,distance_from_trained,edges_changed_fraction,mapping_count
multi_association_mapping,26,trained,0.9166666666666666,0.3,112.66456729256092,0.0,,4
multi_association_mapping,26,naive_replacement,-0.08333333333333333,0.3,0.0,112.66456729256092,,4
multi_association_mapping,26,zero_all,-0.03125,0.3,198.45015494801308,237.9465057363481,,4
multi_association_mapping,26,shuffle_magnitudes,0.16666666666666669,0.3,156.26668266195355,182.2896094438333,,4
multi_association_mapping,26,anti_training_delta,0.8333333333333334,0.3,120.65810906684456,44.4419593310184,,4
multi_association_mapping,26,random_matched_full_trace,0.9166666666666666,0.3,142.34789719434042,101.76368140284146,,4
multi_association_mapping,26,zero_task_path_union,0.9166666666666666,0.3,109.25350957339174,40.58347631901872,0.004183250434029812,4
multi_association_mapping,26,zero_all_task_inputs_outgoing,-0.08333333333333333,0.3,95.62139782896793,98.86098723803775,0.04489688764292512,4
multi_association_mapping,26,zero_all_task_targets_incoming,-0.03125,0.3,107.36233204256557,92.6237947342989,0.07684398210437655,4
multi_association_mapping,26,random_edge_count_matched_task_path_union,0.9166666666666666,0.3,113.17215448405135,15.186448727649598,0.004183250434029812,4
multi_association_mapping,26,random_distance_matched_task_path_union,0.9166666666666666,0.3,115.59789919216068,40.0105948571108,,4
multi_association_mapping,26,zero_path_input_1_correct,0.9166666666666666,0.3,112.05911174641133,19.228186996767487,0.001134493767316266,4
multi_association_mapping,26,zero_path_input_2_correct,0.9166666666666666,0.3,111.67701414655437,21.836228873594347,0.0012266909192056043,4
multi_association_mapping,26,zero_path_input_3_correct,0.9166666666666666,0.3,111.63852771419943,21.002016226491193,0.0009422861455808655,4
multi_association_mapping,26,zero_path_input_4_correct,0.9166666666666666,0.3,111.91104788842199,18.957578905437813,0.0008797796019270768,4
multi_association_mapping,1,trained,0.8333333333333334,0.3,110.81971393432866,0.0,,4
multi_association_mapping,1,naive_replacement,-0.08333333333333333,0.3,0.0,110.81971393432866,,4
multi_association_mapping,1,zero_all,0.0,0.3,197.84471483464532,236.04785413930634,,4
multi_association_mapping,1,shuffle_magnitudes,0.07291666666666667,0.3,154.84087280448534,180.14293275677053,,4
multi_association_mapping,1,anti_training_delta,0.75,0.3,118.59894337833163,44.281081615967594,,4
multi_association_mapping,1,random_matched_full_trace,0.8333333333333334,0.3,140.1899281306497,100.2082076326458,,4
multi_association_mapping,1,zero_task_path_union,0.8333333333333334,0.3,107.62406782834165,38.46562548907238,0.0036784928492849286,4
multi_association_mapping,1,zero_all_task_inputs_outgoing,0.0,0.3,94.84684316555368,93.52732938662562,0.03849916241624162,4
multi_association_mapping,1,zero_all_task_targets_incoming,0.0,0.3,106.29395056491835,90.77946479543711,0.07690925342534254,4
multi_association_mapping,1,random_edge_count_matched_task_path_union,0.8333333333333334,0.3,111.22935776902102,14.498160817016888,0.0036784928492849286,4
multi_association_mapping,1,random_distance_matched_task_path_union,0.8333333333333334,0.3,113.36885517044723,37.97721524565581,,4
multi_association_mapping,1,zero_path_input_1_correct,0.8333333333333334,0.3,110.01151707189977,19.811394275891452,0.0009829107910791079,4
multi_association_mapping,1,zero_path_input_2_correct,0.8333333333333334,0.3,109.90121178287,20.816150475914544,0.001089171417141714,4
multi_association_mapping,1,zero_path_input_3_correct,0.8333333333333334,0.3,110.05387516996142,18.553024565333217,0.0008516476647664766,4
multi_association_mapping,1,zero_path_input_4_correct,0.8333333333333334,0.3,110.15126547457004,17.595060669204155,0.0007547629762976297,4
multi_association_mapping,18,trained,0.9166666666666666,0.3,113.62479558818654,0.0,,4
multi_association_mapping,18,naive_replacement,-0.08333333333333333,0.3,0.0,113.62479558818654,,4
multi_association_mapping,18,zero_all,-0.03125,0.3,198.0177159334717,238.11729299739807,,4
multi_association_mapping,18,shuffle_magnitudes,0.010416666666666671,0.3,156.73126656192923,183.17221658784823,,4
multi_association_mapping,18,anti_training_delta,0.8333333333333334,0.3,121.43373384968581,44.54475000299912,,4
multi_association_mapping,18,random_matched_full_trace,0.9166666666666666,0.3,143.27250068856637,102.34795275442063,,4
multi_association_mapping,18,zero_task_path_union,0.9166666666666666,0.3,110.66616616513457,37.104157128722726,0.0035175337572292274,4
multi_association_mapping,18,zero_all_task_inputs_outgoing,-0.08333333333333333,0.3,98.22969189990931,92.82427349121951,0.039000714132797445,4
multi_association_mapping,18,zero_all_task_targets_incoming,-0.03125,0.3,108.87590271654143,91.2656417629879,0.07710446497077056,4
multi_association_mapping,18,random_edge_count_matched_task_path_union,0.9166666666666666,0.3,114.03759399121653,14.127728570913964,0.0035175337572292274,4
multi_association_mapping,18,random_distance_matched_task_path_union,0.9166666666666666,0.3,115.69064664628613,36.646333057704034,,4
multi_association_mapping,18,zero_path_input_1_correct,0.9166666666666666,0.3,112.94102046557263,17.912119538452767,0.0008516463339359969,4
multi_association_mapping,18,zero_path_input_2_correct,0.9166666666666666,0.3,112.85390134466988,19.068266500357396,0.0008954006410005985,4
multi_association_mapping,18,zero_path_input_3_correct,0.9166666666666666,0.3,112.78186237827049,19.961110635209096,0.0010516660233741758,4
multi_association_mapping,18,zero_path_input_4_correct,0.9166666666666666,0.3,112.99273081500505,17.14146215331161,0.0007188207589184561,4
multi_association_mapping,31,trained,0.9166666666666666,0.3,111.39218316677584,0.0,,4
multi_association_mapping,31,naive_replacement,-0.08333333333333333,0.3,0.0,111.39218316677584,,4
multi_association_mapping,31,zero_all,-0.07291666666666667,0.3,197.46630610878532,236.1094747705849,,4
multi_association_mapping,31,shuffle_magnitudes,-0.08333333333333333,0.3,154.87460590348115,180.73808780958873,,4
multi_association_mapping,31,anti_training_delta,0.9166666666666666,0.3,119.33471424347645,44.29868941595329,,4
multi_association_mapping,31,random_matched_full_trace,0.9166666666666666,0.3,140.8498422130966,100.63810677209949,,4
multi_association_mapping,31,zero_task_path_union,0.9166666666666666,0.3,107.84681309991213,40.05080218288986,0.003922316260579315,4
multi_association_mapping,31,zero_all_task_inputs_outgoing,-0.041666666666666664,0.3,94.81517187964845,94.97529435435445,0.04110149891862835,4
multi_association_mapping,31,zero_all_task_targets_incoming,-0.07291666666666667,0.3,105.80835936772333,90.19917432374608,0.07289726344213725,4
multi_association_mapping,31,random_edge_count_matched_task_path_union,0.9166666666666666,0.3,111.87251890188934,14.815612616586082,0.003922316260579315,4
multi_association_mapping,31,random_distance_matched_task_path_union,0.9166666666666666,0.3,114.26987696414449,39.48984102655871,,4
multi_association_mapping,31,zero_path_input_1_correct,0.9166666666666666,0.3,110.43567546030998,21.225076042426526,0.0011032491155254967,4
multi_association_mapping,31,zero_path_input_2_correct,0.9166666666666666,0.3,110.53121678562749,20.025111895573602,0.000992299133652536,4
multi_association_mapping,31,zero_path_input_3_correct,0.9166666666666666,0.3,110.68232828582798,18.069968568443297,0.0008391569051518295,4
multi_association_mapping,31,zero_path_input_4_correct,0.9166666666666666,0.3,110.41659483307252,20.640591851771468,0.000987611106249453,4
multi_association_mapping,3,trained,0.9166666666666666,0.3,112.46484673167345,0.0,,4
multi_association_mapping,3,naive_replacement,-0.08333333333333333,0.3,0.0,112.46484673167345,,4
multi_association_mapping,3,zero_all,-0.07291666666666667,0.3,198.90535604574396,238.03725627169402,,4
multi_association_mapping,3,shuffle_magnitudes,-0.13541666666666666,0.3,156.22312778221792,182.24595340740711,,4
multi_association_mapping,3,anti_training_delta,0.9166666666666666,0.3,120.47590513590848,44.70703592626329,,4
multi_association_mapping,3,random_matched_full_trace,0.9166666666666666,0.3,142.20143202394402,101.65867775867288,,4
multi_association_mapping,3,zero_task_path_union,0.7916666666666666,0.3,109.10860842320001,39.2048977276923,0.003769185812109525,4
multi_association_mapping,3,zero_all_task_inputs_outgoing,-0.08333333333333333,0.3,97.01305442801561,94.81481744352901,0.04220331725855802,4
multi_association_mapping,3,zero_all_task_targets_incoming,-0.07291666666666667,0.3,106.94523309953006,93.51432881992937,0.07826061138319118,4
multi_association_mapping,3,random_edge_count_matched_task_path_union,0.9166666666666666,0.3,112.92033120640045,14.4138191933308,0.003769185812109525,4
multi_association_mapping,3,random_distance_matched_task_path_union,0.9166666666666666,0.3,115.06987567208516,38.679541150590694,,4
multi_association_mapping,3,zero_path_input_1_correct,0.9166666666666666,0.3,111.5864898558907,19.944577606531833,0.0009813634701512362,4
multi_association_mapping,3,zero_path_input_2_correct,0.9166666666666666,0.3,111.51296427776012,21.00845712087842,0.0010954391601528926,4
multi_association_mapping,3,zero_path_input_3_correct,0.7916666666666666,0.3,111.68007221385945,19.448988566921333,0.0009454218143972897,4
multi_association_mapping,3,zero_path_input_4_correct,0.9166666666666666,0.3,111.76130472179948,17.87790264711769,0.0007469613674081065,4
multi_association_mapping,7,trained,0.9166666666666666,0.3,111.01464075490726,0.0,,4
multi_association_mapping,7,naive_replacement,-0.08333333333333333,0.3,0.0,111.01464075490726,,4
multi_association_mapping,7,zero_all,-0.07291666666666667,0.3,199.02040142063353,237.18071712771166,,4
multi_association_mapping,7,shuffle_magnitudes,-0.08333333333333333,0.3,155.5418525299546,180.85519693591672,,4
multi_association_mapping,7,anti_training_delta,0.8333333333333334,0.3,119.5905219717602,44.7516890906161,,4
multi_association_mapping,7,random_matched_full_trace,0.9166666666666666,0.3,140.5053662454429,100.46494150796808,,4
multi_association_mapping,7,zero_task_path_union,0.9166666666666666,0.3,107.45895959942108,40.05603884571759,0.003930141922659808,4
multi_association_mapping,7,zero_all_task_inputs_outgoing,-0.08333333333333333,0.3,95.14559338926918,93.88721855130386,0.040396858386750965,4
multi_association_mapping,7,zero_all_task_targets_incoming,-0.07291666666666667,0.3,106.14936350502731,91.61474894245475,0.07778086841291024,4
multi_association_mapping,7,random_edge_count_matched_task_path_union,0.9166666666666666,0.3,111.49732761774291,14.352719559890554,0.003930141922659808,4
multi_association_mapping,7,random_distance_matched_task_path_union,0.9166666666666666,0.3,113.93017273379198,39.50935656884348,,4
multi_association_mapping,7,zero_path_input_1_correct,0.9166666666666666,0.3,110.03913878505249,20.906715025828955,0.001050121420289221,4
multi_association_mapping,7,zero_path_input_2_correct,0.9166666666666666,0.3,110.20571453502805,19.278154435739783,0.0009391710916574729,4
multi_association_mapping,7,zero_path_input_3_correct,0.9166666666666666,0.3,110.06539309351103,20.95320134215356,0.0010923137987829843,4
multi_association_mapping,7,zero_path_input_4_correct,0.9166666666666666,0.3,110.23555255203335,18.886811004120176,0.0008485356119301294,4
multi_association_mapping,25,trained,0.9166666666666666,0.3,106.7525122408661,0.0,,4
multi_association_mapping,25,naive_replacement,-0.08333333333333333,0.3,0.0,106.7525122408661,,4
multi_association_mapping,25,zero_all,-0.010416666666666666,0.3,197.82387296371928,233.54603709816698,,4
multi_association_mapping,25,shuffle_magnitudes,-0.02083333333333333,0.3,152.15993460070894,176.27518294977816,,4
multi_association_mapping,25,anti_training_delta,0.8333333333333334,0.3,114.64102877733052,42.7145200906455,,4
multi_association_mapping,25,random_matched_full_trace,0.9166666666666666,0.3,135.85340967958794,97.10305709402297,,4
multi_association_mapping,25,zero_task_path_union,0.9166666666666666,0.3,103.33437994251769,38.55843688581194,0.003734690114478409,4
multi_association_mapping,25,zero_all_task_inputs_outgoing,-0.010416666666666666,0.3,91.90338898669727,89.86146356562224,0.037700055942220125,4
multi_association_mapping,25,zero_all_task_targets_incoming,-0.010416666666666666,0.3,103.17421884905879,87.50668053160399,0.07384216793291934,4
multi_association_mapping,25,random_edge_count_matched_task_path_union,0.9166666666666666,0.3,107.21978205834523,14.563645440395124,0.003734690114478409,4
multi_association_mapping,25,random_distance_matched_task_path_union,0.9166666666666666,0.3,109.72556175123076,38.07165341018703,,4
multi_association_mapping,25,zero_path_input_1_correct,0.9166666666666666,0.3,105.87771226023231,19.559234788831397,0.0009703943770255616,4
multi_association_mapping,25,zero_path_input_2_correct,0.9166666666666666,0.3,106.0151840584542,18.03797122279347,0.0008078806649311035,4
multi_association_mapping,25,zero_path_input_3_correct,0.9166666666666666,0.3,105.7158611480694,21.07343169436434,0.0010704028152375357,4
multi_association_mapping,25,zero_path_input_4_correct,0.9166666666666666,0.3,106.02423394972982,18.29566780254676,0.0008860122572842083,4
multi_association_mapping,6,trained,0.9166666666666666,0.3,106.77139414281265,0.0,,4
multi_association_mapping,6,naive_replacement,-0.07291666666666667,0.3,0.0,106.77139414281265,,4
multi_association_mapping,6,zero_all,-0.010416666666666666,0.3,198.11632643841077,233.9576705743812,,4
multi_association_mapping,6,shuffle_magnitudes,-0.08333333333333333,0.3,152.39489757432654,176.71532427276165,,4
multi_association_mapping,6,anti_training_delta,0.9166666666666666,0.3,114.31581373580936,41.95080822143294,,4
multi_association_mapping,6,random_matched_full_trace,0.9166666666666666,0.3,135.90058595634085,97.11775826214887,,4
multi_association_mapping,6,zero_task_path_union,0.9166666666666666,0.3,103.65615070903716,36.51109069793768,0.00318944124614798,4
multi_association_mapping,6,zero_all_task_inputs_outgoing,-0.08333333333333333,0.3,92.14125243995183,89.69709765628217,0.038299860608447256,4
multi_association_mapping,6,zero_all_task_targets_incoming,-0.010416666666666666,0.3,102.37023527455783,88.61416945241734,0.07229295978897494,4
multi_association_mapping,6,random_edge_count_matched_task_path_union,0.9166666666666666,0.3,107.19222568081813,13.395096372239108,0.00318944124614798,4
multi_association_mapping,6,random_distance_matched_task_path_union,0.9166666666666666,0.3,109.31567737737988,36.09421148987657,,4
multi_association_mapping,6,zero_path_input_1_correct,0.9166666666666666,0.3,105.99126995736431,18.28414587390595,0.0007938442690069446,4
multi_association_mapping,6,zero_path_input_2_correct,0.9166666666666666,0.3,105.84673582569606,19.787126991484257,0.0008782292897281552,4
multi_association_mapping,6,zero_path_input_3_correct,0.9166666666666666,0.3,106.14549538350596,16.832119249008397,0.000745401016370694,4
multi_association_mapping,6,zero_path_input_4_correct,0.9166666666666666,0.3,106.02095273612058,17.997197576978373,0.0007719666710421862,4
multi_association_mapping,30,trained,0.9166666666666666,0.3,105.10456844916537,0.0,,4
multi_association_mapping,30,naive_replacement,-0.08333333333333333,0.3,0.0,105.10456844916537,,4
multi_association_mapping,30,zero_all,-0.08333333333333333,0.3,197.82011270583297,232.71325903077286,,4
multi_association_mapping,30,shuffle_magnitudes,-0.08333333333333333,0.3,151.1503087066144,174.99030936282583,,4
multi_association_mapping,30,anti_training_delta,0.8541666666666666,0.3,113.00379212025915,41.70366579481993,,4
multi_association_mapping,30,random_matched_full_trace,0.9166666666666666,0.3,134.191470638276,95.86742312969163,,4
multi_association_mapping,30,zero_task_path_union,0.9166666666666666,0.3,101.43174566758252,39.42717054340223,0.0036863522146241452,4
multi_association_mapping,30,zero_all_task_inputs_outgoing,-0.08333333333333333,0.3,90.1207133175659,88.12158101636429,0.03539773224487755,4
multi_association_mapping,30,zero_all_task_targets_incoming,-0.08333333333333333,0.3,100.77856711963706,89.47151544613723,0.07388643722418772,4
multi_association_mapping,30,random_edge_count_matched_task_path_union,0.9166666666666666,0.3,105.60122490838457,13.840672338763131,0.0036863522146241452,4
multi_association_mapping,30,random_distance_matched_task_path_union,0.9166666666666666,0.3,108.52247949969943,38.93544266610419,,4
multi_association_mapping,30,zero_path_input_1_correct,0.9166666666666666,0.3,104.08659744383402,20.565134333947405,0.0009610456176319836,4
multi_association_mapping,30,zero_path_input_2_correct,0.9166666666666666,0.3,104.28330455291145,19.047687959105215,0.0009001012613919065,4
multi_association_mapping,30,zero_path_input_3_correct,0.9166666666666666,0.3,104.0715757046033,21.1380451778413,0.0010454301108874747,4
multi_association_mapping,30,zero_path_input_4_correct,0.9166666666666666,0.3,104.35223864527295,17.94284415462945,0.0007797752247127802,4
multi_association_mapping,9,trained,0.9166666666666666,0.3,106.45498420215645,0.0,,4
multi_association_mapping,9,naive_replacement,-0.0625,0.3,0.0,106.45498420215645,,4
multi_association_mapping,9,zero_all,-0.07291666666666667,0.3,198.98063186423545,234.3613074109848,,4
multi_association_mapping,9,shuffle_magnitudes,-0.08333333333333333,0.3,152.8326689720742,176.70317493422593,,4
multi_association_mapping,9,anti_training_delta,0.9166666666666666,0.3,114.33384638184124,42.586898879613706,,4
multi_association_mapping,9,random_matched_full_trace,0.9166666666666666,0.3,135.52931597844028,96.8700288507235,,4
multi_association_mapping,9,zero_task_path_union,0.9166666666666666,0.3,103.25826329589471,38.43336136623756,0.0037550512705918386,4
multi_association_mapping,9,zero_all_task_inputs_outgoing,-0.07291666666666667,0.3,93.81522229014136,88.98116198871182,0.04019920679815857,4
multi_association_mapping,9,zero_all_task_targets_incoming,-0.07291666666666667,0.3,102.32032624521169,88.85507958508252,0.07540730508267988,4
multi_association_mapping,9,random_edge_count_matched_task_path_union,0.9166666666666666,0.3,106.94407308288945,14.061660914399255,0.0037550512705918386,4
multi_association_mapping,9,random_distance_matched_task_path_union,0.9166666666666666,0.3,109.42828907392021,37.95298169751714,,4
multi_association_mapping,9,zero_path_input_1_correct,0.9166666666666666,0.3,105.5638611388709,19.87665353794318,0.0009672812053667699,4
multi_association_mapping,9,zero_path_input_2_correct,0.9166666666666666,0.3,105.58623535936229,19.65784906005508,0.0008922739390378443,4
multi_association_mapping,9,zero_path_input_3_correct,0.9166666666666666,0.3,105.79168908705881,18.266159284323148,0.0009329028749660123,4
multi_association_mapping,9,zero_path_input_4_correct,0.9166666666666666,0.3,105.7175319780313,19.025201848395728,0.0009625932512212121,4
multi_association_mapping,16,trained,0.8333333333333334,0.3,112.52817466291212,0.0,,4
multi_association_mapping,16,naive_replacement,-0.08333333333333333,0.3,0.0,112.52817466291212,,4
multi_association_mapping,16,zero_all,-0.052083333333333336,0.3,198.53419954854522,237.62601620663844,,4
multi_association_mapping,16,shuffle_magnitudes,0.13541666666666669,0.3,156.50815561050328,182.1689067651285,,4
multi_association_mapping,16,anti_training_delta,0.8333333333333334,0.3,119.81137237278267,44.22996949633762,,4
multi_association_mapping,16,random_matched_full_trace,0.875,0.3,142.07196493795178,101.58769272060209,,4
multi_association_mapping,16,zero_task_path_union,0.9166666666666666,0.3,109.15803711679851,39.39295494655385,0.003797189454751722,4
multi_association_mapping,16,zero_all_task_inputs_outgoing,-0.08333333333333333,0.3,97.28289253016902,90.98926503261805,0.03750154309653768,4
multi_association_mapping,16,zero_all_task_targets_incoming,-0.052083333333333336,0.3,106.36801758687427,96.21905891544215,0.08422885020165732,4
multi_association_mapping,16,random_edge_count_matched_task_path_union,0.8333333333333334,0.3,112.99679287673722,14.543806747322138,0.003797189454751722,4
multi_association_mapping,16,random_distance_matched_task_path_union,0.8333333333333334,0.3,115.13611905904236,38.86498081004377,,4
multi_association_mapping,16,zero_path_input_1_correct,0.8333333333333334,0.3,111.56539552236153,21.212357024829725,0.0010969658424838306,4
multi_association_mapping,16,zero_path_input_2_correct,0.8333333333333334,0.3,111.72319548095243,19.054119669594737,0.0008672593199124302,4
multi_association_mapping,16,zero_path_input_3_correct,0.90625,0.3,111.84269408695415,18.948215735484897,0.0010047707075742209,4
multi_association_mapping,16,zero_path_input_4_correct,0.9166666666666666,0.3,111.64922408565515,19.48708425934121,0.0008281935847812397,4
multi_association_mapping,10,trained,0.9166666666666666,0.3,111.90301048411793,0.0,,4
multi_association_mapping,10,naive_replacement,-0.08333333333333333,0.3,0.0,111.90301048411793,,4
multi_association_mapping,10,zero_all,-0.0625,0.3,197.74774718082807,236.63554497291616,,4
multi_association_mapping,10,shuffle_magnitudes,-0.16666666666666666,0.3,155.59478231038213,181.6544473651643,,4
multi_association_mapping,10,anti_training_delta,0.9166666666666666,0.3,119.32321295186625,43.98561596131346,,4
multi_association_mapping,10,random_matched_full_trace,0.9166666666666666,0.3,141.5330682364425,101.1772724402393,,4
multi_association_mapping,10,zero_task_path_union,0.9166666666666666,0.3,108.51079492667213,39.455403268405476,0.003862886288628863,4
multi_association_mapping,10,zero_all_task_inputs_outgoing,-0.08333333333333333,0.3,95.25582079816535,96.60827294443243,0.04179949244924493,4
multi_association_mapping,10,zero_all_task_targets_incoming,-0.0625,0.3,106.99199956503084,87.28955431333513,0.06955226772677267,4
multi_association_mapping,10,random_edge_count_matched_task_path_union,0.9166666666666666,0.3,112.32031446901571,14.897871794555467,0.003862886288628863,4
multi_association_mapping,10,random_distance_matched_task_path_union,0.9166666666666666,0.3,114.56509917878573,38.91738552320438,,4
multi_association_mapping,10,zero_path_input_1_correct,0.9166666666666666,0.3,110.91844430561933,21.22030062257195,0.001071982198219822,4
multi_association_mapping,10,zero_path_input_2_correct,0.9166666666666666,0.3,111.06518383899878,19.429162482503546,0.0009000900090009,4
multi_association_mapping,10,zero_path_input_3_correct,0.9166666666666666,0.3,111.1505818861323,18.975033680402877,0.0009297804780478047,4
multi_association_mapping,10,zero_path_input_4_correct,0.9166666666666666,0.3,111.12432532910577,19.206338292767494,0.000961033603360336,4
multi_association_mapping,23,trained,0.9166666666666666,0.3,112.090154901007,0.0,,4
multi_association_mapping,23,naive_replacement,-0.0625,0.3,0.0,112.090154901007,,4
multi_association_mapping,23,zero_all,-0.041666666666666664,0.3,197.64163643052976,236.5632011357339,,4
multi_association_mapping,23,shuffle_magnitudes,0.16666666666666669,0.3,155.48661377252796,181.24882066781822,,4
multi_association_mapping,23,anti_training_delta,0.75,0.3,120.03577415945773,44.76809707196824,,4
multi_association_mapping,23,random_matched_full_trace,0.9166666666666666,0.3,141.5584005507765,101.19786767815067,,4
multi_association_mapping,23,zero_task_path_union,0.9166666666666666,0.3,108.6179370439785,40.42329324381295,0.004308216395287058,4
multi_association_mapping,23,zero_all_task_inputs_outgoing,-0.08333333333333333,0.3,95.8507579652078,95.03304955263927,0.04209613401256368,4
multi_association_mapping,23,zero_all_task_targets_incoming,-0.041666666666666664,0.3,107.36387007500215,89.15369669905611,0.07453667531331062,4
multi_association_mapping,23,random_edge_count_matched_task_path_union,0.9166666666666666,0.3,112.63401784710753,15.38061949186428,0.004308216395287058,4
multi_association_mapping,23,random_distance_matched_task_path_union,0.875,0.3,114.95391916727495,39.847553631531305,,4
multi_association_mapping,23,zero_path_input_1_correct,0.9166666666666666,0.3,111.05117262610655,22.484812571740562,0.0013766915648342033,4
multi_association_mapping,23,zero_path_input_2_correct,0.9166666666666666,0.3,111.15840920739481,20.810473888570762,0.0010719754977029097,4
multi_association_mapping,23,zero_path_input_3_correct,0.9166666666666666,0.3,111.38203046086569,18.840739548069312,0.000995405819295559,4
multi_association_mapping,23,zero_path_input_4_correct,0.9166666666666666,0.3,111.33711481867917,18.45065175282225,0.0008641435134543864,4
multi_association_mapping,27,trained,0.9166666666666666,0.3,111.14984055530824,0.0,,4
multi_association_mapping,27,naive_replacement,-0.08333333333333333,0.3,0.0,111.14984055530824,,4
multi_association_mapping,27,zero_all,-0.041666666666666664,0.3,198.3929181354347,236.81126681849332,,4
multi_association_mapping,27,shuffle_magnitudes,0.13541666666666669,0.3,155.38019252984137,181.05982761351663,,4
multi_association_mapping,27,anti_training_delta,0.9166666666666666,0.3,118.30440676484577,43.4164912944348,,4
multi_association_mapping,27,random_matched_full_trace,0.9166666666666666,0.3,140.56893604974,100.50674723286483,,4
multi_association_mapping,27,zero_task_path_union,0.8854166666666666,0.3,107.68006462322624,39.5865299802395,0.003933242698420139,4
multi_association_mapping,27,zero_all_task_inputs_outgoing,-0.08333333333333333,0.3,95.21919022825,94.88829608156192,0.0420014689106621,4
multi_association_mapping,27,zero_all_task_targets_incoming,-0.041666666666666664,0.3,106.05440311771244,92.75260761768102,0.07825543418811433,4
multi_association_mapping,27,random_edge_count_matched_task_path_union,0.9166666666666666,0.3,111.60352811544881,14.925044135716202,0.003933242698420139,4
multi_association_mapping,27,random_distance_matched_task_path_union,0.9166666666666666,0.3,113.95141658721674,39.03872221392366,,4
multi_association_mapping,27,zero_path_input_1_correct,0.9166666666666666,0.3,110.2341738614489,20.511484707700316,0.0010813682746550403,4
multi_association_mapping,27,zero_path_input_2_correct,0.9166666666666666,0.3,110.25498364079162,19.809242629727763,0.0009860453487100151,4
multi_association_mapping,27,zero_path_input_3_correct,0.8854166666666666,0.3,110.33076995990933,20.071836641728037,0.0010391761598924883,4
multi_association_mapping,27,zero_path_input_4_correct,0.9166666666666666,0.3,110.35055133156207,18.737332553662405,0.0008266529151625959,4
multi_association_mapping,13,trained,0.8333333333333334,0.3,111.9887221747586,0.0,,4
multi_association_mapping,13,naive_replacement,-0.08333333333333333,0.3,0.0,111.9887221747586,,4
multi_association_mapping,13,zero_all,-0.07291666666666667,0.3,197.93382057371497,236.67741715451655,,4
multi_association_mapping,13,shuffle_magnitudes,-0.08333333333333333,0.3,155.71987518216775,181.5439482829727,,4
multi_association_mapping,13,anti_training_delta,0.84375,0.3,119.34370341112434,44.380850212089356,,4
multi_association_mapping,13,random_matched_full_trace,0.84375,0.3,141.47631302038369,101.20136205083965,,4
multi_association_mapping,13,zero_task_path_union,0.8333333333333334,0.3,108.285550654757,41.56906449040435,0.004295708510628323,4
multi_association_mapping,13,zero_all_task_inputs_outgoing,-0.08333333333333333,0.3,96.67020572642491,94.15571377635611,0.04119754789894693,4
multi_association_mapping,13,zero_all_task_targets_incoming,-0.07291666666666667,0.3,106.41944280762867,94.4746715546049,0.08146219729631325,4
multi_association_mapping,13,random_edge_count_matched_task_path_union,0.8333333333333334,0.3,112.52578172836871,15.308394263375993,0.004295708510628323,4
multi_association_mapping,13,random_distance_matched_task_path_union,0.8333333333333334,0.3,115.11808919795162,40.95430427486266,,4
multi_association_mapping,13,zero_path_input_1_correct,0.8333333333333334,0.3,110.74239173380862,24.447847625395028,0.001498575649942729,4
multi_association_mapping,13,zero_path_input_2_correct,0.8333333333333334,0.3,111.14804293699622,20.19305769345461,0.0010610353141930272,4
multi_association_mapping,13,zero_path_input_3_correct,0.8333333333333334,0.3,111.0867452555638,20.251280067395772,0.0009860283994930783,4
multi_association_mapping,13,zero_path_input_4_correct,0.8333333333333334,0.3,111.32004498959986,17.67529195553995,0.000750069146999489,4
multi_association_mapping,11,trained,0.9166666666666666,0.3,110.43839192723738,0.0,,4
multi_association_mapping,11,naive_replacement,-0.08333333333333333,0.3,0.0,110.43839192723738,,4
multi_association_mapping,11,zero_all,0.0,0.3,198.23302733125095,236.1955974843434,,4
multi_association_mapping,11,shuffle_magnitudes,-0.08333333333333333,0.3,154.69944327980653,179.83671538439867,,4
multi_association_mapping,11,anti_training_delta,0.9166666666666666,0.3,118.49039018355258,43.895937372712446,,4
multi_association_mapping,11,random_matched_full_trace,0.9166666666666666,0.3,139.82063630580492,99.88947743294682,,4
multi_association_mapping,11,zero_task_path_union,0.9166666666666666,0.3,106.75247533687286,40.570513046035046,0.004039422261045125,4
multi_association_mapping,11,zero_all_task_inputs_outgoing,-0.07291666666666667,0.3,95.27636626964495,91.45678127609571,0.038401857665448326,4
multi_association_mapping,11,zero_all_task_targets_incoming,0.0,0.3,106.64030700846614,91.4370088540895,0.08196823779617872,4
multi_association_mapping,11,random_edge_count_matched_task_path_union,0.9166666666666666,0.3,110.9101855069572,15.199257167809758,0.004039422261045125,4
multi_association_mapping,11,random_distance_matched_task_path_union,0.9166666666666666,0.3,113.5861478293331,40.00133008396168,,4
multi_association_mapping,11,zero_path_input_1_correct,0.9166666666666666,0.3,109.46278185987914,20.61099396297136,0.001003214348777938,4
multi_association_mapping,11,zero_path_input_2_correct,0.9166666666666666,0.3,109.58843860079845,19.686371032448672,0.0009313329468405779,4
multi_association_mapping,11,zero_path_input_3_correct,0.9166666666666666,0.3,109.21661120534786,23.67568626742843,0.0014048126161236235,4
multi_association_mapping,11,zero_path_input_4_correct,0.9166666666666666,0.3,109.84539851230612,16.52459173522676,0.0007000623493029848,4
multi_association_mapping,28,trained,0.9166666666666666,0.3,111.61472666879075,0.0,,4
multi_association_mapping,28,naive_replacement,-0.08333333333333333,0.3,0.0,111.61472666879075,,4
multi_association_mapping,28,zero_all,-0.08333333333333333,0.3,198.11049737916687,236.98358039230902,,4
multi_association_mapping,28,shuffle_magnitudes,0.3541666666666667,0.3,155.6303745354647,181.41627887257394,,4
multi_association_mapping,28,anti_training_delta,0.8958333333333334,0.3,119.40335438960908,43.681868793772665,,4
multi_association_mapping,28,random_matched_full_trace,0.9166666666666666,0.3,141.0794808791366,100.84054984444177,,4
multi_association_mapping,28,zero_task_path_union,0.9166666666666666,0.3,108.51201750269279,37.56916171722169,0.003397129784733855,4
multi_association_mapping,28,zero_all_task_inputs_outgoing,-0.07291666666666667,0.3,95.89051348730911,92.85727327507384,0.03870290271770383,4
multi_association_mapping,28,zero_all_task_targets_incoming,-0.08333333333333333,0.3,105.64919874948764,93.30172234968107,0.07773864289821737,4
multi_association_mapping,28,random_edge_count_matched_task_path_union,0.9166666666666666,0.3,112.03361827725938,13.542788619135923,0.003397129784733855,4
multi_association_mapping,28,random_distance_matched_task_path_union,0.9166666666666666,0.3,114.00841924393592,37.09745988697671,,4
multi_association_mapping,28,zero_path_input_1_correct,0.9166666666666666,0.3,110.65512733545513,20.76523907456844,0.0010235142635697677,4
multi_association_mapping,28,zero_path_input_2_correct,0.9166666666666666,0.3,110.88863456708438,18.378627131217208,0.0007797459809485712,4
multi_association_mapping,28,zero_path_input_3_correct,0.9166666666666666,0.3,110.69564431207003,20.320795461166107,0.0009922619196439733,4
multi_association_mapping,28,zero_path_input_4_correct,0.9166666666666666,0.3,111.1486725926532,15.150514674687102,0.0006016076205715428,4
multi_association_mapping,14,trained,0.9166666666666666,0.3,113.38892572031786,0.0,,4
multi_association_mapping,14,naive_replacement,-0.08333333333333333,0.3,0.0,113.38892572031786,,4
multi_association_mapping,14,zero_all,-0.07291666666666667,0.3,197.17636169138558,237.21677518688807,,4
multi_association_mapping,14,shuffle_magnitudes,0.19791666666666669,0.3,156.0105280652996,182.51487119291508,,4
multi_association_mapping,14,anti_training_delta,0.8333333333333334,0.3,120.47041200450406,44.0266507363219,,4
multi_association_mapping,14,random_matched_full_trace,0.9166666666666666,0.3,143.00744426603393,102.15910264806388,,4
multi_association_mapping,14,zero_task_path_union,0.9166666666666666,0.3,110.19446650802757,39.06114077633985,0.003797177587589011,4
multi_association_mapping,14,zero_all_task_inputs_outgoing,-0.08333333333333333,0.3,97.37860008505167,94.6849206185299,0.04120015813760159,4
multi_association_mapping,14,zero_all_task_targets_incoming,-0.07291666666666667,0.3,107.33649828602402,95.96424939589215,0.08287535412978221,4
multi_association_mapping,14,random_edge_count_matched_task_path_union,0.9166666666666666,0.3,113.8465173937419,14.453696894308973,0.003797177587589011,4
multi_association_mapping,14,random_distance_matched_task_path_union,0.9166666666666666,0.3,115.84555031670519,38.52404583235513,,4
multi_association_mapping,14,zero_path_input_1_correct,0.9166666666666666,0.3,112.51547143495779,19.986373197760873,0.00092663634133345,4
multi_association_mapping,14,zero_path_input_2_correct,0.9166666666666666,0.3,112.70876831609208,19.446654781021465,0.0010547715521080586,4
multi_association_mapping,14,zero_path_input_3_correct,0.9166666666666666,0.3,112.4537155815473,20.376857077937647,0.0009766403260259803,4
multi_association_mapping,14,zero_path_input_4_correct,0.9166666666666666,0.3,112.71703492088159,18.24633986864059,0.0008391293681215222,4
multi_association_mapping,19,trained,0.8333333333333334,0.3,116.80039110071431,0.0,,4
multi_association_mapping,19,naive_replacement,-0.08333333333333333,0.3,0.0,116.80039110071431,,4
multi_association_mapping,19,zero_all,-0.08333333333333333,0.3,197.65043296897045,240.0487944147264,,4
multi_association_mapping,19,shuffle_magnitudes,0.13541666666666669,0.3,158.37060480042712,186.0869235075188,,4
multi_association_mapping,19,anti_training_delta,0.75,0.3,124.55815372466988,45.14014462029979,,4
multi_association_mapping,19,random_matched_full_trace,0.8333333333333334,0.3,146.69490663042316,104.73151156997253,,4
multi_association_mapping,19,zero_task_path_union,0.8333333333333334,0.3,113.39020305112554,39.986595269118915,0.003916047198838625,4
multi_association_mapping,19,zero_all_task_inputs_outgoing,-0.08333333333333333,0.3,97.93725312411088,101.34480388629562,0.044298525934827346,4
multi_association_mapping,19,zero_all_task_targets_incoming,-0.08333333333333333,0.3,110.92197416213169,91.1940581727983,0.07016850254168028,4
multi_association_mapping,19,random_edge_count_matched_task_path_union,0.8333333333333334,0.3,117.16347427158368,15.794611120065536,0.003916047198838625,4
multi_association_mapping,19,random_distance_matched_task_path_union,0.8333333333333334,0.3,119.20279793569769,39.391904002992014,,4
multi_association_mapping,19,zero_path_input_1_correct,0.8333333333333334,0.3,115.51160161701333,24.265700652891226,0.0013345188778165146,4
multi_association_mapping,19,zero_path_input_2_correct,0.8333333333333334,0.3,116.08262152435282,18.45102991463127,0.0008938463678115297,4
multi_association_mapping,19,zero_path_input_3_correct,0.8333333333333334,0.3,116.08286304008072,18.6918624925405,0.0008844703569603598,4
multi_association_mapping,19,zero_path_input_4_correct,0.8333333333333334,0.3,116.1507469288901,17.89629416080148,0.0008032115962502207,4
multi_association_mapping,24,trained,0.9166666666666666,0.3,111.65744086993388,0.0,,4
multi_association_mapping,24,naive_replacement,-0.07291666666666667,0.3,0.0,111.65744086993388,,4
multi_association_mapping,24,zero_all,-0.08333333333333333,0.3,197.71883598779013,236.71170733076724,,4
multi_association_mapping,24,shuffle_magnitudes,0.4166666666666667,0.3,155.3256249456436,181.48835984229916,,4
multi_association_mapping,24,anti_training_delta,0.8333333333333334,0.3,119.08689944219566,43.429580092617876,,4
multi_association_mapping,24,random_matched_full_trace,0.9166666666666666,0.3,141.29094221046483,100.91204007486829,,4
multi_association_mapping,24,zero_task_path_union,0.9166666666666666,0.3,108.37861314272695,39.103165651032846,0.00387380672220321,4
multi_association_mapping,24,zero_all_task_inputs_outgoing,-0.08333333333333333,0.3,96.12704353010618,93.59400353131994,0.039800668501216524,4
multi_association_mapping,24,zero_all_task_targets_incoming,-0.08333333333333333,0.3,107.39966778673664,91.24572368165538,0.0771073492942296,4
multi_association_mapping,24,random_edge_count_matched_task_path_union,0.9166666666666666,0.3,112.13320273772254,14.36125682837226,0.00387380672220321,4
multi_association_mapping,24,random_distance_matched_task_path_union,0.9166666666666666,0.3,114.33407609629431,38.57003733877947,,4
multi_association_mapping,24,zero_path_input_1_correct,0.9166666666666666,0.3,110.63258563276791,21.913206789876654,0.0012048023327223376,4
multi_association_mapping,24,zero_path_input_2_correct,0.9166666666666666,0.3,111.0979026065925,16.0203851305772,0.0006688137463101952,4
multi_association_mapping,24,zero_path_input_3_correct,0.9166666666666666,0.3,110.6274901358489,21.75927082307194,0.0011532349177030936,4
multi_association_mapping,24,zero_path_input_4_correct,0.9166666666666666,0.3,111.02847180104848,17.85358019088636,0.0008469557254675836,4
multi_association_mapping,8,trained,0.8541666666666666,0.3,109.7989617579983,0.0,,4
multi_association_mapping,8,naive_replacement,-0.08333333333333333,0.3,0.0,109.7989617579983,,4
multi_association_mapping,8,zero_all,-0.07291666666666667,0.3,198.54477957679563,236.1060643408657,,4
multi_association_mapping,8,shuffle_magnitudes,0.3541666666666667,0.3,154.37269181527435,179.55806902974766,,4
multi_association_mapping,8,anti_training_delta,0.75,0.3,117.37517544142055,42.92309123763528,,4
multi_association_mapping,8,random_matched_full_trace,0.8541666666666666,0.3,139.26093905589397,99.43805007099095,,4
multi_association_mapping,8,zero_task_path_union,0.8541666666666666,0.3,106.05373638767009,39.94139718480711,0.0038972647264726473,4
multi_association_mapping,8,zero_all_task_inputs_outgoing,-0.08333333333333333,0.3,93.22278526436428,93.96120741930048,0.04070094509450945,4
multi_association_mapping,8,zero_all_task_targets_incoming,-0.07291666666666667,0.3,103.64021479596398,89.63003246398564,0.06924286178617861,4
multi_association_mapping,8,random_edge_count_matched_task_path_union,0.8541666666666666,0.3,110.25583919535129,15.032530745530773,0.0038972647264726473,4
multi_association_mapping,8,random_distance_matched_task_path_union,0.84375,0.3,112.87867421287048,39.39281462238568,,4
multi_association_mapping,8,zero_path_input_1_correct,0.8541666666666666,0.3,108.61838724485222,22.357986862707378,0.001132925792579258,4
multi_association_mapping,8,zero_path_input_2_correct,0.8541666666666666,0.3,108.81552981057496,20.422651481448394,0.0010672942294229423,4
multi_association_mapping,8,zero_path_input_3_correct,0.8541666666666666,0.3,108.98829881205846,18.82217504150822,0.000886026102610261,4
multi_association_mapping,8,zero_path_input_4_correct,0.8541666666666666,0.3,109.07615760381914,18.002129476693586,0.000811018601860186,4
multi_association_mapping,32,trained,0.84375,0.3,110.11520648091913,0.0,,4
multi_association_mapping,32,naive_replacement,-0.08333333333333333,0.3,0.0,110.11520648091913,,4
multi_association_mapping,32,zero_all,-0.041666666666666664,0.3,198.48618538779345,236.23031541000745,,4
multi_association_mapping,32,shuffle_magnitudes,-0.08333333333333333,0.3,154.54218750096683,179.9498180648403,,4
multi_association_mapping,32,anti_training_delta,0.9166666666666666,0.3,117.23882343065854,42.71865636750995,,4
multi_association_mapping,32,random_matched_full_trace,0.84375,0.3,139.6016379346674,99.75703254895458,,4
multi_association_mapping,32,zero_task_path_union,0.84375,0.3,106.96489178948262,38.66913609268187,0.0038175394294161493,4
multi_association_mapping,32,zero_all_task_inputs_outgoing,-0.08333333333333333,0.3,95.0432188399562,94.99667331829853,0.043599331813401546,4
multi_association_mapping,32,zero_all_task_targets_incoming,-0.041666666666666664,0.3,105.0823692723499,90.5646814042947,0.07487096466705524,4
multi_association_mapping,32,random_edge_count_matched_task_path_union,0.84375,0.3,110.56971052916163,14.659382568493342,0.0038175394294161493,4
multi_association_mapping,32,random_distance_matched_task_path_union,0.84375,0.3,112.85226134775817,38.18031191535854,,4
multi_association_mapping,32,zero_path_input_1_correct,0.84375,0.3,109.09821409891543,21.659575755996382,0.0011751083302991995,4
multi_association_mapping,32,zero_path_input_2_correct,0.84375,0.3,109.28445899527578,19.904591474949736,0.0009750898910993358,4
multi_association_mapping,32,zero_path_input_3_correct,0.84375,0.3,109.50296456240126,17.953862688284453,0.0009000829763993869,4
multi_association_mapping,32,zero_path_input_4_correct,0.84375,0.3,109.45844702499976,17.539410395169824,0.0007672582316182274,4
multi_association_mapping,21,trained,0.9166666666666666,0.3,111.2316629875706,0.0,,4
multi_association_mapping,21,naive_replacement,-0.08333333333333333,0.3,0.0,111.2316629875706,,4
multi_association_mapping,21,zero_all,-0.07291666666666667,0.3,198.4164465083256,237.00710638822085,,4
multi_association_mapping,21,shuffle_magnitudes,0.16666666666666669,0.3,155.3056246358661,180.9893809062577,,4
multi_association_mapping,21,anti_training_delta,0.9166666666666666,0.3,119.36114277105699,43.903329767540136,,4
multi_association_mapping,21,random_matched_full_trace,0.9166666666666666,0.3,140.81116945154506,100.60477172494853,,4
multi_association_mapping,21,zero_task_path_union,0.9166666666666666,0.3,107.59316133692494,40.58493322332398,0.0040114138553953285,4
multi_association_mapping,21,zero_all_task_inputs_outgoing,-0.08333333333333333,0.3,94.9639573126055,94.04381724136113,0.03930310474368831,4
multi_association_mapping,21,zero_all_task_targets_incoming,-0.07291666666666667,0.3,105.61038503412267,91.83878789903112,0.07509485501403292,4
multi_association_mapping,21,random_edge_count_matched_task_path_union,0.9166666666666666,0.3,111.71353361431864,15.21713636834592,0.0040114138553953285,4
multi_association_mapping,21,random_distance_matched_task_path_union,0.9166666666666666,0.3,114.29854290030667,40.01722804146968,,4
multi_association_mapping,21,zero_path_input_1_correct,0.9166666666666666,0.3,109.94845590757183,23.83849458907618,0.001353285702677193,4
multi_association_mapping,21,zero_path_input_2_correct,0.9166666666666666,0.3,110.40567028713234,20.096926486677372,0.0010016814496721486,4
multi_association_mapping,21,zero_path_input_3_correct,0.9166666666666666,0.3,110.49408679962853,18.501609745005254,0.0008469755783499291,4
multi_association_mapping,21,zero_path_input_4_correct,0.9166666666666666,0.3,110.48402017360216,18.239160153386017,0.0008094711246960577,4
multi_association_mapping,12,trained,0.9166666666666666,0.3,114.63668510933272,0.0,,4
multi_association_mapping,12,naive_replacement,-0.08333333333333333,0.3,0.0,114.63668510933272,,4
multi_association_mapping,12,zero_all,-0.0625,0.3,198.22311648808667,239.03281029955068,,4
multi_association_mapping,12,shuffle_magnitudes,0.19791666666666669,0.3,157.45139639350268,184.14921259304532,,4
multi_association_mapping,12,anti_training_delta,0.9166666666666666,0.3,122.43015728892955,44.67656216757952,,4
multi_association_mapping,12,random_matched_full_trace,0.9166666666666666,0.3,144.48734426124986,103.126980597625,,4
multi_association_mapping,12,zero_task_path_union,0.9166666666666666,0.3,111.11477792083983,40.71051433170119,0.0041253867550082824,4
multi_association_mapping,12,zero_all_task_inputs_outgoing,-0.08333333333333333,0.3,98.00999642003148,96.06126262439739,0.04189767790730381,4
multi_association_mapping,12,zero_all_task_targets_incoming,-0.0625,0.3,109.83908301516374,89.54688062019189,0.07370691002281464,4
multi_association_mapping,12,random_edge_count_matched_task_path_union,0.9166666666666666,0.3,115.12212877499128,15.470493250239103,0.0041253867550082824,4
multi_association_mapping,12,random_distance_matched_task_path_union,0.9166666666666666,0.3,117.39229004796005,40.107200816896516,,4
multi_association_mapping,12,zero_path_input_1_correct,0.9166666666666666,0.3,113.53445724807877,22.6822126769696,0.0012188642685251742,4
multi_association_mapping,12,zero_path_input_2_correct,0.9166666666666666,0.3,113.55780051029197,22.448870786172208,0.0012298027940119386,4
multi_association_mapping,12,zero_path_input_3_correct,0.9166666666666666,0.3,114.0373628601458,17.59334197387816,0.0008438291089789667,4
multi_association_mapping,12,zero_path_input_4_correct,0.9166666666666666,0.3,113.93522468279433,18.14898685448554,0.0008328905834922024,4
multi_association_mapping,15,trained,0.8958333333333334,0.3,115.33354212139567,0.0,,4
multi_association_mapping,15,naive_replacement,-0.08333333333333333,0.3,0.0,115.33354212139567,,4
multi_association_mapping,15,zero_all,-0.020833333333333332,0.3,197.58557843970257,238.892203991512,,4
multi_association_mapping,15,shuffle_magnitudes,0.19791666666666669,0.3,157.64118025715314,184.63945197601484,,4
multi_association_mapping,15,anti_training_delta,0.8333333333333334,0.3,123.44829820470174,45.38631022666634,,4
multi_association_mapping,15,random_matched_full_trace,0.9166666666666666,0.3,145.13498760107538,103.65311144654362,,4
multi_association_mapping,15,zero_task_path_union,0.9166666666666666,0.3,112.00509827138399,39.936303045934096,0.003998787393896966,4
multi_association_mapping,15,zero_all_task_inputs_outgoing,-0.08333333333333333,0.3,98.41138812641888,97.32577735751806,0.04209899616216419,4
multi_association_mapping,15,zero_all_task_targets_incoming,-0.020833333333333332,0.3,109.10817017286234,92.04281886356378,0.07371113722450715,4
multi_association_mapping,15,random_edge_count_matched_task_path_union,0.8958333333333334,0.3,115.78578866361191,14.919161775058242,0.003998787393896966,4
multi_association_mapping,15,random_distance_matched_task_path_union,0.9166666666666666,0.3,117.83022957474786,39.35987993111915,,4
multi_association_mapping,15,zero_path_input_1_correct,0.8958333333333334,0.3,114.43885595261786,21.269212532238736,0.0011563511807283137,4
multi_association_mapping,15,zero_path_input_2_correct,0.8958333333333334,0.3,114.55118515868988,19.134869217381485,0.0009141424874676534,4
multi_association_mapping,15,zero_path_input_3_correct,0.9166666666666666,0.3,114.36344954618637,20.89377558229951,0.0010047754178490618,4
multi_association_mapping,15,zero_path_input_4_correct,0.9166666666666666,0.3,114.6882534895272,18.43463645384293,0.000923518307851937,4
multi_association_mapping,29,trained,0.9166666666666666,0.3,111.1799903997017,0.0,,4
multi_association_mapping,29,naive_replacement,-0.08333333333333333,0.3,0.0,111.1799903997017,,4
multi_association_mapping,29,zero_all,-0.08333333333333333,0.3,197.9863960447166,236.6216875871108,,4
multi_association_mapping,29,shuffle_magnitudes,-0.08333333333333333,0.3,155.0810874992122,181.05884391482945,,4
multi_association_mapping,29,anti_training_delta,0.9166666666666666,0.3,118.53769050429904,43.2447811017487,,4
multi_association_mapping,29,random_matched_full_trace,0.9166666666666666,0.3,140.71303630220018,100.53827708297719,,4
multi_association_mapping,29,zero_task_path_union,0.9166666666666666,0.3,107.40344495337298,41.31451260120739,0.004139547603234754,4
multi_association_mapping,29,zero_all_task_inputs_outgoing,-0.08333333333333333,0.3,95.01909343622943,95.60131912871691,0.04209868343946556,4
multi_association_mapping,29,zero_all_task_targets_incoming,-0.08333333333333333,0.3,105.74212040159766,92.74736424656211,0.07824198148220494,4
multi_association_mapping,29,random_edge_count_matched_task_path_union,0.9166666666666666,0.3,111.67271784126561,14.991608976526269,0.004139547603234754,4
multi_association_mapping,29,random_distance_matched_task_path_union,0.9166666666666666,0.3,114.40567511108053,40.72665529313926,,4
multi_association_mapping,29,zero_path_input_1_correct,0.9166666666666666,0.3,110.10346046589645,22.036924506086766,0.0011501347814196975,4
multi_association_mapping,29,zero_path_input_2_correct,0.9166666666666666,0.3,110.09910107956448,22.085524688887883,0.0011829511270852052,4
multi_association_mapping,29,zero_path_input_3_correct,0.9166666666666666,0.3,110.51631432974004,17.950580165670797,0.0008469742547954839,4
multi_association_mapping,29,zero_path_input_4_correct,0.9166666666666666,0.3,110.27253051219155,20.279772698940857,0.0009594874399343673,4
multi_association_mapping,20,trained,0.8333333333333334,0.3,111.46701047266421,0.0,,4
multi_association_mapping,20,naive_replacement,-0.08333333333333333,0.3,0.0,111.46701047266421,,4
multi_association_mapping,20,zero_all,-0.041666666666666664,0.3,198.36968287647565,237.157753897724,,4
multi_association_mapping,20,shuffle_magnitudes,-0.08333333333333333,0.3,155.50475632779953,181.03854986072454,,4
multi_association_mapping,20,anti_training_delta,0.9166666666666666,0.3,119.52556746080829,43.7719929277245,,4
multi_association_mapping,20,random_matched_full_trace,0.8333333333333334,0.3,141.14507961670554,100.85560418146362,,4
multi_association_mapping,20,zero_task_path_union,0.8333333333333334,0.3,107.8545286645351,40.43861467094073,0.004011388781237889,4
multi_association_mapping,20,zero_all_task_inputs_outgoing,-0.08333333333333333,0.3,95.48027292262138,93.52682765984764,0.03929973372004351,4
multi_association_mapping,20,zero_all_task_targets_incoming,-0.041666666666666664,0.3,106.82770328050152,91.47384981840996,0.0776431098498581,4
multi_association_mapping,20,random_edge_count_matched_task_path_union,0.8333333333333334,0.3,111.98062812208018,14.903913147406595,0.004011388781237889,4
multi_association_mapping,20,random_distance_matched_task_path_union,0.8333333333333334,0.3,114.51619707268216,39.86850625817173,,4
multi_association_mapping,20,zero_path_input_1_correct,0.8333333333333334,0.3,110.48996151797431,21.226361896658926,0.0011126251703316623,4
multi_association_mapping,20,zero_path_input_2_correct,0.8333333333333334,0.3,110.74817297956156,17.959061469983876,0.0008157167681364153,4
multi_association_mapping,20,zero_path_input_3_correct,0.8333333333333334,0.3,110.55332878255794,20.325239452969466,0.0009985498368566463,4
multi_association_mapping,20,zero_path_input_4_correct,0.8333333333333334,0.3,110.50816578483892,21.19150465242341,0.0010844970059131652,4
multi_association_mapping,4,trained,0.9166666666666666,0.3,111.40744422845457,0.0,,4
multi_association_mapping,4,naive_replacement,-0.08333333333333333,0.3,0.0,111.40744422845457,,4
multi_association_mapping,4,zero_all,-0.08333333333333333,0.3,197.98112228231966,236.48930388481276,,4
multi_association_mapping,4,shuffle_magnitudes,-0.08333333333333333,0.3,155.24522497970955,180.80967217896745,,4
multi_association_mapping,4,anti_training_delta,0.8333333333333334,0.3,119.48644117194375,44.76332181475533,,4
multi_association_mapping,4,random_matched_full_trace,0.9166666666666666,0.3,140.93340315280446,100.71555302716342,,4
multi_association_mapping,4,zero_task_path_union,0.9166666666666666,0.3,107.75205682676749,40.91947218893848,0.0042363346563740354,4
multi_association_mapping,4,zero_all_task_inputs_outgoing,-0.08333333333333333,0.3,95.68138481409187,95.67668114410634,0.043599399943744725,4
multi_association_mapping,4,zero_all_task_targets_incoming,-0.08333333333333333,0.3,107.22029913700105,90.51582621513602,0.07624464793574398,4
multi_association_mapping,4,random_edge_count_matched_task_path_union,0.9166666666666666,0.3,111.94327871750421,15.157502959124448,0.0042363346563740354,4
multi_association_mapping,4,random_distance_matched_task_path_union,0.9166666666666666,0.3,114.44922634062013,40.32749618634387,,4
multi_association_mapping,4,zero_path_input_1_correct,0.9166666666666666,0.3,110.49036203514608,20.62101029654519,0.0010719754977029097,4
multi_association_mapping,4,zero_path_input_2_correct,0.9166666666666666,0.3,110.38594235691984,22.061589441220956,0.0012438666124949215,4
multi_association_mapping,4,zero_path_input_3_correct,0.9166666666666666,0.3,110.68309024418734,18.842788200071663,0.0009735287683220302,4
multi_association_mapping,4,zero_path_input_4_correct,0.9166666666666666,0.3,110.46012312260824,20.18446785885957,0.0009469637778541739,4
multi_association_mapping,5,trained,0.9166666666666666,0.3,112.85491756972037,0.0,,4
multi_association_mapping,5,naive_replacement,-0.08333333333333333,0.3,0.0,112.85491756972037,,4
multi_association_mapping,5,zero_all,-0.0625,0.3,196.96589655845096,236.72663902842018,,4
multi_association_mapping,5,shuffle_magnitudes,-0.08333333333333333,0.3,155.55852217603353,181.73900613253196,,4
multi_association_mapping,5,anti_training_delta,0.8854166666666666,0.3,121.17076864491249,44.963410944555235,,4
multi_association_mapping,5,random_matched_full_trace,0.9166666666666666,0.3,142.48972757972618,101.83012003257478,,4
multi_association_mapping,5,zero_task_path_union,0.9166666666666666,0.3,109.75531257403657,38.12415964269206,0.0037644683567447114,4
multi_association_mapping,5,zero_all_task_inputs_outgoing,-0.08333333333333333,0.3,96.61205263326032,94.28194555130042,0.04019027051353974,4
multi_association_mapping,5,zero_all_task_targets_incoming,-0.0625,0.3,108.20988846734464,87.64606201574914,0.07341572763313545,4
multi_association_mapping,5,random_edge_count_matched_task_path_union,0.9166666666666666,0.3,113.28938724231529,14.352810448174933,0.0037644683567447114,4
multi_association_mapping,5,random_distance_matched_task_path_union,0.9166666666666666,0.3,115.22385230677284,37.63437727559401,,4
multi_association_mapping,5,zero_path_input_1_correct,0.9166666666666666,0.3,112.11386720777814,19.196254357007568,0.0009407264220673791,4
multi_association_mapping,5,zero_path_input_2_correct,0.9166666666666666,0.3,112.1713487373772,17.9071012909494,0.0008110249386261957,4
multi_association_mapping,5,zero_path_input_3_correct,0.9166666666666666,0.3,111.91762881378506,20.329657653294863,0.0010172971773519332,4
multi_association_mapping,5,zero_path_input_4_correct,0.9166666666666666,0.3,112.14918439330636,18.734890183239564,0.0009954198186992035,4
multi_association_mapping,22,trained,0.8333333333333334,0.3,115.27056488632397,0.0,,4
multi_association_mapping,22,naive_replacement,-0.08333333333333333,0.3,0.0,115.27056488632397,,4
multi_association_mapping,22,zero_all,-0.041666666666666664,0.3,197.4919267063832,238.48828114914633,,4
multi_association_mapping,22,shuffle_magnitudes,-0.16666666666666666,0.3,157.4267867607126,184.32249951186014,,4
multi_association_mapping,22,anti_training_delta,0.75,0.3,121.85970969357855,44.7593312962968,,4
multi_association_mapping,22,random_matched_full_trace,0.8333333333333334,0.3,144.87976906704498,103.62185483027588,,4
multi_association_mapping,22,zero_task_path_union,0.8333333333333334,0.3,111.90223635445827,39.956472956438574,0.0040612738242385696,4
multi_association_mapping,22,zero_all_task_inputs_outgoing,-0.08333333333333333,0.3,100.31178434508737,94.54810519953038,0.04230037800005313,4
multi_association_mapping,22,zero_all_task_targets_incoming,-0.041666666666666664,0.3,107.67706486378492,95.10580387448465,0.07891903548262591,4
multi_association_mapping,22,random_edge_count_matched_task_path_union,0.8333333333333334,0.3,115.724055505082,15.387921207694003,0.0040612738242385696,4
multi_association_mapping,22,random_distance_matched_task_path_union,0.8333333333333334,0.3,117.69564250743578,39.383040780862366,,4
multi_association_mapping,22,zero_path_input_1_correct,0.8333333333333334,0.3,114.37070848718598,20.35872906920343,0.0010016454487637258,4
multi_association_mapping,22,zero_path_input_2_correct,0.8333333333333334,0.3,114.46248315112182,19.566233569020966,0.0009938323017374877,4
multi_association_mapping,22,zero_path_input_3_correct,0.8333333333333334,0.3,114.40244348187404,20.97642700833097,0.001190723606798688,4
multi_association_mapping,22,zero_path_input_4_correct,0.8333333333333334,0.3,114.51542169140632,18.952411342413896,0.0008750724669386684,4
multi_association_mapping,17,trained,0.84375,0.3,113.9734934960503,0.0,,4
multi_association_mapping,17,naive_replacement,-0.08333333333333333,0.3,0.0,113.9734934960503,,4
multi_association_mapping,17,zero_all,-0.010416666666666666,0.3,197.09352504282393,237.416752273992,,4
multi_association_mapping,17,shuffle_magnitudes,-0.08333333333333333,0.3,156.33600749523018,182.92781443166305,,4
multi_association_mapping,17,anti_training_delta,0.75,0.3,121.3610592738956,44.47201805924611,,4
multi_association_mapping,17,random_matched_full_trace,0.7604166666666666,0.3,143.67313449217215,102.60644643326549,,4
multi_association_mapping,17,zero_task_path_union,0.9166666666666666,0.3,110.29734880635844,41.31080950312435,0.004153527372964256,4
multi_association_mapping,17,zero_all_task_inputs_outgoing,-0.052083333333333336,0.3,97.48213274020152,97.05492693930525,0.04340264213095644,4
multi_association_mapping,17,zero_all_task_targets_incoming,-0.010416666666666666,0.3,107.4582797675435,92.9150963207396,0.0773262409795949,4
multi_association_mapping,17,random_edge_count_matched_task_path_union,0.84375,0.3,114.41410439501486,15.586962788236498,0.004153527372964256,4
multi_association_mapping,17,random_distance_matched_task_path_union,0.8333333333333334,0.3,116.92120052354741,40.69793408236389,,4
multi_association_mapping,17,zero_path_input_1_correct,0.84375,0.3,113.05701483264437,21.04129879274753,0.0010797921048601583,4
multi_association_mapping,17,zero_path_input_2_correct,0.84375,0.3,113.09641531896918,19.923799959946376,0.0009438414346389807,4
multi_association_mapping,17,zero_path_input_3_correct,0.9166666666666666,0.3,112.99955544244061,21.353012310300638,0.001081354756242011,4
multi_association_mapping,17,zero_path_input_4_correct,0.9166666666666666,0.3,113.10963496420372,20.27160051278489,0.001048539077223106,4
multi_association_mapping,2,trained,0.9166666666666666,0.3,109.49403991780537,0.0,,4
multi_association_mapping,2,naive_replacement,-0.08333333333333333,0.3,0.0,109.49403991780537,,4
multi_association_mapping,2,zero_all,0.0,0.3,197.89014091748976,235.27543169947836,,4
multi_association_mapping,2,shuffle_magnitudes,-0.08333333333333333,0.3,153.93774727870405,179.14094342223882,,4
multi_association_mapping,2,anti_training_delta,0.8333333333333334,0.3,116.60287234384424,42.982295843969546,,4
multi_association_mapping,2,random_matched_full_trace,0.9166666666666666,0.3,138.71435849561607,99.13538156082315,,4
multi_association_mapping,2,zero_task_path_union,0.9166666666666666,0.3,105.28549121075989,43.764873522190705,0.004780180456109537,4
multi_association_mapping,2,zero_all_task_inputs_outgoing,-0.08333333333333333,0.3,92.70917779482002,97.75104236721295,0.044401453899933434,4
multi_association_mapping,2,zero_all_task_targets_incoming,0.0,0.3,104.00778240535749,93.00351899306824,0.07822525447936818,4
multi_association_mapping,2,random_edge_count_matched_task_path_union,0.9166666666666666,0.3,110.10223162154611,15.800973754974347,0.004780180456109537,4
multi_association_mapping,2,random_distance_matched_task_path_union,0.9166666666666666,0.3,113.45534383086176,43.06215738442668,,4
multi_association_mapping,2,zero_path_input_1_correct,0.9166666666666666,0.3,108.13831083634877,25.042270070454226,0.0015454718767872937,4
multi_association_mapping,2,zero_path_input_2_correct,0.9166666666666666,0.3,108.58751386361772,20.114618188677856,0.0009719752349461038,4
multi_association_mapping,2,zero_path_input_3_correct,0.9166666666666666,0.3,108.68099964325818,20.19805776955628,0.0011344919944869314,4
multi_association_mapping,2,zero_path_input_4_correct,0.9166666666666666,0.3,108.42124732255586,21.810306315894763,0.0011282413498892073,4
multi_association_mapping,34,trained,0.9166666666666666,0.3,111.03029386419074,0.0,,4
multi_association_mapping,34,naive_replacement,-0.08333333333333333,0.3,0.0,111.03029386419074,,4
multi_association_mapping,34,zero_all,-0.08333333333333333,0.3,198.10353871436232,236.34692793118174,,4
multi_association_mapping,34,shuffle_magnitudes,-0.08333333333333333,0.3,155.00368043879496,180.38197820899438,,4
multi_association_mapping,34,anti_training_delta,0.9166666666666666,0.3,119.08341800154562,44.535635135455394,,4
multi_association_mapping,34,random_matched_full_trace,0.9166666666666666,0.3,140.47179703332546,100.48749486901431,,4
multi_association_mapping,34,zero_task_path_union,0.9166666666666666,0.3,107.66884047427212,39.564452793646616,0.004031533467196913,4
multi_association_mapping,34,zero_all_task_inputs_outgoing,-0.08333333333333333,0.3,95.83953349648009,92.8822601605808,0.03920275644381246,4
multi_association_mapping,34,zero_all_task_targets_incoming,-0.08333333333333333,0.3,105.93535854377068,91.33940043902551,0.07549124547819769,4
multi_association_mapping,34,random_edge_count_matched_task_path_union,0.9166666666666666,0.3,111.52820219657059,14.715702445124696,0.004031533467196913,4
multi_association_mapping,34,random_distance_matched_task_path_union,0.9166666666666666,0.3,113.82637486537334,39.024863510140285,,4
multi_association_mapping,34,zero_path_input_1_correct,0.9166666666666666,0.3,110.15927611246616,20.637890747098336,0.0012032096006750475,4
multi_association_mapping,34,zero_path_input_2_correct,0.9166666666666666,0.3,110.0878574670136,20.898536267672537,0.0010766382011235165,4
multi_association_mapping,34,zero_path_input_3_correct,0.9166666666666666,0.3,110.41670051414485,16.8209475842693,0.0007000492222109367,4
multi_association_mapping,34,zero_path_input_4_correct,0.9166666666666666,0.3,110.1340430931758,20.487320337407837,0.0010516364431874116,4
multi_association_mapping,36,trained,0.9166666666666666,0.3,112.1113070069808,0.0,,4
multi_association_mapping,36,naive_replacement,-0.08333333333333333,0.3,0.0,112.1113070069808,,4
multi_association_mapping,36,zero_all,-0.020833333333333332,0.3,197.42583515932762,236.53455438461853,,4
multi_association_mapping,36,shuffle_magnitudes,-0.08333333333333333,0.3,155.56626081193372,181.71004870345743,,4
multi_association_mapping,36,anti_training_delta,0.9166666666666666,0.3,119.40408845919545,43.698761503495454,,4
multi_association_mapping,36,random_matched_full_trace,0.9166666666666666,0.3,141.55878391234643,101.12007043076395,,4
multi_association_mapping,36,zero_task_path_union,0.9166666666666666,0.3,108.66932568977708,40.02606174601938,0.003966021602160216,4
multi_association_mapping,36,zero_all_task_inputs_outgoing,-0.08333333333333333,0.3,96.53629560783992,92.64926037677931,0.03859604710471047,4
multi_association_mapping,36,zero_all_task_targets_incoming,-0.020833333333333332,0.3,105.71993066030453,93.13880361721884,0.07635138513851385,4
multi_association_mapping,36,random_edge_count_matched_task_path_union,0.9166666666666666,0.3,112.57596105213335,14.758019981882224,0.003966021602160216,4
multi_association_mapping,36,random_distance_matched_task_path_union,0.9166666666666666,0.3,114.93087167075058,39.46597712706563,,4
multi_association_mapping,36,zero_path_input_1_correct,0.9166666666666666,0.3,111.26533251014811,19.85621438133244,0.0009532203220322033,4
multi_association_mapping,36,zero_path_input_2_correct,0.9166666666666666,0.3,110.98145183868188,22.60906027971668,0.0012266851685168517,4
multi_association_mapping,36,zero_path_input_3_correct,0.9166666666666666,0.3,111.31527792337522,19.755561897918938,0.0010126012601260127,4
multi_association_mapping,36,zero_path_input_4_correct,0.9166666666666666,0.3,111.48053575551911,17.503272171349966,0.0007735148514851486,4
multi_association_mapping,35,trained,0.8333333333333334,0.3,114.34760894562156,0.0,,4
multi_association_mapping,35,naive_replacement,-0.020833333333333332,0.3,0.0,114.34760894562156,,4
multi_association_mapping,35,zero_all,-0.0625,0.3,197.6387835098065,238.48626377964513,,4
multi_association_mapping,35,shuffle_magnitudes,-0.25,0.3,156.82904100056288,183.8589115318087,,4
multi_association_mapping,35,anti_training_delta,0.8333333333333334,0.3,121.88539270053933,43.714976063935644,,4
multi_association_mapping,35,random_matched_full_trace,0.8333333333333334,0.3,144.17783640888823,102.87240212255288,,4
multi_association_mapping,35,zero_task_path_union,0.8333333333333334,0.3,110.95202127124729,39.57578489640575,0.0038473438950372076,4
multi_association_mapping,35,zero_all_task_inputs_outgoing,-0.08333333333333333,0.3,97.05503056400478,98.13677375937218,0.043902225583743015,4
multi_association_mapping,35,zero_all_task_targets_incoming,-0.0625,0.3,108.38574402352982,92.56328373807392,0.07633586593366067,4
multi_association_mapping,35,random_edge_count_matched_task_path_union,0.8333333333333334,0.3,114.76053977777752,14.807122256292415,0.0038473438950372076,4
multi_association_mapping,35,random_distance_matched_task_path_union,0.8333333333333334,0.3,116.96224879791622,39.01885354623361,,4
multi_association_mapping,35,zero_path_input_1_correct,0.8333333333333334,0.3,113.37745759320185,21.276107548542864,0.0011016967692937577,4
multi_association_mapping,35,zero_path_input_2_correct,0.8333333333333334,0.3,113.31572374351708,21.466812800378936,0.0011001340788408588,4
multi_association_mapping,35,zero_path_input_3_correct,0.8333333333333334,0.3,113.56244070039877,18.94436600056774,0.0008344767018480377,4
multi_association_mapping,35,zero_path_input_4_correct,0.8333333333333334,0.3,113.77675053925003,17.142256058624113,0.0008110363450545535,4
multi_association_mapping,33,trained,0.9166666666666666,0.3,113.4962346512794,0.0,,4
multi_association_mapping,33,naive_replacement,-0.08333333333333333,0.3,0.0,113.4962346512794,,4
multi_association_mapping,33,zero_all,-0.0625,0.3,197.78649318066917,237.8692674625799,,4
multi_association_mapping,33,shuffle_magnitudes,0.13541666666666669,0.3,156.45121180848525,182.87423819621537,,4
multi_association_mapping,33,anti_training_delta,0.8333333333333334,0.3,121.38764962193927,44.55700179515907,,4
multi_association_mapping,33,random_matched_full_trace,0.9166666666666666,0.3,143.146518329147,102.24378832883208,,4
multi_association_mapping,33,zero_task_path_union,0.9166666666666666,0.3,110.00902026725166,40.01046269172238,0.003978491767209789,4
multi_association_mapping,33,zero_all_task_inputs_outgoing,-0.08333333333333333,0.3,97.51368098916709,93.36308202051104,0.038803577204773565,4
multi_association_mapping,33,zero_all_task_targets_incoming,-0.0625,0.3,106.11750566364933,94.23672363119572,0.07603044655679195,4
multi_association_mapping,33,random_edge_count_matched_task_path_union,0.9166666666666666,0.3,113.94561486468207,15.278710013616319,0.003978491767209789,4
multi_association_mapping,33,random_distance_matched_task_path_union,0.9166666666666666,0.3,116.18367808838184,39.428109327569295,,4
multi_association_mapping,33,zero_path_input_1_correct,0.9166666666666666,0.3,112.35028066768989,23.0074742827204,0.0013001198547991143,4
multi_association_mapping,33,zero_path_input_2_correct,0.9166666666666666,0.3,112.81032590512305,18.09432119424183,0.0007828846721807167,4
multi_association_mapping,33,zero_path_input_3_correct,0.9166666666666666,0.3,112.63961491790363,19.867370673481812,0.0010250945008993017,4
multi_association_mapping,33,zero_path_input_4_correct,0.9166666666666666,0.3,112.73744867803691,18.691612423163324,0.000870392739330657,4
multi_association_mapping,37,trained,0.8333333333333334,0.3,111.30155525657173,0.0,,4
multi_association_mapping,37,naive_replacement,-0.08333333333333333,0.3,0.0,111.30155525657173,,4
multi_association_mapping,37,zero_all,-0.07291666666666667,0.3,197.17538687158014,235.93473320075546,,4
multi_association_mapping,37,shuffle_magnitudes,-0.08333333333333333,0.3,154.48422431608412,180.43474801926448,,4
multi_association_mapping,37,anti_training_delta,0.8333333333333334,0.3,118.53430782136682,43.07961862132548,,4
multi_association_mapping,37,random_matched_full_trace,0.84375,0.3,140.82128769744267,100.54146796061839,,4
multi_association_mapping,37,zero_task_path_union,0.9166666666666666,0.3,107.81094524156552,40.07536017195642,0.003945707070707071,4
multi_association_mapping,37,zero_all_task_inputs_outgoing,0.16666666666666669,0.3,95.88182211571544,93.38404737202106,0.03989305180518052,4
multi_association_mapping,37,zero_all_task_targets_incoming,-0.07291666666666667,0.3,105.76308006625432,92.24163725016211,0.07626543904390438,4
multi_association_mapping,37,random_edge_count_matched_task_path_union,0.8333333333333334,0.3,111.7721573906446,14.688539363253806,0.003945707070707071,4
multi_association_mapping,37,random_distance_matched_task_path_union,0.8333333333333334,0.3,114.23992893972026,39.51718962158239,,4
multi_association_mapping,37,zero_path_input_1_correct,0.8333333333333334,0.3,110.52171946536932,19.402393724008647,0.0009485323532353236,4
multi_association_mapping,37,zero_path_input_2_correct,0.8333333333333334,0.3,110.18288522551816,22.138353060731855,0.0011282378237823783,4
multi_association_mapping,37,zero_path_input_3_correct,0.9166666666666666,0.3,110.51897496764198,19.346615129889724,0.0009532203220322033,4
multi_association_mapping,37,zero_path_input_4_correct,0.9166666666666666,0.3,110.53300875021506,19.10977282609314,0.0009157165716571657,4
multi_association_mapping,43,trained,0.8333333333333334,0.3,108.88662491644004,0.0,,4
multi_association_mapping,43,naive_replacement,-0.08333333333333333,0.3,0.0,108.88662491644004,,4
multi_association_mapping,43,zero_all,-0.07291666666666667,0.3,198.0486737252789,234.93190937217187,,4
multi_association_mapping,43,shuffle_magnitudes,-0.08333333333333333,0.3,153.9205904918514,178.72490422516378,,4
multi_association_mapping,43,anti_training_delta,0.75,0.3,116.41327787480574,43.389360539889154,,4
multi_association_mapping,43,random_matched_full_trace,0.8333333333333334,0.3,138.15914387699723,98.83795974356218,,4
multi_association_mapping,43,zero_task_path_union,0.8333333333333334,0.3,105.99887550720372,36.29867001312664,0.0033471940294309303,4
multi_association_mapping,43,zero_all_task_inputs_outgoing,-0.08333333333333333,0.3,93.88124264063761,91.65737428201984,0.04000225021447357,4
multi_association_mapping,43,zero_all_task_targets_incoming,-0.07291666666666667,0.3,105.65502820556206,85.68389846913117,0.07243190366581814,4
multi_association_mapping,43,random_edge_count_matched_task_path_union,0.8333333333333334,0.3,109.30493198346035,13.698605007362888,0.0033471940294309303,4
multi_association_mapping,43,random_distance_matched_task_path_union,0.8333333333333334,0.3,111.17460271931813,35.890925363106156,,4
multi_association_mapping,43,zero_path_input_1_correct,0.8333333333333334,0.3,108.04158588842171,19.797696076110523,0.0010344735982648345,4
multi_association_mapping,43,zero_path_input_2_correct,0.8333333333333334,0.3,108.21948011122497,18.032133593664838,0.0008828966510870568,4
multi_association_mapping,43,zero_path_input_3_correct,0.8333333333333334,0.3,108.09642930824134,18.515424633176092,0.0008000762572682709,4
multi_association_mapping,43,zero_path_input_4_correct,0.8333333333333334,0.3,108.32993436650612,16.05197444282844,0.0006297475228107679,4
multi_association_mapping,41,trained,0.9166666666666666,0.3,114.39927691331057,0.0,,4
multi_association_mapping,41,naive_replacement,-0.08333333333333333,0.3,0.0,114.39927691331057,,4
multi_association_mapping,41,zero_all,-0.041666666666666664,0.3,197.80525372033634,238.27672267051534,,4
multi_association_mapping,41,shuffle_magnitudes,-0.08333333333333333,0.3,157.02922220431972,183.63153775732994,,4
multi_association_mapping,41,anti_training_delta,0.8541666666666666,0.3,122.42795947296419,45.344809993973435,,4
multi_association_mapping,41,random_matched_full_trace,0.9166666666666666,0.3,144.0960463006784,102.99098125193335,,4
multi_association_mapping,41,zero_task_path_union,0.9166666666666666,0.3,110.9411720341458,40.04131741962419,0.003908252178370067,4
multi_association_mapping,41,zero_all_task_inputs_outgoing,-0.07291666666666667,0.3,97.89685058914559,95.51253612732721,0.04100148766736258,4
multi_association_mapping,41,zero_all_task_targets_incoming,-0.041666666666666664,0.3,109.79857875370551,94.42371394645906,0.08324373992074108,4
multi_association_mapping,41,random_edge_count_matched_task_path_union,0.9166666666666666,0.3,114.85622255879014,14.782072273017633,0.003908252178370067,4
multi_association_mapping,41,random_distance_matched_task_path_union,0.9166666666666666,0.3,117.02259010719165,39.45420539292776,,4
multi_association_mapping,41,zero_path_input_1_correct,0.9166666666666666,0.3,113.40420261620176,21.40426707092204,0.0011079371429285794,4
multi_association_mapping,41,zero_path_input_2_correct,0.9166666666666666,0.3,113.58773731748003,19.430797193228162,0.000906351964596017,4
multi_association_mapping,41,zero_path_input_3_correct,0.9166666666666666,0.3,113.44155484014067,21.233292262864865,0.001096998412321386,4
multi_association_mapping,41,zero_path_input_4_correct,0.9166666666666666,0.3,113.74468656910898,17.79763669623419,0.0007969646585240839,4
multi_association_mapping,42,trained,0.9166666666666666,0.3,109.89900512452603,0.0,,4
multi_association_mapping,42,naive_replacement,-0.07291666666666667,0.3,0.0,109.89900512452603,,4
multi_association_mapping,42,zero_all,-0.041666666666666664,0.3,198.60091834025863,236.31232884554063,,4
multi_association_mapping,42,shuffle_magnitudes,-0.08333333333333333,0.3,154.72286178490117,179.92929612963255,,4
multi_association_mapping,42,anti_training_delta,0.9166666666666666,0.3,116.95591754306577,42.44333169252028,,4
multi_association_mapping,42,random_matched_full_trace,0.9166666666666666,0.3,139.37891502564324,99.58318989941672,,4
multi_association_mapping,42,zero_task_path_union,0.9166666666666666,0.3,106.53176756539828,38.79074074564957,0.0036706508881287495,4
multi_association_mapping,42,zero_all_task_inputs_outgoing,-0.08333333333333333,0.3,94.6040016715434,92.57295571664139,0.039303623302773226,4
multi_association_mapping,42,zero_all_task_targets_incoming,-0.041666666666666664,0.3,105.44221625242012,90.09931338248745,0.07538976249372989,4
multi_association_mapping,42,random_edge_count_matched_task_path_union,0.9166666666666666,0.3,110.36702563395013,14.501008235075393,0.0036706508881287495,4
multi_association_mapping,42,random_distance_matched_task_path_union,0.9166666666666666,0.3,112.66439945875531,38.296544902682015,,4
multi_association_mapping,42,zero_path_input_1_correct,0.9166666666666666,0.3,108.98719779003339,20.34398917553584,0.0010282197890117996,4
multi_association_mapping,42,zero_path_input_2_correct,0.9166666666666666,0.3,109.08068011141302,19.370501612827496,0.0009078961966806315,4
multi_association_mapping,42,zero_path_input_3_correct,0.9166666666666666,0.3,109.18444659632856,17.864567494551732,0.000775071451899472,4
multi_association_mapping,42,zero_path_input_4_correct,0.9166666666666666,0.3,109.01533859256254,19.91192023693172,0.0009594634505368464,4
multi_association_mapping,44,trained,0.9166666666666666,0.3,106.48479451716261,0.0,,4
multi_association_mapping,44,naive_replacement,-0.08333333333333333,0.3,0.0,106.48479451716261,,4
multi_association_mapping,44,zero_all,-0.0625,0.3,197.85504861991194,233.40523635537613,,4
multi_association_mapping,44,shuffle_magnitudes,-0.08333333333333333,0.3,152.07999642207307,176.12102514414073,,4
multi_association_mapping,44,anti_training_delta,0.90625,0.3,113.47006614200383,41.77150135872706,,4
multi_association_mapping,44,random_matched_full_trace,0.9166666666666666,0.3,135.6367853704224,96.98102152057731,,4
multi_association_mapping,44,zero_task_path_union,0.9166666666666666,0.3,102.79756226207873,40.3138977090941,0.0041410002781502074,4
multi_association_mapping,44,zero_all_task_inputs_outgoing,0.010416666666666671,0.3,93.05388385262418,89.2204980817313,0.03820033690553206,4
multi_association_mapping,44,zero_all_task_targets_incoming,-0.0625,0.3,101.49184330429817,93.7478302732075,0.08155114057211435,4
multi_association_mapping,44,random_edge_count_matched_task_path_union,0.9166666666666666,0.3,107.01686571899043,15.072342111196061,0.0041410002781502074,4
multi_association_mapping,44,random_distance_matched_task_path_union,0.9166666666666666,0.3,109.9176254281058,39.784645775196054,,4
multi_association_mapping,44,zero_path_input_1_correct,0.9166666666666666,0.3,105.6228529285149,20.355226023299092,0.0011907329101699842,4
multi_association_mapping,44,zero_path_input_2_correct,0.9166666666666666,0.3,105.57780529856329,20.135883429190425,0.0009969653499848424,4
multi_association_mapping,44,zero_path_input_3_correct,0.9166666666666666,0.3,105.33058594627003,21.94492460272683,0.0011297898872085282,4
multi_association_mapping,44,zero_path_input_4_correct,0.9166666666666666,0.3,105.76852475528051,17.995599593967384,0.0008235121307868526,4
multi_association_mapping,47,trained,0.9166666666666666,0.3,106.52419977898343,0.0,,4
multi_association_mapping,47,naive_replacement,-0.08333333333333333,0.3,0.0,106.52419977898343,,4
multi_association_mapping,47,zero_all,-0.07291666666666667,0.3,198.7287333536335,233.99875177422106,,4
multi_association_mapping,47,shuffle_magnitudes,0.16666666666666669,0.3,152.61287733894991,176.3666012398091,,4
multi_association_mapping,47,anti_training_delta,0.8333333333333334,0.3,114.42873588845961,43.19387820489486,,4
multi_association_mapping,47,random_matched_full_trace,0.9166666666666666,0.3,135.52312834588903,96.99970254818999,,4
multi_association_mapping,47,zero_task_path_union,0.9166666666666666,0.3,103.24924449955785,38.67845789212016,0.0038925524267900114,4
multi_association_mapping,47,zero_all_task_inputs_outgoing,-0.08333333333333333,0.3,92.3707461678438,91.1974576348893,0.04019908116385911,4
multi_association_mapping,47,zero_all_task_targets_incoming,-0.07291666666666667,0.3,101.72378643684084,90.37611986158028,0.07556020876957215,4
multi_association_mapping,47,random_edge_count_matched_task_path_union,0.9166666666666666,0.3,107.02400180668495,14.6493357731924,0.0038925524267900114,4
multi_association_mapping,47,random_distance_matched_task_path_union,0.9166666666666666,0.3,109.54260551816346,38.20555753154205,,4
multi_association_mapping,47,zero_path_input_1_correct,0.9166666666666666,0.3,105.78345891280337,19.090328604648754,0.001018845516767197,4
multi_association_mapping,47,zero_path_input_2_correct,0.9166666666666666,0.3,105.54166764124024,20.88862394242338,0.0010563490327218177,4
multi_association_mapping,47,zero_path_input_3_correct,0.9166666666666666,0.3,105.70690826703819,19.861554559950978,0.0010610369722161453,4
multi_association_mapping,47,zero_path_input_4_correct,0.9166666666666666,0.3,105.82763184518961,17.342620878435568,0.0007563209050848517,4
multi_association_mapping,45,trained,0.90625,0.3,110.06074502133202,0.0,,4
multi_association_mapping,45,naive_replacement,-0.08333333333333333,0.3,0.0,110.06074502133202,,4
multi_association_mapping,45,zero_all,-0.041666666666666664,0.3,198.4125395677926,236.448491681499,,4
multi_association_mapping,45,shuffle_magnitudes,-0.08333333333333333,0.3,154.71273443585397,180.35763946798969,,4
multi_association_mapping,45,anti_training_delta,0.8333333333333334,0.3,117.07791617437137,41.789772165064235,,4
multi_association_mapping,45,random_matched_full_trace,0.9166666666666666,0.3,139.5862156325333,99.58936133990781,,4
multi_association_mapping,45,zero_task_path_union,0.9166666666666666,0.3,106.56463623711427,39.71430497019805,0.003912866831265431,4
multi_association_mapping,45,zero_all_task_inputs_outgoing,-0.08333333333333333,0.3,94.29149203235305,93.69153074610264,0.03990374097571647,4
multi_association_mapping,45,zero_all_task_targets_incoming,-0.041666666666666664,0.3,104.60759643122528,91.86773327291037,0.0741772666187455,4
multi_association_mapping,45,random_edge_count_matched_task_path_union,0.9166666666666666,0.3,110.56575765149773,14.577422206002815,0.003912866831265431,4
multi_association_mapping,45,random_distance_matched_task_path_union,0.9166666666666666,0.3,113.07348396153176,39.17508510571847,,4
multi_association_mapping,45,zero_path_input_1_correct,0.90625,0.3,109.12545197313703,20.133063777338375,0.0009469637778541739,4
multi_association_mapping,45,zero_path_input_2_correct,0.90625,0.3,109.17661187793223,20.32514765214632,0.0010422852142388348,4
multi_association_mapping,45,zero_path_input_3_correct,0.9166666666666666,0.3,109.24284916847016,19.40184283726819,0.000932899959371191,4
multi_association_mapping,45,zero_path_input_4_correct,0.9166666666666666,0.3,109.2438901557852,19.55358354982328,0.0009907178798012313,4
multi_association_mapping,50,trained,0.9166666666666666,0.3,111.43311863513361,0.0,,4
multi_association_mapping,50,naive_replacement,-0.08333333333333333,0.3,0.0,111.43311863513361,,4
multi_association_mapping,50,zero_all,-0.010416666666666666,0.3,197.39394330205835,235.9846844596972,,4
multi_association_mapping,50,shuffle_magnitudes,-0.08333333333333333,0.3,154.86408113718667,180.69435060432497,,4
multi_association_mapping,50,anti_training_delta,0.8333333333333334,0.3,118.11811786099015,43.197951764575095,,4
multi_association_mapping,50,random_matched_full_trace,0.9166666666666666,0.3,140.82039143749782,100.6583902455822,,4
multi_association_mapping,50,zero_task_path_union,0.9166666666666666,0.3,107.53995744441079,42.19947145012958,0.004434922435738162,4
multi_association_mapping,50,zero_all_task_inputs_outgoing,-0.020833333333333332,0.3,94.4930833118362,97.44052855339979,0.044300780877639584,4
multi_association_mapping,50,zero_all_task_targets_incoming,-0.010416666666666666,0.3,105.0706110734772,91.59308036087312,0.07390912315738973,4
multi_association_mapping,50,random_edge_count_matched_task_path_union,0.9166666666666666,0.3,111.94485325755998,15.396366945224647,0.004434922435738162,4
multi_association_mapping,50,random_distance_matched_task_path_union,0.9166666666666666,0.3,114.73443443216735,41.53124494801774,,4
multi_association_mapping,50,zero_path_input_1_correct,0.9166666666666666,0.3,110.39476727710368,21.625501301828596,0.001186083907232299,4
multi_association_mapping,50,zero_path_input_2_correct,0.9166666666666666,0.3,110.54166552647149,20.59559719086757,0.0010454415466909196,4
multi_association_mapping,50,zero_path_input_3_correct,0.9166666666666666,0.3,110.56706110770514,20.544692339626533,0.0011001357980125672,4
multi_association_mapping,50,zero_path_input_4_correct,0.9166666666666666,0.3,110.3871494870385,21.607176519307885,0.0011032611838023756,4
multi_association_mapping,48,trained,0.9166666666666666,0.3,110.91899716856301,0.0,,4
multi_association_mapping,48,naive_replacement,-0.08333333333333333,0.3,0.0,110.91899716856301,,4
multi_association_mapping,48,zero_all,-0.08333333333333333,0.3,197.65709036548972,235.92908674220723,,4
multi_association_mapping,48,shuffle_magnitudes,-0.16666666666666666,0.3,154.72733440721572,180.22866172081606,,4
multi_association_mapping,48,anti_training_delta,0.8333333333333334,0.3,118.88791189250067,44.160686822268495,,4
multi_association_mapping,48,random_matched_full_trace,0.9166666666666666,0.3,140.33759328984414,100.42271512660753,,4
multi_association_mapping,48,zero_task_path_union,0.9166666666666666,0.3,107.49393014907754,38.98910921706537,0.003708102195484022,4
multi_association_mapping,48,zero_all_task_inputs_outgoing,-0.08333333333333333,0.3,94.77028819550702,93.9536359441369,0.04009844519103055,4
multi_association_mapping,48,zero_all_task_targets_incoming,-0.08333333333333333,0.3,105.80034832618612,89.62783718800492,0.07481990780529729,4
multi_association_mapping,48,random_edge_count_matched_task_path_union,0.9166666666666666,0.3,111.39470481219891,14.231104756499546,0.003708102195484022,4
multi_association_mapping,48,random_distance_matched_task_path_union,0.9166666666666666,0.3,113.61238845104394,38.48322082822205,,4
multi_association_mapping,48,zero_path_input_1_correct,0.9166666666666666,0.3,109.79324435829949,21.73184278611188,0.001076646613016642,4
multi_association_mapping,48,zero_path_input_2_correct,0.9166666666666666,0.3,110.1275199860054,19.621429157158676,0.0010219548402218923,4
multi_association_mapping,48,zero_path_input_3_correct,0.9166666666666666,0.3,110.12565792150951,18.723595708597543,0.0008313149464801938,4
multi_association_mapping,48,zero_path_input_4_correct,0.9166666666666666,0.3,110.24395275886668,17.672128571045427,0.0007781857957652942,4
multi_association_mapping,46,trained,0.9166666666666666,0.3,111.96832737676012,0.0,,4
multi_association_mapping,46,naive_replacement,-0.08333333333333333,0.3,0.0,111.96832737676012,,4
multi_association_mapping,46,zero_all,-0.08333333333333333,0.3,198.74366694303637,237.81400658753296,,4
multi_association_mapping,46,shuffle_magnitudes,-0.08333333333333333,0.3,155.89459466489993,181.91085615713328,,4
multi_association_mapping,46,anti_training_delta,0.9166666666666666,0.3,119.5365889869108,43.29159753976431,,4
multi_association_mapping,46,random_matched_full_trace,0.9166666666666666,0.3,141.71475072135283,101.13655231823732,,4
multi_association_mapping,46,zero_task_path_union,0.9166666666666666,0.3,108.41722130595109,40.14679540073784,0.003916053318331693,4
multi_association_mapping,46,zero_all_task_inputs_outgoing,-0.08333333333333333,0.3,94.76854510280988,97.65167742306448,0.044097010610535524,4
multi_association_mapping,46,zero_all_task_targets_incoming,-0.08333333333333333,0.3,107.6955605897299,90.25647342294766,0.07533167690216118,4
multi_association_mapping,46,random_edge_count_matched_task_path_union,0.9166666666666666,0.3,112.41955830749777,14.953527018834118,0.003916053318331693,4
multi_association_mapping,46,random_distance_matched_task_path_union,0.9166666666666666,0.3,114.88026943306066,39.58535904681269,,4
multi_association_mapping,46,zero_path_input_1_correct,0.9166666666666666,0.3,111.13950290204662,19.836649355817304,0.0009891706905442784,4
multi_association_mapping,46,zero_path_input_2_correct,0.9166666666666666,0.3,110.70739577019948,23.338120094872252,0.0012454487209538543,4
multi_association_mapping,46,zero_path_input_3_correct,0.9166666666666666,0.3,111.32030311471044,17.87410985280833,0.0008469676370853062,4
multi_association_mapping,46,zero_path_input_4_correct,0.9166666666666666,0.3,111.19661151881802,18.818099550435942,0.0008344662697482538,4
multi_association_mapping,39,trained,0.8541666666666666,0.3,113.37508046263454,0.0,,4
multi_association_mapping,39,naive_replacement,-0.08333333333333333,0.3,0.0,113.37508046263454,,4
multi_association_mapping,39,zero_all,-0.07291666666666667,0.3,198.18677933905462,237.9991636418331,,4
multi_association_mapping,39,shuffle_magnitudes,-0.08333333333333333,0.3,156.7674114849395,183.28975258018033,,4
multi_association_mapping,39,anti_training_delta,0.8333333333333334,0.3,120.83326240814631,44.55580679138562,,4
multi_association_mapping,39,random_matched_full_trace,0.8958333333333334,0.3,142.8503241589878,102.15453941253098,,4
multi_association_mapping,39,zero_task_path_union,0.8541666666666666,0.3,110.06697963626428,39.54741319376012,0.004034702819604093,4
multi_association_mapping,39,zero_all_task_inputs_outgoing,-0.08333333333333333,0.3,98.21766795482853,94.09825886631782,0.04120178514504304,4
multi_association_mapping,39,zero_all_task_targets_incoming,-0.07291666666666667,0.3,107.38427225304562,95.21396639473917,0.08102220805440442,4
multi_association_mapping,39,random_edge_count_matched_task_path_union,0.8541666666666666,0.3,113.8259760147629,15.23557421599869,0.004034702819604093,4
multi_association_mapping,39,random_distance_matched_task_path_union,0.8854166666666666,0.3,115.93192853368626,38.99353643566142,,4
multi_association_mapping,39,zero_path_input_1_correct,0.8541666666666666,0.3,112.39928024962819,21.450091246796973,0.001140717683311769,4
multi_association_mapping,39,zero_path_input_2_correct,0.8541666666666666,0.3,112.63698508881254,18.983941722715876,0.0009703913442967241,4
multi_association_mapping,39,zero_path_input_3_correct,0.8541666666666666,0.3,112.4444115299738,20.95009002418837,0.001070399469956934,4
multi_association_mapping,39,zero_path_input_4_correct,0.8541666666666666,0.3,112.74764884964321,17.452654825813948,0.0008531943220386656,4
multi_association_mapping,38,trained,0.9166666666666666,0.3,114.45620937660993,0.0,,4
multi_association_mapping,38,naive_replacement,-0.08333333333333333,0.3,0.0,114.45620937660993,,4
multi_association_mapping,38,zero_all,-0.020833333333333332,0.3,198.39193794931782,238.9584917476829,,4
multi_association_mapping,38,shuffle_magnitudes,-0.08333333333333333,0.3,157.35191821422487,183.9121633030173,,4
multi_association_mapping,38,anti_training_delta,0.90625,0.3,122.40804900901993,44.88108451391255,,4
multi_association_mapping,38,random_matched_full_trace,0.9166666666666666,0.3,144.27244984616266,103.10081253081498,,4
multi_association_mapping,38,zero_task_path_union,0.9166666666666666,0.3,110.6965463029021,42.26796610848899,0.004611441876455237,4
multi_association_mapping,38,zero_all_task_inputs_outgoing,-0.010416666666666666,0.3,98.40851092768945,95.966922490365,0.04160142515587643,4
multi_association_mapping,38,zero_all_task_targets_incoming,-0.020833333333333332,0.3,108.74354212714938,95.91395568392569,0.08366540090322379,4
multi_association_mapping,38,random_edge_count_matched_task_path_union,0.9166666666666666,0.3,114.92616744360917,16.41875576285193,0.004611441876455237,4
multi_association_mapping,38,random_distance_matched_task_path_union,0.9166666666666666,0.3,117.5838844935956,41.59385420051179,,4
multi_association_mapping,38,zero_path_input_1_correct,0.9166666666666666,0.3,113.53090521537513,21.194641047030355,0.0011720031878486709,4
multi_association_mapping,38,zero_path_input_2_correct,0.9166666666666666,0.3,113.29872567637504,22.964307857097296,0.0013017048739705904,4
multi_association_mapping,38,zero_path_input_3_correct,0.9166666666666666,0.3,113.70091148369355,19.511490290059673,0.0009813573359586205,4
multi_association_mapping,38,zero_path_input_4_correct,0.9166666666666666,0.3,113.58094913691278,20.719808424338193,0.0011563764786773553,4
multi_association_mapping,49,trained,0.9166666666666666,0.3,110.65650476597762,0.0,,4
multi_association_mapping,49,naive_replacement,-0.08333333333333333,0.3,0.0,110.65650476597762,,4
multi_association_mapping,49,zero_all,-0.07291666666666667,0.3,198.60392473924443,236.73059499020826,,4
multi_association_mapping,49,shuffle_magnitudes,0.010416666666666671,0.3,155.31561107839033,180.64779959785943,,4
multi_association_mapping,49,anti_training_delta,0.9166666666666666,0.3,118.72133078725467,43.77741725295935,,4
multi_association_mapping,49,random_matched_full_trace,0.8541666666666666,0.3,140.1798503126136,100.13811060060519,,4
multi_association_mapping,49,zero_task_path_union,0.9166666666666666,0.3,107.14791957031494,39.91071975667207,0.0039050474965660895,4
multi_association_mapping,49,zero_all_task_inputs_outgoing,-0.08333333333333333,0.3,96.13186091650013,92.04398792558064,0.0402990275666038,4
multi_association_mapping,49,zero_all_task_targets_incoming,-0.07291666666666667,0.3,105.91447657130935,93.74740607026799,0.08050273384577641,4
multi_association_mapping,49,random_edge_count_matched_task_path_union,0.9166666666666666,0.3,111.12177207198741,14.996636854382196,0.0039050474965660895,4
multi_association_mapping,49,random_distance_matched_task_path_union,0.90625,0.3,113.63281141504335,39.363885724710684,,4
multi_association_mapping,49,zero_path_input_1_correct,0.9166666666666666,0.3,109.61579662705417,21.546348991053936,0.001092288195318006,4
multi_association_mapping,49,zero_path_input_2_correct,0.9166666666666666,0.3,109.65510233330157,21.41941762040341,0.001111039923992993,4
multi_association_mapping,49,zero_path_input_3_correct,0.9166666666666666,0.3,109.89623957443187,18.96562806725658,0.0009157094169618762,4
multi_association_mapping,49,zero_path_input_4_correct,0.9166666666666666,0.3,109.9918860589439,17.610618883746405,0.0007860099602932146,4
multi_association_mapping,40,trained,0.9166666666666666,0.3,112.03604928815176,0.0,,4
multi_association_mapping,40,naive_replacement,-0.08333333333333333,0.3,0.0,112.03604928815176,,4
multi_association_mapping,40,zero_all,-0.0625,0.3,199.0307867064901,237.88872522502396,,4
multi_association_mapping,40,shuffle_magnitudes,-0.08333333333333333,0.3,156.3182045828192,182.02413186672624,,4
multi_association_mapping,40,anti_training_delta,0.8333333333333334,0.3,119.92769949336869,44.23741557702038,,4
multi_association_mapping,40,random_matched_full_trace,0.9166666666666666,0.3,141.690823415727,101.26868843555684,,4
multi_association_mapping,40,zero_task_path_union,0.9166666666666666,0.3,108.66644264135354,40.02130294766143,0.004170833854231779,4
multi_association_mapping,40,zero_all_task_inputs_outgoing,-0.08333333333333333,0.3,96.45361519482057,95.2343581175753,0.041997437179647455,4
multi_association_mapping,40,zero_all_task_targets_incoming,-0.0625,0.3,106.60376499383527,94.61238529850607,0.08140080010001251,4
multi_association_mapping,40,random_edge_count_matched_task_path_union,0.9166666666666666,0.3,112.56399346280715,15.197236003675226,0.004170833854231779,4
multi_association_mapping,40,random_distance_matched_task_path_union,0.9166666666666666,0.3,114.87056520300136,39.465384346398174,,4
multi_association_mapping,40,zero_path_input_1_correct,0.9166666666666666,0.3,111.08290452226275,21.64642106661474,0.001282972871608951,4
multi_association_mapping,40,zero_path_input_2_correct,0.9166666666666666,0.3,111.27552460724756,18.572400483821475,0.0008407300912614076,4
multi_association_mapping,40,zero_path_input_3_correct,0.9166666666666666,0.3,111.09965007372428,21.054747203266835,0.0011079509938742343,4
multi_association_mapping,40,zero_path_input_4_correct,0.9166666666666666,0.3,111.35456199183675,18.571502500077564,0.0009391798974871859,4
