seed,block,condition,replicate,score,task_accuracy,criterion_score,criterion_accuracy,positive_response_probability,negative_response_probability,effective_distance_from_trained,effective_distance_fraction_of_axis,collapsed_by_score,distance_fraction,intended_distance,orthogonal_dot_axis
1,displacement,parallel_erasure_axis,0,0.5625,0.78125,0.4,0.7,0.5625,0.0,0.0,0.0,False,0.0,0.0,
1,displacement,orthogonal_random,0,0.5625,0.78125,0.4,0.7,0.5625,0.0,0.0,0.0,False,0.0,0.0,6.071532165918825e-18
1,displacement,orthogonal_random,1,0.5625,0.78125,0.4,0.7,0.5625,0.0,0.0,0.0,False,0.0,0.0,4.597017211338539e-17
1,displacement,orthogonal_random,2,0.5625,0.78125,0.4,0.7,0.5625,0.0,0.0,0.0,False,0.0,0.0,-8.673617379884035e-18
1,displacement,orthogonal_random,3,0.5625,0.78125,0.4,0.7,0.5625,0.0,0.0,0.0,False,0.0,0.0,1.734723475976807e-17
1,displacement,orthogonal_random,4,0.5625,0.78125,0.4,0.7,0.5625,0.0,0.0,0.0,False,0.0,0.0,-2.0816681711721685e-17
1,displacement,orthogonal_random,5,0.5625,0.78125,0.4,0.7,0.5625,0.0,0.0,0.0,False,0.0,0.0,1.5612511283791264e-17
1,displacement,orthogonal_random,6,0.5625,0.78125,0.4,0.7,0.5625,0.0,0.0,0.0,False,0.0,0.0,-4.683753385137379e-17
1,displacement,orthogonal_random,7,0.5625,0.78125,0.4,0.7,0.5625,0.0,0.0,0.0,False,0.0,0.0,-2.42861286636753e-17
1,displacement,parallel_erasure_axis,0,0.4375,0.71875,0.4,0.7,0.4375,0.0,0.5324350018424567,0.019999999999999993,False,0.02,0.532435001842457,
1,displacement,orthogonal_random,0,0.5625,0.78125,0.4,0.7,0.5625,0.0,0.5324318879256282,0.019999883031099838,False,0.02,0.532435001842457,2.7755575615628914e-17
1,displacement,orthogonal_random,1,0.5625,0.78125,0.4,0.7,0.5625,0.0,0.5324287402824045,0.019999764795325975,False,0.02,0.532435001842457,-1.431146867680866e-17
1,displacement,orthogonal_random,2,0.5625,0.78125,0.4,0.7,0.5625,0.0,0.5324306688707755,0.019999837239412645,False,0.02,0.532435001842457,0.0
1,displacement,orthogonal_random,3,0.5625,0.78125,0.4,0.7,0.5625,0.0,0.5324293636276377,0.01999978821021159,False,0.02,0.532435001842457,6.938893903907228e-18
1,displacement,orthogonal_random,4,0.5625,0.78125,0.4,0.7,0.5625,0.0,0.5324271333675457,0.019999704434348457,False,0.02,0.532435001842457,5.204170427930421e-18
1,displacement,orthogonal_random,5,0.5625,0.78125,0.4,0.7,0.5625,0.0,0.5324316427006196,0.019999873819646505,False,0.02,0.532435001842457,-2.2551405187698492e-17
1,displacement,orthogonal_random,6,0.5625,0.78125,0.4,0.7,0.5625,0.0,0.5324331419294687,0.01999993013558531,False,0.02,0.532435001842457,2.0816681711721685e-17
1,displacement,orthogonal_random,7,0.5625,0.78125,0.4,0.7,0.5625,0.0,0.5324327415485408,0.019999915095968213,False,0.02,0.532435001842457,1.734723475976807e-17
1,displacement,parallel_erasure_axis,0,0.3125,0.65625,0.4,0.7,0.3125,0.0,1.0648700036849137,0.039999999999999994,True,0.04,1.064870003684914,
1,displacement,orthogonal_random,0,0.5625,0.78125,0.4,0.7,0.5625,0.0,1.0648635925679213,0.03999975917747818,False,0.04,1.064870003684914,6.938893903907228e-18
1,displacement,orthogonal_random,1,0.5625,0.78125,0.4,0.7,0.5625,0.0,1.0648638990979828,0.0399997706917498,False,0.04,1.064870003684914,-2.6020852139652106e-17
1,displacement,orthogonal_random,2,0.5625,0.78125,0.4,0.7,0.5625,0.0,1.0648508794187497,0.039999281630016884,False,0.04,1.064870003684914,-1.9949319973733282e-17
1,displacement,orthogonal_random,3,0.5625,0.78125,0.4,0.7,0.5625,0.0,1.0648579257322237,0.03999954631259597,False,0.04,1.064870003684914,-1.0408340855860843e-17
1,displacement,orthogonal_random,4,0.5625,0.78125,0.4,0.7,0.5625,0.0,1.0648596173579248,0.03999960985558977,False,0.04,1.064870003684914,-1.734723475976807e-17
1,displacement,orthogonal_random,5,0.5625,0.78125,0.4,0.7,0.5625,0.0,1.0648637225926723,0.039999764061633074,False,0.04,1.064870003684914,1.0408340855860843e-17
1,displacement,orthogonal_random,6,0.5625,0.78125,0.4,0.7,0.5625,0.0,1.0648571361919301,0.03999951665488034,False,0.04,1.064870003684914,2.42861286636753e-17
1,displacement,orthogonal_random,7,0.5625,0.78125,0.4,0.7,0.5625,0.0,1.0648584423827734,0.03999956571968032,False,0.04,1.064870003684914,6.938893903907228e-18
1,displacement,parallel_erasure_axis,0,0.3125,0.65625,0.4,0.7,0.3125,0.0,1.3310875046061423,0.05,True,0.05,1.3310875046061423,
1,displacement,orthogonal_random,0,0.5625,0.78125,0.4,0.7,0.5625,0.0,1.3310696581694097,0.049999329629469486,False,0.05,1.3310875046061423,-7.806255641895632e-18
1,displacement,orthogonal_random,1,0.5625,0.78125,0.4,0.7,0.5625,0.0,1.3310637089806132,0.049999106158481445,False,0.05,1.3310875046061423,-7.806255641895632e-18
1,displacement,orthogonal_random,2,0.5625,0.78125,0.4,0.7,0.5625,0.0,1.331069690659663,0.04999933084990966,False,0.05,1.3310875046061423,3.469446951953614e-18
1,displacement,orthogonal_random,3,0.5625,0.78125,0.4,0.7,0.5625,0.0,1.3310571022907633,0.049998857989603476,False,0.05,1.3310875046061423,1.734723475976807e-18
1,displacement,orthogonal_random,4,0.5625,0.78125,0.4,0.7,0.5625,0.0,1.3310752388711848,0.049999539258879865,False,0.05,1.3310875046061423,-1.9949319973733282e-17
1,displacement,orthogonal_random,5,0.5625,0.78125,0.4,0.7,0.5625,0.0,1.3310753034674825,0.04999954168532807,False,0.05,1.3310875046061423,-6.938893903907228e-18
1,displacement,orthogonal_random,6,0.5625,0.78125,0.4,0.7,0.5625,0.0,1.331061935662086,0.04999903954683792,False,0.05,1.3310875046061423,-6.938893903907228e-18
1,displacement,orthogonal_random,7,0.5625,0.78125,0.4,0.7,0.5625,0.0,1.3310730079498783,0.049999455458179354,False,0.05,1.3310875046061423,4.336808689942018e-18
1,displacement,parallel_erasure_axis,0,0.0625,0.53125,0.4,0.7,0.0625,0.0,1.5973050055273708,0.060000000000000005,True,0.06,1.5973050055273705,
1,displacement,orthogonal_random,0,0.5625,0.78125,0.4,0.7,0.5625,0.0,1.5972762173323092,0.059998918621241584,False,0.06,1.5973050055273705,1.0408340855860843e-17
1,displacement,orthogonal_random,1,0.5625,0.78125,0.4,0.7,0.5625,0.0,1.5972751348151464,0.059998877958356574,False,0.06,1.5973050055273705,1.3877787807814457e-17
1,displacement,orthogonal_random,2,0.5625,0.78125,0.4,0.7,0.5625,0.0,1.5972896481639804,0.05999942312720474,False,0.06,1.5973050055273705,-2.7755575615628914e-17
1,displacement,orthogonal_random,3,0.5625,0.78125,0.4,0.7,0.5625,0.0,1.597260649270949,0.059998333833941486,False,0.06,1.5973050055273705,-6.938893903907228e-18
1,displacement,orthogonal_random,4,0.5625,0.78125,0.4,0.7,0.5625,0.0,1.5972766062121173,0.05999893322883901,False,0.06,1.5973050055273705,2.0816681711721685e-17
1,displacement,orthogonal_random,5,0.5625,0.78125,0.4,0.7,0.5625,0.0,1.5972734315516939,0.05999881397821077,False,0.06,1.5973050055273705,-1.734723475976807e-18
1,displacement,orthogonal_random,6,0.5625,0.78125,0.4,0.7,0.5625,0.0,1.5972899695307674,0.05999943519879229,False,0.06,1.5973050055273705,1.0408340855860843e-17
1,displacement,orthogonal_random,7,0.5625,0.78125,0.4,0.7,0.5625,0.0,1.5972890526032455,0.05999940075599575,False,0.06,1.5973050055273705,1.0408340855860843e-17
1,displacement,parallel_erasure_axis,0,0.0625,0.53125,0.4,0.7,0.0625,0.0,1.8635225064485994,0.07,True,0.07,1.8635225064485994,
1,displacement,orthogonal_random,0,0.5625,0.78125,0.4,0.7,0.5625,0.0,1.863446426423144,0.06999714218542388,False,0.07,1.8635225064485994,6.938893903907228e-18
1,displacement,orthogonal_random,1,0.5625,0.78125,0.4,0.7,0.5625,0.0,1.8635013341772668,0.06999920470024476,False,0.07,1.8635225064485994,-2.949029909160572e-17
1,displacement,orthogonal_random,2,0.5625,0.78125,0.4,0.7,0.5625,0.0,1.863499836541935,0.06999914844416368,False,0.07,1.8635225064485994,2.2551405187698492e-17
1,displacement,orthogonal_random,3,0.5625,0.78125,0.4,0.7,0.5625,0.0,1.8634802522211018,0.06999841279302257,False,0.07,1.8635225064485994,0.0
1,displacement,orthogonal_random,4,0.5625,0.78125,0.4,0.7,0.5625,0.0,1.8634921209132524,0.06999885861991637,False,0.07,1.8635225064485994,1.3877787807814457e-17
1,displacement,orthogonal_random,5,0.5625,0.78125,0.4,0.7,0.5625,0.0,1.8634851678667652,0.06999859744075033,False,0.07,1.8635225064485994,-1.0408340855860843e-17
1,displacement,orthogonal_random,6,0.5625,0.78125,0.4,0.7,0.5625,0.0,1.8634866989071919,0.06999865495163604,False,0.07,1.8635225064485994,1.1275702593849246e-17
1,displacement,orthogonal_random,7,0.5625,0.78125,0.4,0.7,0.5625,0.0,1.8634833449731951,0.06999852896690606,False,0.07,1.8635225064485994,-3.122502256758253e-17
1,displacement,parallel_erasure_axis,0,0.0625,0.53125,0.4,0.7,0.0625,0.0,2.129740007369828,0.08000000000000002,True,0.08,2.129740007369828,
1,displacement,orthogonal_random,0,0.5625,0.78125,0.4,0.7,0.5625,0.0,2.1296800503290676,0.07999774781745932,False,0.08,2.129740007369828,1.3877787807814457e-17
1,displacement,orthogonal_random,1,0.5625,0.78125,0.4,0.7,0.5625,0.0,2.1297080545797167,0.07999879974870171,False,0.08,2.129740007369828,3.729655473350135e-17
1,displacement,orthogonal_random,2,0.5625,0.78125,0.4,0.7,0.5625,0.0,2.1297064558868635,0.0799987396965696,False,0.08,2.129740007369828,2.0816681711721685e-17
1,displacement,orthogonal_random,3,0.5625,0.78125,0.4,0.7,0.5625,0.0,2.12969410578008,0.07999827578616775,False,0.08,2.129740007369828,-1.0408340855860843e-17
1,displacement,orthogonal_random,4,0.5625,0.78125,0.4,0.7,0.5625,0.0,2.1296948970983975,0.07999830551067176,False,0.08,2.129740007369828,1.9949319973733282e-17
1,displacement,orthogonal_random,5,0.5625,0.78125,0.4,0.7,0.5625,0.0,2.129694914927801,0.07999830618040246,False,0.08,2.129740007369828,-1.0408340855860843e-17
1,displacement,orthogonal_random,6,0.5625,0.78125,0.4,0.7,0.5625,0.0,2.1297012022906583,0.07999854235431424,False,0.08,2.129740007369828,6.938893903907228e-18
1,displacement,orthogonal_random,7,0.5625,0.78125,0.4,0.7,0.5625,0.0,2.129689029895457,0.07999808511934062,False,0.08,2.129740007369828,6.938893903907228e-18
1,displacement,parallel_erasure_axis,0,0.0625,0.53125,0.4,0.7,0.0625,0.0,2.395957508291056,0.09,True,0.09,2.395957508291056,
1,displacement,orthogonal_random,0,0.5,0.75,0.4,0.7,0.5,0.0,2.3958586811562044,0.08999628772960043,False,0.09,2.395957508291056,5.204170427930421e-18
1,displacement,orthogonal_random,1,0.4375,0.71875,0.4,0.7,0.4375,0.0,2.3959119281164885,0.0899982878595731,False,0.09,2.395957508291056,-2.2551405187698492e-17
1,displacement,orthogonal_random,2,0.5625,0.78125,0.4,0.7,0.5625,0.0,2.3958991019769154,0.08999780606782279,False,0.09,2.395957508291056,-1.214306433183765e-17
1,displacement,orthogonal_random,3,0.5625,0.78125,0.4,0.7,0.5625,0.0,2.395894430238962,0.08999763058206632,False,0.09,2.395957508291056,-4.163336342344337e-17
1,displacement,orthogonal_random,4,0.5625,0.78125,0.4,0.7,0.5625,0.0,2.3959262141814763,0.08999882449089668,False,0.09,2.395957508291056,-2.42861286636753e-17
1,displacement,orthogonal_random,5,0.5625,0.78125,0.4,0.7,0.5625,0.0,2.3959227642280836,0.08999869489936416,False,0.09,2.395957508291056,2.6020852139652106e-17
1,displacement,orthogonal_random,6,0.5625,0.78125,0.4,0.7,0.5625,0.0,2.395884804975547,0.089997269025693,False,0.09,2.395957508291056,1.3877787807814457e-17
1,displacement,orthogonal_random,7,0.5,0.75,0.4,0.7,0.5,0.0,2.39590753380448,0.08999812279484244,False,0.09,2.395957508291056,-6.938893903907228e-18
1,displacement,parallel_erasure_axis,0,0.0625,0.53125,0.4,0.7,0.0625,0.0,2.6621750092122847,0.1,True,0.1,2.6621750092122847,
1,displacement,orthogonal_random,0,0.5625,0.78125,0.4,0.7,0.5625,0.0,2.6621056790185604,0.09999739573117905,False,0.1,2.6621750092122847,-1.3877787807814457e-17
1,displacement,orthogonal_random,1,0.5625,0.78125,0.4,0.7,0.5625,0.0,2.662090527488921,0.09999682659017266,False,0.1,2.6621750092122847,-6.938893903907228e-18
1,displacement,orthogonal_random,2,0.5625,0.78125,0.4,0.7,0.5625,0.0,2.6620880627415984,0.09999673400620225,False,0.1,2.6621750092122847,1.734723475976807e-18
1,displacement,orthogonal_random,3,0.5625,0.78125,0.4,0.7,0.5625,0.0,2.6620683505479303,0.09999599355173927,False,0.1,2.6621750092122847,-1.3877787807814457e-17
1,displacement,orthogonal_random,4,0.5625,0.78125,0.4,0.7,0.5625,0.0,2.662113899793194,0.09999770453036036,False,0.1,2.6621750092122847,-6.071532165918825e-18
1,displacement,orthogonal_random,5,0.5625,0.78125,0.4,0.7,0.5625,0.0,2.6621275290300632,0.09999821648907165,False,0.1,2.6621750092122847,6.938893903907228e-18
1,displacement,orthogonal_random,6,0.5625,0.78125,0.4,0.7,0.5625,0.0,2.6621022020014053,0.0999972651230431,False,0.1,2.6621750092122847,-1.3877787807814457e-17
1,displacement,orthogonal_random,7,0.5,0.75,0.4,0.7,0.5,0.0,2.662133992645674,0.09999845928361327,False,0.1,2.6621750092122847,-1.0408340855860843e-17
1,displacement,parallel_erasure_axis,0,0.0625,0.53125,0.4,0.7,0.0625,0.0,3.1946100110547415,0.12000000000000001,True,0.12,3.194610011054741,
1,displacement,orthogonal_random,0,0.5625,0.78125,0.4,0.7,0.5625,0.0,3.1945371450746,0.11999726291547741,False,0.12,3.194610011054741,1.0408340855860843e-17
1,displacement,orthogonal_random,1,0.5625,0.78125,0.4,0.7,0.5625,0.0,3.194478587505614,0.11999506330167353,False,0.12,3.194610011054741,1.474514954580286e-17
1,displacement,orthogonal_random,2,0.5625,0.78125,0.4,0.7,0.5625,0.0,3.1944954098944605,0.1199956952056163,False,0.12,3.194610011054741,3.122502256758253e-17
1,displacement,orthogonal_random,3,0.5625,0.78125,0.4,0.7,0.5625,0.0,3.19453499425965,0.11999718212383365,False,0.12,3.194610011054741,-5.204170427930421e-18
1,displacement,orthogonal_random,4,0.5625,0.78125,0.4,0.7,0.5625,0.0,3.194525058034827,0.11999680888673282,False,0.12,3.194610011054741,-6.938893903907228e-18
1,displacement,orthogonal_random,5,0.5625,0.78125,0.4,0.7,0.5625,0.0,3.194525108695676,0.11999681078972001,False,0.12,3.194610011054741,-6.938893903907228e-18
1,displacement,orthogonal_random,6,0.5,0.75,0.4,0.7,0.5,0.0,3.194522496370594,0.1199967126622463,False,0.12,3.194610011054741,6.938893903907228e-18
1,displacement,orthogonal_random,7,0.5625,0.78125,0.4,0.7,0.5625,0.0,3.194505038665393,0.11999605689374346,False,0.12,3.194610011054741,3.122502256758253e-17
1,displacement,parallel_erasure_axis,0,0.0,0.5,0.4,0.7,0.0,0.0,3.9932625138184266,0.15,True,0.15,3.9932625138184266,
1,displacement,orthogonal_random,0,0.5625,0.78125,0.4,0.7,0.5625,0.0,3.9930939706005346,0.1499936689655147,False,0.15,3.9932625138184266,-3.469446951953614e-18
1,displacement,orthogonal_random,1,0.5625,0.78125,0.4,0.7,0.5625,0.0,3.9931189146666592,0.14999460594621802,False,0.15,3.9932625138184266,2.42861286636753e-17
1,displacement,orthogonal_random,2,0.5625,0.78125,0.4,0.7,0.5625,0.0,3.9931101580729846,0.14999427701992113,False,0.15,3.9932625138184266,6.938893903907228e-18
1,displacement,orthogonal_random,3,0.5625,0.78125,0.4,0.7,0.5625,0.0,3.993149015308124,0.14999573662475568,False,0.15,3.9932625138184266,-1.734723475976807e-17
1,displacement,orthogonal_random,4,0.5625,0.78125,0.4,0.7,0.5625,0.0,3.99309639935703,0.14999376019755192,False,0.15,3.9932625138184266,-8.673617379884035e-19
1,displacement,orthogonal_random,5,0.5625,0.78125,0.4,0.7,0.5625,0.0,3.9930443232443373,0.14999180404844406,False,0.15,3.9932625138184266,0.0
1,displacement,orthogonal_random,6,0.5625,0.78125,0.4,0.7,0.5625,0.0,3.993101949327547,0.14999396867259576,False,0.15,3.9932625138184266,-1.734723475976807e-18
1,displacement,orthogonal_random,7,0.5625,0.78125,0.4,0.7,0.5625,0.0,3.9931633823423636,0.1499962762975492,False,0.15,3.9932625138184266,-1.734723475976807e-18
1,displacement,parallel_erasure_axis,0,0.0,0.5,0.4,0.7,0.0,0.0,5.324350018424569,0.2,True,0.2,5.324350018424569,
1,displacement,orthogonal_random,0,0.5,0.75,0.4,0.7,0.5,0.0,5.324079827709125,0.1999898507530681,False,0.2,5.324350018424569,1.3877787807814457e-17
1,displacement,orthogonal_random,1,0.5625,0.78125,0.4,0.7,0.5625,0.0,5.3240710743253015,0.19998952194734373,False,0.2,5.324350018424569,-3.469446951953614e-18
1,displacement,orthogonal_random,2,0.5625,0.78125,0.4,0.7,0.5625,0.0,5.324099980634806,0.1999906077628669,False,0.2,5.324350018424569,-1.0408340855860843e-17
1,displacement,orthogonal_random,3,0.5625,0.78125,0.4,0.7,0.5625,0.0,5.324093507867557,0.19999036462455985,False,0.2,5.324350018424569,-3.729655473350135e-17
1,displacement,orthogonal_random,4,0.5625,0.78125,0.4,0.7,0.5625,0.0,5.324118357234269,0.1999912980480435,False,0.2,5.324350018424569,-1.0408340855860843e-17
1,displacement,orthogonal_random,5,0.5,0.75,0.4,0.7,0.5,0.0,5.324111890005145,0.1999910551177665,False,0.2,5.324350018424569,6.938893903907228e-18
1,displacement,orthogonal_random,6,0.4375,0.71875,0.4,0.7,0.4375,0.0,5.32407614545201,0.19998971243544805,False,0.2,5.324350018424569,-1.734723475976807e-18
1,displacement,orthogonal_random,7,0.5625,0.78125,0.4,0.7,0.5625,0.0,5.324134511708292,0.19999190486292104,False,0.2,5.324350018424569,1.0408340855860843e-17
1,displacement,parallel_erasure_axis,0,0.0,0.5,0.4,0.7,0.0,0.0,7.986525027636853,0.3,True,0.3,7.986525027636853,
1,displacement,orthogonal_random,0,0.625,0.8125,0.4,0.7,0.625,0.0,7.986008346834919,0.2999805917792727,False,0.3,7.986525027636853,-1.0408340855860843e-17
1,displacement,orthogonal_random,1,0.5625,0.78125,0.4,0.7,0.5625,0.0,7.985694709612903,0.299968810539462,False,0.3,7.986525027636853,8.673617379884035e-18
1,displacement,orthogonal_random,2,0.5625,0.78125,0.4,0.7,0.5625,0.0,7.985944831706458,0.29997820594332125,False,0.3,7.986525027636853,-8.673617379884035e-18
1,displacement,orthogonal_random,3,0.5625,0.78125,0.4,0.7,0.5625,0.0,7.985717583119337,0.2999696697431716,False,0.3,7.986525027636853,1.3877787807814457e-17
1,displacement,orthogonal_random,4,0.5625,0.78125,0.4,0.7,0.5625,0.0,7.985770242686871,0.29997164780875146,False,0.3,7.986525027636853,-8.673617379884035e-18
1,displacement,orthogonal_random,5,0.5625,0.78125,0.4,0.7,0.5625,0.0,7.985952268208071,0.2999784852826429,False,0.3,7.986525027636853,0.0
1,displacement,orthogonal_random,6,0.5625,0.78125,0.4,0.7,0.5625,0.0,7.986061542393205,0.29998258997841826,False,0.3,7.986525027636853,6.938893903907228e-18
1,displacement,orthogonal_random,7,0.4375,0.71875,0.4,0.7,0.4375,0.0,7.985971975022643,0.29997922553504947,False,0.3,7.986525027636853,1.734723475976807e-17
1,displacement,parallel_erasure_axis,0,0.0,0.5,0.4,0.7,0.0,0.0,13.310875046061424,0.5000000000000001,True,0.5,13.310875046061422,
1,displacement,orthogonal_random,0,0.5,0.75,0.4,0.7,0.5,0.0,13.309234792742252,0.4999383867208769,False,0.5,13.310875046061422,2.42861286636753e-17
1,displacement,orthogonal_random,1,0.375,0.6875,0.4,0.7,0.375,0.0,13.309102925305059,0.49993343334866297,True,0.5,13.310875046061422,-8.673617379884035e-19
1,displacement,orthogonal_random,2,0.5625,0.78125,0.4,0.7,0.5625,0.0,13.309045741205658,0.49993128532686865,False,0.5,13.310875046061422,-3.469446951953614e-18
1,displacement,orthogonal_random,3,0.5625,0.78125,0.4,0.7,0.5625,0.0,13.309181596638288,0.49993638850123395,False,0.5,13.310875046061422,1.3877787807814457e-17
1,displacement,orthogonal_random,4,0.625,0.8125,0.4,0.7,0.625,0.0,13.308789611239412,0.4999216642476624,False,0.5,13.310875046061422,1.0408340855860843e-17
1,displacement,orthogonal_random,5,0.4375,0.71875,0.4,0.7,0.4375,0.0,13.30910498307699,0.49993351064530667,False,0.5,13.310875046061422,1.0408340855860843e-17
1,displacement,orthogonal_random,6,0.5625,0.78125,0.4,0.7,0.5625,0.0,13.309287821147418,0.49994037864120455,False,0.5,13.310875046061422,-6.938893903907228e-18
1,displacement,orthogonal_random,7,0.5625,0.78125,0.4,0.7,0.5625,0.0,13.308988288924958,0.49992912723130767,False,0.5,13.310875046061422,2.0816681711721685e-17
1,displacement,parallel_erasure_axis,0,0.0,0.5,0.4,0.7,0.0,0.0,19.966312569092135,0.7500000000000001,True,0.75,19.966312569092132,
1,displacement,orthogonal_random,0,0.625,0.8125,0.4,0.7,0.625,0.0,19.9623475261784,0.7498510600204715,False,0.75,19.966312569092132,1.3877787807814457e-17
1,displacement,orthogonal_random,1,0.6875,0.84375,0.4,0.7,0.6875,0.0,19.962211252608366,0.7498459411394978,False,0.75,19.966312569092132,-2.688821387764051e-17
1,displacement,orthogonal_random,2,0.5625,0.78125,0.4,0.7,0.5625,0.0,19.96194294970327,0.7498358628048967,False,0.75,19.966312569092132,1.734723475976807e-18
1,displacement,orthogonal_random,3,0.3125,0.65625,0.4,0.7,0.3125,0.0,19.96081243537743,0.7497933969894665,True,0.75,19.966312569092132,3.0357660829594124e-17
1,displacement,orthogonal_random,4,0.5625,0.78125,0.4,0.7,0.5625,0.0,19.962325129518053,0.7498502187286605,False,0.75,19.966312569092132,-1.3877787807814457e-17
1,displacement,orthogonal_random,5,0.6875,0.84375,0.4,0.7,0.6875,0.0,19.961065409220947,0.749802899514381,False,0.75,19.966312569092132,4.336808689942018e-18
1,displacement,orthogonal_random,6,0.5625,0.78125,0.4,0.7,0.5625,0.0,19.962930633772807,0.7498729634487731,False,0.75,19.966312569092132,0.0
1,displacement,orthogonal_random,7,0.5625,0.78125,0.4,0.7,0.5625,0.0,19.961760293204097,0.7498290016294089,False,0.75,19.966312569092132,1.0408340855860843e-17
1,displacement,parallel_erasure_axis,0,0.0,0.5,0.4,0.7,0.0,0.0,26.621750092122845,1.0,True,1.0,26.621750092122845,
1,displacement,orthogonal_random,0,0.4375,0.71875,0.4,0.7,0.4375,0.0,26.603069611624644,0.9992983000579015,False,1.0,26.621750092122845,1.3877787807814457e-17
1,displacement,orthogonal_random,1,0.5625,0.78125,0.4,0.7,0.5625,0.0,26.602155969529477,0.999263980672737,False,1.0,26.621750092122845,0.0
1,displacement,orthogonal_random,2,0.5625,0.78125,0.4,0.7,0.5625,0.0,26.602366906661366,0.9992719041612815,False,1.0,26.621750092122845,-3.122502256758253e-17
1,displacement,orthogonal_random,3,0.5,0.75,0.4,0.7,0.5,0.0,26.603386786609537,0.9993102141876562,False,1.0,26.621750092122845,1.214306433183765e-17
1,displacement,orthogonal_random,4,0.5625,0.78125,0.4,0.7,0.5625,0.0,26.60359403835375,0.9993179992409865,False,1.0,26.621750092122845,0.0
1,displacement,orthogonal_random,5,0.9375,0.96875,0.4,0.7,0.9375,0.0,26.60181054394626,0.9992510053581156,False,1.0,26.621750092122845,-3.642919299551295e-17
1,displacement,orthogonal_random,6,0.4375,0.71875,0.4,0.7,0.4375,0.0,26.60524786362953,0.999380122327187,False,1.0,26.621750092122845,-1.0408340855860843e-17
1,displacement,orthogonal_random,7,0.6875,0.84375,0.4,0.7,0.6875,0.0,26.602480536594264,0.9992761724731882,False,1.0,26.621750092122845,-1.5612511283791264e-17
3,displacement,parallel_erasure_axis,0,0.5625,0.78125,0.4,0.7,0.5625,0.0,0.0,0.0,False,0.0,0.0,
3,displacement,orthogonal_random,0,0.5625,0.78125,0.4,0.7,0.5625,0.0,0.0,0.0,False,0.0,0.0,3.469446951953614e-18
3,displacement,orthogonal_random,1,0.5625,0.78125,0.4,0.7,0.5625,0.0,0.0,0.0,False,0.0,0.0,-1.734723475976807e-17
3,displacement,orthogonal_random,2,0.5625,0.78125,0.4,0.7,0.5625,0.0,0.0,0.0,False,0.0,0.0,-8.673617379884035e-18
3,displacement,orthogonal_random,3,0.5625,0.78125,0.4,0.7,0.5625,0.0,0.0,0.0,False,0.0,0.0,-2.0816681711721685e-17
3,displacement,orthogonal_random,4,0.5625,0.78125,0.4,0.7,0.5625,0.0,0.0,0.0,False,0.0,0.0,-1.0408340855860843e-17
3,displacement,orthogonal_random,5,0.5625,0.78125,0.4,0.7,0.5625,0.0,0.0,0.0,False,0.0,0.0,-4.163336342344337e-17
3,displacement,orthogonal_random,6,0.5625,0.78125,0.4,0.7,0.5625,0.0,0.0,0.0,False,0.0,0.0,-3.122502256758253e-17
3,displacement,orthogonal_random,7,0.5625,0.78125,0.4,0.7,0.5625,0.0,0.0,0.0,False,0.0,0.0,2.949029909160572e-17
3,displacement,parallel_erasure_axis,0,0.4375,0.71875,0.4,0.7,0.4375,0.0,0.5977252007704936,0.02,False,0.02,0.5977252007704936,
3,displacement,orthogonal_random,0,0.5625,0.78125,0.4,0.7,0.5625,0.0,0.5977223891384011,0.01999990592225026,False,0.02,0.5977252007704936,0.0
3,displacement,orthogonal_random,1,0.5625,0.78125,0.4,0.7,0.5625,0.0,0.5977246000232148,0.019999979898880686,False,0.02,0.5977252007704936,-1.0408340855860843e-17
3,displacement,orthogonal_random,2,0.5625,0.78125,0.4,0.7,0.5625,0.0,0.5977227826227827,0.01999991908831323,False,0.02,0.5977252007704936,2.42861286636753e-17
3,displacement,orthogonal_random,3,0.5625,0.78125,0.4,0.7,0.5625,0.0,0.5977226664187095,0.01999991520010263,False,0.02,0.5977252007704936,1.214306433183765e-17
3,displacement,orthogonal_random,4,0.5625,0.78125,0.4,0.7,0.5625,0.0,0.5977234904257424,0.019999942771536182,False,0.02,0.5977252007704936,2.949029909160572e-17
3,displacement,orthogonal_random,5,0.5625,0.78125,0.4,0.7,0.5625,0.0,0.5977223185144859,0.019999903559160495,False,0.02,0.5977252007704936,2.0816681711721685e-17
3,displacement,orthogonal_random,6,0.5625,0.78125,0.4,0.7,0.5625,0.0,0.5977230801325041,0.01999992904304564,False,0.02,0.5977252007704936,-3.122502256758253e-17
3,displacement,orthogonal_random,7,0.5625,0.78125,0.4,0.7,0.5625,0.0,0.5977232382646377,0.019999934334177197,False,0.02,0.5977252007704936,-2.0816681711721685e-17
3,displacement,parallel_erasure_axis,0,0.3125,0.65625,0.4,0.7,0.3125,0.0,1.195450401540987,0.039999999999999994,True,0.04,1.1954504015409873,
3,displacement,orthogonal_random,0,0.5625,0.78125,0.4,0.7,0.5625,0.0,1.195442309850425,0.039999729250479926,False,0.04,1.1954504015409873,1.5612511283791264e-17
3,displacement,orthogonal_random,1,0.5625,0.78125,0.4,0.7,0.5625,0.0,1.1954424048649848,0.03999973242968534,False,0.04,1.1954504015409873,-1.734723475976807e-17
3,displacement,orthogonal_random,2,0.5625,0.78125,0.4,0.7,0.5625,0.0,1.1954479056409009,0.03999991648670382,False,0.04,1.1954504015409873,3.469446951953614e-18
3,displacement,orthogonal_random,3,0.5625,0.78125,0.4,0.7,0.5625,0.0,1.1954451892868807,0.03999982559697667,False,0.04,1.1954504015409873,-3.2959746043559335e-17
3,displacement,orthogonal_random,4,0.5625,0.78125,0.4,0.7,0.5625,0.0,1.1954382463690543,0.03999959328561294,False,0.04,1.1954504015409873,-1.734723475976807e-17
3,displacement,orthogonal_random,5,0.5625,0.78125,0.4,0.7,0.5625,0.0,1.195437239699634,0.03999955960226083,False,0.04,1.1954504015409873,3.122502256758253e-17
3,displacement,orthogonal_random,6,0.5625,0.78125,0.4,0.7,0.5625,0.0,1.1954309240831953,0.03999934828052199,False,0.04,1.1954504015409873,3.469446951953614e-18
3,displacement,orthogonal_random,7,0.5625,0.78125,0.4,0.7,0.5625,0.0,1.1954458380360082,0.03999984730424706,False,0.04,1.1954504015409873,-8.673617379884035e-18
3,displacement,parallel_erasure_axis,0,0.25,0.625,0.4,0.7,0.25,0.0,1.4943130019262343,0.05,True,0.05,1.4943130019262343,
3,displacement,orthogonal_random,0,0.5625,0.78125,0.4,0.7,0.5625,0.0,1.494282826019944,0.04999899030838081,False,0.05,1.4943130019262343,1.0408340855860843e-17
3,displacement,orthogonal_random,1,0.5625,0.78125,0.4,0.7,0.5625,0.0,1.4942902023131297,0.04999923712056727,False,0.05,1.4943130019262343,3.469446951953614e-18
3,displacement,orthogonal_random,2,0.5625,0.78125,0.4,0.7,0.5625,0.0,1.4942994509661918,0.04999954658227477,False,0.05,1.4943130019262343,2.0816681711721685e-17
3,displacement,orthogonal_random,3,0.5625,0.78125,0.4,0.7,0.5625,0.0,1.4943024353547445,0.04999964644048884,False,0.05,1.4943130019262343,1.0408340855860843e-17
3,displacement,orthogonal_random,4,0.5625,0.78125,0.4,0.7,0.5625,0.0,1.4943002279416417,0.04999957258002253,False,0.05,1.4943130019262343,-1.3877787807814457e-17
3,displacement,orthogonal_random,5,0.5625,0.78125,0.4,0.7,0.5625,0.0,1.4942760824784793,0.049998764668188415,False,0.05,1.4943130019262343,-6.938893903907228e-18
3,displacement,orthogonal_random,6,0.5625,0.78125,0.4,0.7,0.5625,0.0,1.4943019703383131,0.04999963088094975,False,0.05,1.4943130019262343,1.3877787807814457e-17
3,displacement,orthogonal_random,7,0.5,0.75,0.4,0.7,0.5,0.0,1.4943085995987806,0.04999985269727802,False,0.05,1.4943130019262343,-2.0816681711721685e-17
3,displacement,parallel_erasure_axis,0,0.125,0.5625,0.4,0.7,0.125,0.0,1.7931756023114807,0.05999999999999999,True,0.06,1.7931756023114809,
3,displacement,orthogonal_random,0,0.5625,0.78125,0.4,0.7,0.5625,0.0,1.7931457068440697,0.05999899969191954,False,0.06,1.7931756023114809,-1.0408340855860843e-17
3,displacement,orthogonal_random,1,0.5625,0.78125,0.4,0.7,0.5625,0.0,1.7931497856464433,0.05999913616943022,False,0.06,1.7931756023114809,-8.673617379884035e-18
3,displacement,orthogonal_random,2,0.5625,0.78125,0.4,0.7,0.5625,0.0,1.7931649580275175,0.05999964384021454,False,0.06,1.7931756023114809,-4.163336342344337e-17
3,displacement,orthogonal_random,3,0.5625,0.78125,0.4,0.7,0.5625,0.0,1.7931455708722106,0.059998995142275025,False,0.06,1.7931756023114809,1.734723475976807e-18
3,displacement,orthogonal_random,4,0.5625,0.78125,0.4,0.7,0.5625,0.0,1.793158229818492,0.05999941871304852,False,0.06,1.7931756023114809,6.938893903907228e-18
3,displacement,orthogonal_random,5,0.5625,0.78125,0.4,0.7,0.5625,0.0,1.7931528785670194,0.059999239659146636,False,0.06,1.7931756023114809,3.903127820947816e-18
3,displacement,orthogonal_random,6,0.5625,0.78125,0.4,0.7,0.5625,0.0,1.793159022005406,0.05999944521977479,False,0.06,1.7931756023114809,3.469446951953614e-18
3,displacement,orthogonal_random,7,0.5625,0.78125,0.4,0.7,0.5625,0.0,1.7931604275888164,0.059999492250865614,False,0.06,1.7931756023114809,1.0408340855860843e-17
3,displacement,parallel_erasure_axis,0,0.1875,0.59375,0.4,0.7,0.1875,0.0,2.092038202696728,0.07,True,0.07,2.092038202696728,
3,displacement,orthogonal_random,0,0.5625,0.78125,0.4,0.7,0.5625,0.0,2.0919720428229813,0.06999778627791965,False,0.07,2.092038202696728,0.0
3,displacement,orthogonal_random,1,0.5625,0.78125,0.4,0.7,0.5625,0.0,2.091991866507216,0.06999844958220092,False,0.07,2.092038202696728,-2.688821387764051e-17
3,displacement,orthogonal_random,2,0.5625,0.78125,0.4,0.7,0.5625,0.0,2.092013507833517,0.06999917370513478,False,0.07,2.092038202696728,0.0
3,displacement,orthogonal_random,3,0.5625,0.78125,0.4,0.7,0.5625,0.0,2.0919994995511253,0.06999870498531591,False,0.07,2.092038202696728,-4.85722573273506e-17
3,displacement,orthogonal_random,4,0.4375,0.71875,0.4,0.7,0.4375,0.0,2.0920246533579556,0.06999954663652277,False,0.07,2.092038202696728,-2.7755575615628914e-17
3,displacement,orthogonal_random,5,0.5625,0.78125,0.4,0.7,0.5625,0.0,2.092010260803418,0.06999906505888413,False,0.07,2.092038202696728,-6.938893903907228e-18
3,displacement,orthogonal_random,6,0.5625,0.78125,0.4,0.7,0.5625,0.0,2.092009233893525,0.06999903069828191,False,0.07,2.092038202696728,3.469446951953614e-18
3,displacement,orthogonal_random,7,0.5625,0.78125,0.4,0.7,0.5625,0.0,2.091971971916661,0.06999778390538056,False,0.07,2.092038202696728,3.8163916471489756e-17
3,displacement,parallel_erasure_axis,0,0.0,0.5,0.4,0.7,0.0,0.0,2.3909008030819745,0.08,True,0.08,2.3909008030819745,
3,displacement,orthogonal_random,0,0.5625,0.78125,0.4,0.7,0.5625,0.0,2.390874249979699,0.07999911152809881,False,0.08,2.3909008030819745,-1.734723475976807e-18
3,displacement,orthogonal_random,1,0.5625,0.78125,0.4,0.7,0.5625,0.0,2.3908478879850317,0.07999822945069492,False,0.08,2.3909008030819745,6.938893903907228e-18
3,displacement,orthogonal_random,2,0.5625,0.78125,0.4,0.7,0.5625,0.0,2.3908323619876297,0.07999770994784036,False,0.08,2.3909008030819745,1.3877787807814457e-17
3,displacement,orthogonal_random,3,0.5625,0.78125,0.4,0.7,0.5625,0.0,2.390861737171333,0.07999869284712803,False,0.08,2.3909008030819745,6.938893903907228e-18
3,displacement,orthogonal_random,4,0.5,0.75,0.4,0.7,0.5,0.0,2.3908447511147544,0.07999812449041305,False,0.08,2.3909008030819745,1.734723475976807e-18
3,displacement,orthogonal_random,5,0.5625,0.78125,0.4,0.7,0.5625,0.0,2.390869010835345,0.07999893622532266,False,0.08,2.3909008030819745,-3.903127820947816e-17
3,displacement,orthogonal_random,6,0.5625,0.78125,0.4,0.7,0.5625,0.0,2.390847889846551,0.0799982295129817,False,0.08,2.3909008030819745,-2.0816681711721685e-17
3,displacement,orthogonal_random,7,0.5625,0.78125,0.4,0.7,0.5625,0.0,2.390847533825561,0.07999821760045102,False,0.08,2.3909008030819745,1.734723475976807e-17
3,displacement,parallel_erasure_axis,0,0.0,0.5,0.4,0.7,0.0,0.0,2.6897634034672215,0.09000000000000001,True,0.09,2.689763403467221,
3,displacement,orthogonal_random,0,0.5,0.75,0.4,0.7,0.5,0.0,2.689716422195059,0.08999842799761155,False,0.09,2.689763403467221,-1.734723475976807e-18
3,displacement,orthogonal_random,1,0.5625,0.78125,0.4,0.7,0.5625,0.0,2.689708964483633,0.08999817846115511,False,0.09,2.689763403467221,-6.938893903907228e-18
3,displacement,orthogonal_random,2,0.5625,0.78125,0.4,0.7,0.5625,0.0,2.689690129769222,0.08999754824799407,False,0.09,2.689763403467221,-1.0408340855860843e-17
3,displacement,orthogonal_random,3,0.5625,0.78125,0.4,0.7,0.5625,0.0,2.689715982067415,0.08999841327085606,False,0.09,2.689763403467221,2.0816681711721685e-17
3,displacement,orthogonal_random,4,0.5625,0.78125,0.4,0.7,0.5625,0.0,2.6897239426077455,0.0899986796320642,False,0.09,2.689763403467221,2.2551405187698492e-17
3,displacement,orthogonal_random,5,0.5625,0.78125,0.4,0.7,0.5625,0.0,2.689702642500628,0.08999796692638974,False,0.09,2.689763403467221,-6.938893903907228e-18
3,displacement,orthogonal_random,6,0.5625,0.78125,0.4,0.7,0.5625,0.0,2.6897082846431783,0.08999815571356296,False,0.09,2.689763403467221,0.0
3,displacement,orthogonal_random,7,0.5625,0.78125,0.4,0.7,0.5625,0.0,2.6896682934795226,0.08999681760154746,False,0.09,2.689763403467221,-2.0816681711721685e-17
3,displacement,parallel_erasure_axis,0,0.0,0.5,0.4,0.7,0.0,0.0,2.988626003852468,0.09999999999999999,True,0.1,2.9886260038524686,
3,displacement,orthogonal_random,0,0.5625,0.78125,0.4,0.7,0.5625,0.0,2.9885645174096545,0.09999794265181611,False,0.1,2.9886260038524686,-3.469446951953614e-18
3,displacement,orthogonal_random,1,0.5625,0.78125,0.4,0.7,0.5625,0.0,2.9885448827585446,0.0999972856726195,False,0.1,2.9886260038524686,0.0
3,displacement,orthogonal_random,2,0.5625,0.78125,0.4,0.7,0.5625,0.0,2.9885516288975618,0.09999751139972647,False,0.1,2.9886260038524686,3.122502256758253e-17
3,displacement,orthogonal_random,3,0.5,0.75,0.4,0.7,0.5,0.0,2.9885272078385348,0.09999669426640181,False,0.1,2.9886260038524686,-1.3877787807814457e-17
3,displacement,orthogonal_random,4,0.5625,0.78125,0.4,0.7,0.5625,0.0,2.9885588255548203,0.09999775220126034,False,0.1,2.9886260038524686,-3.8163916471489756e-17
3,displacement,orthogonal_random,5,0.5625,0.78125,0.4,0.7,0.5625,0.0,2.988556387571426,0.0999976706258678,False,0.1,2.9886260038524686,-4.85722573273506e-17
3,displacement,orthogonal_random,6,0.5625,0.78125,0.4,0.7,0.5625,0.0,2.988555023732969,0.09999762499157112,False,0.1,2.9886260038524686,-2.0816681711721685e-17
3,displacement,orthogonal_random,7,0.5625,0.78125,0.4,0.7,0.5625,0.0,2.988544462079653,0.09999727159662299,False,0.1,2.9886260038524686,2.42861286636753e-17
3,displacement,parallel_erasure_axis,0,0.0,0.5,0.4,0.7,0.0,0.0,3.5863512046229618,0.12,True,0.12,3.5863512046229618,
3,displacement,orthogonal_random,0,0.5625,0.78125,0.4,0.7,0.5625,0.0,3.586217325168414,0.11999552036774172,False,0.12,3.5863512046229618,1.3877787807814457e-17
3,displacement,orthogonal_random,1,0.5625,0.78125,0.4,0.7,0.5625,0.0,3.586269797994237,0.11999727611857021,False,0.12,3.5863512046229618,3.469446951953614e-18
3,displacement,orthogonal_random,2,0.5,0.75,0.4,0.7,0.5,0.0,3.5861867272721955,0.11999449655625848,False,0.12,3.5863512046229618,0.0
3,displacement,orthogonal_random,3,0.5625,0.78125,0.4,0.7,0.5625,0.0,3.586213223815163,0.11999538313567436,False,0.12,3.5863512046229618,-1.3877787807814457e-17
3,displacement,orthogonal_random,4,0.5625,0.78125,0.4,0.7,0.5625,0.0,3.5862416319547714,0.11999633367748092,False,0.12,3.5863512046229618,-3.469446951953614e-18
3,displacement,orthogonal_random,5,0.5625,0.78125,0.4,0.7,0.5625,0.0,3.58621472009217,0.11999543320139033,False,0.12,3.5863512046229618,2.6020852139652106e-17
3,displacement,orthogonal_random,6,0.5625,0.78125,0.4,0.7,0.5625,0.0,3.586192700319686,0.11999469641557453,False,0.12,3.5863512046229618,0.0
3,displacement,orthogonal_random,7,0.5625,0.78125,0.4,0.7,0.5625,0.0,3.586283400703697,0.1199977312678409,False,0.12,3.5863512046229618,-4.683753385137379e-17
3,displacement,parallel_erasure_axis,0,0.0,0.5,0.4,0.7,0.0,0.0,4.482939005778702,0.15,True,0.15,4.482939005778702,
3,displacement,orthogonal_random,0,0.5625,0.78125,0.4,0.7,0.5625,0.0,4.482750483649852,0.14999369201336643,False,0.15,4.482939005778702,-6.938893903907228e-18
3,displacement,orthogonal_random,1,0.5625,0.78125,0.4,0.7,0.5625,0.0,4.482683735380006,0.14999145860343963,False,0.15,4.482939005778702,-2.6020852139652106e-18
3,displacement,orthogonal_random,2,0.5625,0.78125,0.4,0.7,0.5625,0.0,4.482764281925008,0.14999415370630287,False,0.15,4.482939005778702,-8.673617379884035e-18
3,displacement,orthogonal_random,3,0.5625,0.78125,0.4,0.7,0.5625,0.0,4.482707641189524,0.14999225849641676,False,0.15,4.482939005778702,1.734723475976807e-17
3,displacement,orthogonal_random,4,0.5625,0.78125,0.4,0.7,0.5625,0.0,4.482736406093763,0.14999322097563636,False,0.15,4.482939005778702,1.0408340855860843e-17
3,displacement,orthogonal_random,5,0.5625,0.78125,0.4,0.7,0.5625,0.0,4.482727930464195,0.14999293737944341,False,0.15,4.482939005778702,1.734723475976807e-17
3,displacement,orthogonal_random,6,0.5625,0.78125,0.4,0.7,0.5625,0.0,4.482738512297291,0.14999329144961088,False,0.15,4.482939005778702,-1.0408340855860843e-17
3,displacement,orthogonal_random,7,0.5625,0.78125,0.4,0.7,0.5625,0.0,4.482739003220309,0.1499933078759893,False,0.15,4.482939005778702,-1.0408340855860843e-17
3,displacement,parallel_erasure_axis,0,0.0,0.5,0.4,0.7,0.0,0.0,5.977252007704936,0.19999999999999998,True,0.2,5.977252007704937,
3,displacement,orthogonal_random,0,0.625,0.8125,0.4,0.7,0.625,0.0,5.976852676836351,0.19998663831245292,False,0.2,5.977252007704937,1.0408340855860843e-17
3,displacement,orthogonal_random,1,0.5625,0.78125,0.4,0.7,0.5625,0.0,5.976928876938754,0.19998918798251217,False,0.2,5.977252007704937,7.806255641895632e-18
3,displacement,orthogonal_random,2,0.4375,0.71875,0.4,0.7,0.4375,0.0,5.9769668309976,0.19999045793260953,False,0.2,5.977252007704937,-6.938893903907228e-18
3,displacement,orthogonal_random,3,0.625,0.8125,0.4,0.7,0.625,0.0,5.9769572255265135,0.19999013653170242,False,0.2,5.977252007704937,-1.9949319973733282e-17
3,displacement,orthogonal_random,4,0.5625,0.78125,0.4,0.7,0.5625,0.0,5.976919249425893,0.19998886584408304,False,0.2,5.977252007704937,9.540979117872439e-18
3,displacement,orthogonal_random,5,0.4375,0.71875,0.4,0.7,0.4375,0.0,5.976883598808088,0.19998767296756526,False,0.2,5.977252007704937,0.0
3,displacement,orthogonal_random,6,0.5625,0.78125,0.4,0.7,0.5625,0.0,5.976915292862445,0.1999887334567103,False,0.2,5.977252007704937,1.214306433183765e-17
3,displacement,orthogonal_random,7,0.5625,0.78125,0.4,0.7,0.5625,0.0,5.97694494375758,0.19998972558135542,False,0.2,5.977252007704937,3.469446951953614e-18
3,displacement,parallel_erasure_axis,0,0.0,0.5,0.4,0.7,0.0,0.0,8.965878011557406,0.30000000000000004,True,0.3,8.965878011557404,
3,displacement,orthogonal_random,0,0.5625,0.78125,0.4,0.7,0.5625,0.0,8.965054559712346,0.2999724471431354,False,0.3,8.965878011557404,6.938893903907228e-18
3,displacement,orthogonal_random,1,0.5,0.75,0.4,0.7,0.5,0.0,8.964833972314622,0.2999650662464478,False,0.3,8.965878011557404,-3.469446951953614e-17
3,displacement,orthogonal_random,2,0.5625,0.78125,0.4,0.7,0.5625,0.0,8.965355036716032,0.29998250116137987,False,0.3,8.965878011557404,-1.214306433183765e-17
3,displacement,orthogonal_random,3,0.5,0.75,0.4,0.7,0.5,0.0,8.964469721192307,0.29995287833394735,False,0.3,8.965878011557404,-1.214306433183765e-17
3,displacement,orthogonal_random,4,0.4375,0.71875,0.4,0.7,0.4375,0.0,8.96510932516188,0.29997427960559353,False,0.3,8.965878011557404,2.0816681711721685e-17
3,displacement,orthogonal_random,5,0.5625,0.78125,0.4,0.7,0.5625,0.0,8.965141368228739,0.29997535177276397,False,0.3,8.965878011557404,3.469446951953614e-17
3,displacement,orthogonal_random,6,0.4375,0.71875,0.4,0.7,0.4375,0.0,8.965138310333336,0.29997524945499654,False,0.3,8.965878011557404,-1.734723475976807e-17
3,displacement,orthogonal_random,7,0.5625,0.78125,0.4,0.7,0.5625,0.0,8.965121616960227,0.2999746908915267,False,0.3,8.965878011557404,4.336808689942018e-18
3,displacement,parallel_erasure_axis,0,0.0,0.5,0.4,0.7,0.0,0.0,14.943130019262341,0.5,True,0.5,14.943130019262341,
3,displacement,orthogonal_random,0,0.4375,0.71875,0.4,0.7,0.4375,0.0,14.940832350306813,0.49992311955552265,False,0.5,14.943130019262341,-2.0816681711721685e-17
3,displacement,orthogonal_random,1,0.4375,0.71875,0.4,0.7,0.4375,0.0,14.940680877727434,0.4999180512539291,False,0.5,14.943130019262341,-2.6020852139652106e-18
3,displacement,orthogonal_random,2,0.625,0.8125,0.4,0.7,0.625,0.0,14.940733336794414,0.49991980654438406,False,0.5,14.943130019262341,-6.938893903907228e-18
3,displacement,orthogonal_random,3,0.375,0.6875,0.4,0.7,0.375,0.0,14.940694843885522,0.4999185185642606,True,0.5,14.943130019262341,5.204170427930421e-18
3,displacement,orthogonal_random,4,0.5625,0.78125,0.4,0.7,0.5625,0.0,14.940797768174427,0.4999219624307321,False,0.5,14.943130019262341,-3.469446951953614e-18
3,displacement,orthogonal_random,5,0.625,0.8125,0.4,0.7,0.625,0.0,14.940899722470634,0.49992537384106167,False,0.5,14.943130019262341,5.204170427930421e-18
3,displacement,orthogonal_random,6,0.5625,0.78125,0.4,0.7,0.5625,0.0,14.941261234617834,0.4999374701069288,False,0.5,14.943130019262341,-3.122502256758253e-17
3,displacement,orthogonal_random,7,0.5625,0.78125,0.4,0.7,0.5625,0.0,14.940979397098332,0.4999280397694045,False,0.5,14.943130019262341,-5.204170427930421e-17
3,displacement,parallel_erasure_axis,0,0.0,0.5,0.4,0.7,0.0,0.0,22.41469502889351,0.75,True,0.75,22.41469502889351,
3,displacement,orthogonal_random,0,0.4375,0.71875,0.4,0.7,0.4375,0.0,22.407019729645427,0.7497431830132579,False,0.75,22.41469502889351,-2.42861286636753e-17
3,displacement,orthogonal_random,1,0.625,0.8125,0.4,0.7,0.625,0.0,22.407969183166916,0.7497749519104121,False,0.75,22.41469502889351,-1.3877787807814457e-17
3,displacement,orthogonal_random,2,0.4375,0.71875,0.4,0.7,0.4375,0.0,22.407391201626027,0.7497556125370631,False,0.75,22.41469502889351,1.3877787807814457e-17
3,displacement,orthogonal_random,3,0.4375,0.71875,0.4,0.7,0.4375,0.0,22.409023571183056,0.7498102319359081,False,0.75,22.41469502889351,-2.0816681711721685e-17
3,displacement,orthogonal_random,4,0.5625,0.78125,0.4,0.7,0.5625,0.0,22.409038963393925,0.7498107469622397,False,0.75,22.41469502889351,-1.214306433183765e-17
3,displacement,orthogonal_random,5,0.0,0.5,0.4,0.7,0.0,0.0,22.40846066208631,0.7497913968894346,True,0.75,22.41469502889351,-6.5052130349130266e-18
3,displacement,orthogonal_random,6,0.0625,0.53125,0.4,0.7,0.0625,0.0,22.407566541467034,0.7497614794418141,True,0.75,22.41469502889351,-3.469446951953614e-17
3,displacement,orthogonal_random,7,0.5625,0.78125,0.4,0.7,0.5625,0.0,22.407411574726265,0.7497562942249094,False,0.75,22.41469502889351,6.938893903907228e-18
3,displacement,parallel_erasure_axis,0,0.0,0.5,0.4,0.7,0.0,0.0,29.886260038524682,1.0,True,1.0,29.886260038524682,
3,displacement,orthogonal_random,0,0.25,0.625,0.4,0.7,0.25,0.0,29.84604222928462,0.998654304379731,True,1.0,29.886260038524682,-3.469446951953614e-18
3,displacement,orthogonal_random,1,0.0625,0.53125,0.4,0.7,0.0625,0.0,29.844413919764275,0.9985998208304931,True,1.0,29.886260038524682,6.938893903907228e-18
3,displacement,orthogonal_random,2,0.125,0.5625,0.4,0.7,0.125,0.0,29.844327827646616,0.9985969401717039,True,1.0,29.886260038524682,-1.734723475976807e-17
3,displacement,orthogonal_random,3,0.125,0.5625,0.4,0.7,0.125,0.0,29.845883970249375,0.9986490090020209,True,1.0,29.886260038524682,-1.0842021724855044e-17
3,displacement,orthogonal_random,4,0.0,0.5,0.4,0.7,0.0,0.0,29.846044932977296,0.9986543948458072,True,1.0,29.886260038524682,1.734723475976807e-18
3,displacement,orthogonal_random,5,0.9375,0.96875,0.4,0.7,0.9375,0.0,29.84422117796633,0.9985933716529213,False,1.0,29.886260038524682,2.2985086056692694e-17
3,displacement,orthogonal_random,6,0.375,0.6875,0.4,0.7,0.375,0.0,29.847922528863318,0.9987172195647115,True,1.0,29.886260038524682,-1.214306433183765e-17
3,displacement,orthogonal_random,7,0.5,0.75,0.4,0.7,0.5,0.0,29.84272589239792,0.9985433391106601,False,1.0,29.886260038524682,-1.0408340855860843e-17
4,displacement,parallel_erasure_axis,0,0.6875,0.84375,0.4,0.7,0.6875,0.0,0.0,0.0,False,0.0,0.0,
4,displacement,orthogonal_random,0,0.6875,0.84375,0.4,0.7,0.6875,0.0,0.0,0.0,False,0.0,0.0,1.5612511283791264e-17
4,displacement,orthogonal_random,1,0.6875,0.84375,0.4,0.7,0.6875,0.0,0.0,0.0,False,0.0,0.0,0.0
4,displacement,orthogonal_random,2,0.6875,0.84375,0.4,0.7,0.6875,0.0,0.0,0.0,False,0.0,0.0,1.0408340855860843e-17
4,displacement,orthogonal_random,3,0.6875,0.84375,0.4,0.7,0.6875,0.0,0.0,0.0,False,0.0,0.0,-3.469446951953614e-18
4,displacement,orthogonal_random,4,0.6875,0.84375,0.4,0.7,0.6875,0.0,0.0,0.0,False,0.0,0.0,3.469446951953614e-18
4,displacement,orthogonal_random,5,0.6875,0.84375,0.4,0.7,0.6875,0.0,0.0,0.0,False,0.0,0.0,1.9081958235744878e-17
4,displacement,orthogonal_random,6,0.6875,0.84375,0.4,0.7,0.6875,0.0,0.0,0.0,False,0.0,0.0,2.7755575615628914e-17
4,displacement,orthogonal_random,7,0.6875,0.84375,0.4,0.7,0.6875,0.0,0.0,0.0,False,0.0,0.0,0.0
4,displacement,parallel_erasure_axis,0,0.5,0.75,0.4,0.7,0.5,0.0,0.35375451620246195,0.020000000000000007,False,0.02,0.35375451620246184,
4,displacement,orthogonal_random,0,0.6875,0.84375,0.4,0.7,0.6875,0.0,0.35375238112187485,0.019999879290271125,False,0.02,0.35375451620246184,-5.204170427930421e-18
4,displacement,orthogonal_random,1,0.6875,0.84375,0.4,0.7,0.6875,0.0,0.3537544352137507,0.019999995421191397,False,0.02,0.35375451620246184,5.204170427930421e-18
4,displacement,orthogonal_random,2,0.6875,0.84375,0.4,0.7,0.6875,0.0,0.353753758888895,0.019999957184231882,False,0.02,0.35375451620246184,-1.0408340855860843e-17
4,displacement,orthogonal_random,3,0.6875,0.84375,0.4,0.7,0.6875,0.0,0.3537539428791863,0.019999967586377038,False,0.02,0.35375451620246184,-1.734723475976807e-17
4,displacement,orthogonal_random,4,0.6875,0.84375,0.4,0.7,0.6875,0.0,0.35375291348244214,0.019999909388010825,False,0.02,0.35375451620246184,-2.168404344971009e-17
4,displacement,orthogonal_random,5,0.6875,0.84375,0.4,0.7,0.6875,0.0,0.3537533210517896,0.019999932430506608,False,0.02,0.35375451620246184,6.938893903907228e-18
4,displacement,orthogonal_random,6,0.6875,0.84375,0.4,0.7,0.6875,0.0,0.35375215721651593,0.019999866631472515,False,0.02,0.35375451620246184,-8.673617379884035e-18
4,displacement,orthogonal_random,7,0.6875,0.84375,0.4,0.7,0.6875,0.0,0.3537540430221596,0.0199999732480983,False,0.02,0.35375451620246184,0.0
4,displacement,parallel_erasure_axis,0,0.4375,0.71875,0.4,0.7,0.4375,0.0,0.7075090324049237,0.04,False,0.04,0.7075090324049237,
4,displacement,orthogonal_random,0,0.6875,0.84375,0.4,0.7,0.6875,0.0,0.7075070212361855,0.03999988629579858,False,0.04,0.7075090324049237,0.0
4,displacement,orthogonal_random,1,0.6875,0.84375,0.4,0.7,0.6875,0.0,0.7075023490738716,0.03999962214865134,False,0.04,0.7075090324049237,-6.938893903907228e-18
4,displacement,orthogonal_random,2,0.625,0.8125,0.4,0.7,0.625,0.0,0.7075029414160711,0.03999965563753543,False,0.04,0.7075090324049237,-1.8214596497756474e-17
4,displacement,orthogonal_random,3,0.625,0.8125,0.4,0.7,0.625,0.0,0.7075023713980162,0.03999962341077768,False,0.04,0.7075090324049237,-6.938893903907228e-18
4,displacement,orthogonal_random,4,0.6875,0.84375,0.4,0.7,0.6875,0.0,0.7075050019138687,0.039999772130623334,False,0.04,0.7075090324049237,-3.469446951953614e-18
4,displacement,orthogonal_random,5,0.6875,0.84375,0.4,0.7,0.6875,0.0,0.7074967468880795,0.03999930542134269,False,0.04,0.7075090324049237,-1.5612511283791264e-17
4,displacement,orthogonal_random,6,0.625,0.8125,0.4,0.7,0.625,0.0,0.7074997922768472,0.03999947759660142,False,0.04,0.7075090324049237,-5.204170427930421e-18
4,displacement,orthogonal_random,7,0.6875,0.84375,0.4,0.7,0.6875,0.0,0.7075039774692954,0.039999714212234944,False,0.04,0.7075090324049237,1.0408340855860843e-17
4,displacement,parallel_erasure_axis,0,0.3125,0.65625,0.4,0.7,0.3125,0.0,0.8843862905061547,0.05000000000000001,True,0.05,0.8843862905061546,
4,displacement,orthogonal_random,0,0.6875,0.84375,0.4,0.7,0.6875,0.0,0.8843819105771108,0.049999752374664176,False,0.05,0.8843862905061546,0.0
4,displacement,orthogonal_random,1,0.6875,0.84375,0.4,0.7,0.6875,0.0,0.8843755414600031,0.04999939228783469,False,0.05,0.8843862905061546,-1.5612511283791264e-17
4,displacement,orthogonal_random,2,0.6875,0.84375,0.4,0.7,0.6875,0.0,0.884378822622776,0.04999957779290234,False,0.05,0.8843862905061546,2.0816681711721685e-17
4,displacement,orthogonal_random,3,0.6875,0.84375,0.4,0.7,0.6875,0.0,0.8843720664972192,0.04999919582601585,False,0.05,0.8843862905061546,1.3877787807814457e-17
4,displacement,orthogonal_random,4,0.625,0.8125,0.4,0.7,0.625,0.0,0.8843785750282691,0.04999956379480504,False,0.05,0.8843862905061546,0.0
4,displacement,orthogonal_random,5,0.6875,0.84375,0.4,0.7,0.6875,0.0,0.8843822940312622,0.04999977405377406,False,0.05,0.8843862905061546,1.3877787807814457e-17
4,displacement,orthogonal_random,6,0.625,0.8125,0.4,0.7,0.625,0.0,0.8843738851114672,0.049999298643883305,False,0.05,0.8843862905061546,-8.239936510889834e-18
4,displacement,orthogonal_random,7,0.6875,0.84375,0.4,0.7,0.6875,0.0,0.8843775199540997,0.04999950414473014,False,0.05,0.8843862905061546,1.734723475976807e-18
4,displacement,parallel_erasure_axis,0,0.3125,0.65625,0.4,0.7,0.3125,0.0,1.0612635486073854,0.06,True,0.06,1.0612635486073854,
4,displacement,orthogonal_random,0,0.6875,0.84375,0.4,0.7,0.6875,0.0,1.0612503091155883,0.05999925148705157,False,0.06,1.0612635486073854,-5.204170427930421e-18
4,displacement,orthogonal_random,1,0.625,0.8125,0.4,0.7,0.625,0.0,1.0612479907828256,0.05999912041690793,False,0.06,1.0612635486073854,-6.938893903907228e-18
4,displacement,orthogonal_random,2,0.6875,0.84375,0.4,0.7,0.6875,0.0,1.0612359498667432,0.059998439667092396,False,0.06,1.0612635486073854,1.3877787807814457e-17
4,displacement,orthogonal_random,3,0.6875,0.84375,0.4,0.7,0.6875,0.0,1.061252058034871,0.05999935036461794,False,0.06,1.0612635486073854,8.673617379884035e-18
4,displacement,orthogonal_random,4,0.625,0.8125,0.4,0.7,0.625,0.0,1.061258916213614,0.05999973810122221,False,0.06,1.0612635486073854,-8.673617379884035e-18
4,displacement,orthogonal_random,5,0.6875,0.84375,0.4,0.7,0.6875,0.0,1.0612439151479243,0.059998889995261574,False,0.06,1.0612635486073854,6.938893903907228e-18
4,displacement,orthogonal_random,6,0.6875,0.84375,0.4,0.7,0.6875,0.0,1.0612269499916753,0.059997930846729365,False,0.06,1.0612635486073854,1.3877787807814457e-17
4,displacement,orthogonal_random,7,0.6875,0.84375,0.4,0.7,0.6875,0.0,1.0612475460778974,0.059999095274900806,False,0.06,1.0612635486073854,-6.938893903907228e-18
4,displacement,parallel_erasure_axis,0,0.25,0.625,0.4,0.7,0.25,0.0,1.2381408067086166,0.07,True,0.07,1.2381408067086164,
4,displacement,orthogonal_random,0,0.6875,0.84375,0.4,0.7,0.6875,0.0,1.2381141615413458,0.06999849357867956,False,0.07,1.2381408067086164,-3.469446951953614e-18
4,displacement,orthogonal_random,1,0.6875,0.84375,0.4,0.7,0.6875,0.0,1.2381268492085369,0.06999921089346198,False,0.07,1.2381408067086164,-6.938893903907228e-18
4,displacement,orthogonal_random,2,0.625,0.8125,0.4,0.7,0.625,0.0,1.2381202911618063,0.06999884012523541,False,0.07,1.2381408067086164,-1.734723475976807e-18
4,displacement,orthogonal_random,3,0.625,0.8125,0.4,0.7,0.625,0.0,1.2381104113110755,0.06999828155423331,False,0.07,1.2381408067086164,-3.469446951953614e-18
4,displacement,orthogonal_random,4,0.6875,0.84375,0.4,0.7,0.6875,0.0,1.2380984431141495,0.06999760491569569,False,0.07,1.2381408067086164,-1.474514954580286e-17
4,displacement,orthogonal_random,5,0.625,0.8125,0.4,0.7,0.625,0.0,1.2381100681485784,0.06999826215306773,False,0.07,1.2381408067086164,1.734723475976807e-18
4,displacement,orthogonal_random,6,0.625,0.8125,0.4,0.7,0.625,0.0,1.238096247070061,0.06999748075931107,False,0.07,1.2381408067086164,1.734723475976807e-18
4,displacement,orthogonal_random,7,0.625,0.8125,0.4,0.7,0.625,0.0,1.2381108758196462,0.06999830781586669,False,0.07,1.2381408067086164,1.734723475976807e-18
4,displacement,parallel_erasure_axis,0,0.1875,0.59375,0.4,0.7,0.1875,0.0,1.4150180648098474,0.08,True,0.08,1.4150180648098474,
4,displacement,orthogonal_random,0,0.6875,0.84375,0.4,0.7,0.6875,0.0,1.4149960973287796,0.07999875803812749,False,0.08,1.4150180648098474,1.0408340855860843e-17
4,displacement,orthogonal_random,1,0.625,0.8125,0.4,0.7,0.625,0.0,1.4150043263567633,0.07999922327758631,False,0.08,1.4150180648098474,1.0408340855860843e-17
4,displacement,orthogonal_random,2,0.625,0.8125,0.4,0.7,0.625,0.0,1.4149857567802944,0.07999817342094175,False,0.08,1.4150180648098474,0.0
4,displacement,orthogonal_random,3,0.625,0.8125,0.4,0.7,0.625,0.0,1.414989955484255,0.0799984108004673,False,0.08,1.4150180648098474,6.938893903907228e-18
4,displacement,orthogonal_random,4,0.6875,0.84375,0.4,0.7,0.6875,0.0,1.4149752149975814,0.0799975774267011,False,0.08,1.4150180648098474,-5.204170427930421e-18
4,displacement,orthogonal_random,5,0.625,0.8125,0.4,0.7,0.625,0.0,1.4149732037300855,0.07999746371691628,False,0.08,1.4150180648098474,0.0
4,displacement,orthogonal_random,6,0.6875,0.84375,0.4,0.7,0.6875,0.0,1.4149786201298005,0.07999776994055255,False,0.08,1.4150180648098474,5.204170427930421e-18
4,displacement,orthogonal_random,7,0.6875,0.84375,0.4,0.7,0.6875,0.0,1.4149811161910744,0.07999791105882297,False,0.08,1.4150180648098474,-1.9081958235744878e-17
4,displacement,parallel_erasure_axis,0,0.1875,0.59375,0.4,0.7,0.1875,0.0,1.5918953229110782,0.09,True,0.09,1.5918953229110782,
4,displacement,orthogonal_random,0,0.625,0.8125,0.4,0.7,0.625,0.0,1.591845554042439,0.08999718624829595,False,0.09,1.5918953229110782,-1.214306433183765e-17
4,displacement,orthogonal_random,1,0.625,0.8125,0.4,0.7,0.625,0.0,1.591845120374724,0.0899971617302929,False,0.09,1.5918953229110782,1.431146867680866e-17
4,displacement,orthogonal_random,2,0.6875,0.84375,0.4,0.7,0.6875,0.0,1.5918619838767767,0.08999811513166478,False,0.09,1.5918953229110782,0.0
4,displacement,orthogonal_random,3,0.625,0.8125,0.4,0.7,0.625,0.0,1.5918391167755968,0.08999682230852712,False,0.09,1.5918953229110782,1.734723475976807e-18
4,displacement,orthogonal_random,4,0.625,0.8125,0.4,0.7,0.625,0.0,1.591870722834275,0.08999860920069278,False,0.09,1.5918953229110782,3.469446951953614e-18
4,displacement,orthogonal_random,5,0.6875,0.84375,0.4,0.7,0.6875,0.0,1.5918646953598892,0.08999826842910627,False,0.09,1.5918953229110782,0.0
4,displacement,orthogonal_random,6,0.6875,0.84375,0.4,0.7,0.6875,0.0,1.5918667213623818,0.08999838297195449,False,0.09,1.5918953229110782,-1.734723475976807e-18
4,displacement,orthogonal_random,7,0.625,0.8125,0.4,0.7,0.625,0.0,1.591857610087442,0.08999786785344588,False,0.09,1.5918953229110782,1.0842021724855044e-17
4,displacement,parallel_erasure_axis,0,0.1875,0.59375,0.4,0.7,0.1875,0.0,1.7687725810123092,0.1,True,0.1,1.7687725810123092,
4,displacement,orthogonal_random,0,0.625,0.8125,0.4,0.7,0.625,0.0,1.7687400917673888,0.09999816317568075,False,0.1,1.7687725810123092,1.8214596497756474e-17
4,displacement,orthogonal_random,1,0.625,0.8125,0.4,0.7,0.625,0.0,1.7687089368501967,0.0999964017894219,False,0.1,1.7687725810123092,0.0
4,displacement,orthogonal_random,2,0.6875,0.84375,0.4,0.7,0.6875,0.0,1.7687292891504605,0.0999975524348176,False,0.1,1.7687725810123092,1.9081958235744878e-17
4,displacement,orthogonal_random,3,0.625,0.8125,0.4,0.7,0.625,0.0,1.7686954269611377,0.09999563798919095,False,0.1,1.7687725810123092,-9.540979117872439e-18
4,displacement,orthogonal_random,4,0.625,0.8125,0.4,0.7,0.625,0.0,1.7687148645442898,0.09999673691979179,False,0.1,1.7687725810123092,2.6020852139652106e-18
4,displacement,orthogonal_random,5,0.625,0.8125,0.4,0.7,0.625,0.0,1.7687280007818968,0.09999747959512202,False,0.1,1.7687725810123092,-2.0816681711721685e-17
4,displacement,orthogonal_random,6,0.6875,0.84375,0.4,0.7,0.6875,0.0,1.7686951226172065,0.09999562078268659,False,0.1,1.7687725810123092,-1.3877787807814457e-17
4,displacement,orthogonal_random,7,0.625,0.8125,0.4,0.7,0.625,0.0,1.7687162602682973,0.09999681582897563,False,0.1,1.7687725810123092,8.673617379884035e-18
4,displacement,parallel_erasure_axis,0,0.125,0.5625,0.4,0.7,0.125,0.0,2.122527097214771,0.12000000000000001,True,0.12,2.1225270972147707,
4,displacement,orthogonal_random,0,0.625,0.8125,0.4,0.7,0.625,0.0,2.1224761519721955,0.11999711974037125,False,0.12,2.1225270972147707,-2.6020852139652106e-18
4,displacement,orthogonal_random,1,0.625,0.8125,0.4,0.7,0.625,0.0,2.1224587944907256,0.11999613841119099,False,0.12,2.1225270972147707,2.949029909160572e-17
4,displacement,orthogonal_random,2,0.625,0.8125,0.4,0.7,0.625,0.0,2.122422499495715,0.11999408642353579,False,0.12,2.1225270972147707,6.938893903907228e-18
4,displacement,orthogonal_random,3,0.6875,0.84375,0.4,0.7,0.6875,0.0,2.1224493185990085,0.11999560267856946,False,0.12,2.1225270972147707,0.0
4,displacement,orthogonal_random,4,0.625,0.8125,0.4,0.7,0.625,0.0,2.1224575342752767,0.11999606716317061,False,0.12,2.1225270972147707,-1.734723475976807e-18
4,displacement,orthogonal_random,5,0.6875,0.84375,0.4,0.7,0.6875,0.0,2.1224363702156963,0.11999487062384116,False,0.12,2.1225270972147707,7.806255641895632e-18
4,displacement,orthogonal_random,6,0.625,0.8125,0.4,0.7,0.625,0.0,2.1224579223888433,0.11999608910570697,False,0.12,2.1225270972147707,9.540979117872439e-18
4,displacement,orthogonal_random,7,0.6875,0.84375,0.4,0.7,0.6875,0.0,2.1224683069240933,0.11999667620974518,False,0.12,2.1225270972147707,1.214306433183765e-17
4,displacement,parallel_erasure_axis,0,0.0625,0.53125,0.4,0.7,0.0625,0.0,2.6531588715184635,0.15,True,0.15,2.6531588715184635,
4,displacement,orthogonal_random,0,0.6875,0.84375,0.4,0.7,0.6875,0.0,2.653044552582226,0.14999353682110042,False,0.15,2.6531588715184635,-8.673617379884035e-18
4,displacement,orthogonal_random,1,0.6875,0.84375,0.4,0.7,0.6875,0.0,2.6530153049018446,0.14999188326310797,False,0.15,2.6531588715184635,-7.806255641895632e-18
4,displacement,orthogonal_random,2,0.625,0.8125,0.4,0.7,0.625,0.0,2.6530677122527417,0.14999484618504944,False,0.15,2.6531588715184635,-2.0816681711721685e-17
4,displacement,orthogonal_random,3,0.6875,0.84375,0.4,0.7,0.6875,0.0,2.653021610349661,0.14999223975030615,False,0.15,2.6531588715184635,1.0408340855860843e-17
4,displacement,orthogonal_random,4,0.625,0.8125,0.4,0.7,0.625,0.0,2.6530460949017276,0.1499936240182629,False,0.15,2.6531588715184635,1.0408340855860843e-17
4,displacement,orthogonal_random,5,0.625,0.8125,0.4,0.7,0.625,0.0,2.6530560933259135,0.14999418929297903,False,0.15,2.6531588715184635,1.0408340855860843e-17
4,displacement,orthogonal_random,6,0.625,0.8125,0.4,0.7,0.625,0.0,2.6530783606099355,0.1499954482046255,False,0.15,2.6531588715184635,-7.37257477290143e-18
4,displacement,orthogonal_random,7,0.625,0.8125,0.4,0.7,0.625,0.0,2.6530338637297386,0.14999293251206702,False,0.15,2.6531588715184635,3.469446951953614e-18
4,displacement,parallel_erasure_axis,0,0.0625,0.53125,0.4,0.7,0.0625,0.0,3.5375451620246188,0.20000000000000004,True,0.2,3.5375451620246183,
4,displacement,orthogonal_random,0,0.625,0.8125,0.4,0.7,0.625,0.0,3.5372624551559677,0.19998401677684938,False,0.2,3.5375451620246183,1.3877787807814457e-17
4,displacement,orthogonal_random,1,0.625,0.8125,0.4,0.7,0.625,0.0,3.5373154787982775,0.19998701454167672,False,0.2,3.5375451620246183,1.734723475976807e-17
4,displacement,orthogonal_random,2,0.625,0.8125,0.4,0.7,0.625,0.0,3.5373293863758057,0.1999878008257744,False,0.2,3.5375451620246183,6.938893903907228e-18
4,displacement,orthogonal_random,3,0.625,0.8125,0.4,0.7,0.625,0.0,3.537343268869233,0.19998858569170777,False,0.2,3.5375451620246183,1.1275702593849246e-17
4,displacement,orthogonal_random,4,0.6875,0.84375,0.4,0.7,0.6875,0.0,3.53740067432666,0.19999183118850275,False,0.2,3.5375451620246183,-4.336808689942018e-18
4,displacement,orthogonal_random,5,0.625,0.8125,0.4,0.7,0.625,0.0,3.5373245084109532,0.19998752504329648,False,0.2,3.5375451620246183,8.673617379884035e-18
4,displacement,orthogonal_random,6,0.5625,0.78125,0.4,0.7,0.5625,0.0,3.5374402393818265,0.1999940680535238,False,0.2,3.5375451620246183,3.469446951953614e-18
4,displacement,orthogonal_random,7,0.625,0.8125,0.4,0.7,0.625,0.0,3.5373834144569725,0.19999085537793937,False,0.2,3.5375451620246183,1.3877787807814457e-17
4,displacement,parallel_erasure_axis,0,0.0,0.5,0.4,0.7,0.0,0.0,5.306317743036927,0.3,True,0.3,5.306317743036927,
4,displacement,orthogonal_random,0,0.5,0.75,0.4,0.7,0.5,0.0,5.3058278364933384,0.2999723024571475,False,0.3,5.306317743036927,2.0816681711721685e-17
4,displacement,orthogonal_random,1,0.625,0.8125,0.4,0.7,0.625,0.0,5.305978809738792,0.299980837938027,False,0.3,5.306317743036927,-1.3877787807814457e-17
4,displacement,orthogonal_random,2,0.6875,0.84375,0.4,0.7,0.6875,0.0,5.3059906698985735,0.2999815084685355,False,0.3,5.306317743036927,3.469446951953614e-18
4,displacement,orthogonal_random,3,0.625,0.8125,0.4,0.7,0.625,0.0,5.305938791330494,0.2999785754420607,False,0.3,5.306317743036927,-9.540979117872439e-18
4,displacement,orthogonal_random,4,0.625,0.8125,0.4,0.7,0.625,0.0,5.3059394454876125,0.2999786124257366,False,0.3,5.306317743036927,3.0791341698588326e-17
4,displacement,orthogonal_random,5,0.625,0.8125,0.4,0.7,0.625,0.0,5.306009559722432,0.2999825764308084,False,0.3,5.306317743036927,1.734723475976807e-18
4,displacement,orthogonal_random,6,0.625,0.8125,0.4,0.7,0.625,0.0,5.30585543443829,0.29997386274506965,False,0.3,5.306317743036927,-3.469446951953614e-18
4,displacement,orthogonal_random,7,0.625,0.8125,0.4,0.7,0.625,0.0,5.305963766334521,0.2999799874383962,False,0.3,5.306317743036927,2.2551405187698492e-17
4,displacement,parallel_erasure_axis,0,0.0,0.5,0.4,0.7,0.0,0.0,8.843862905061545,0.5,True,0.5,8.843862905061545,
4,displacement,orthogonal_random,0,0.625,0.8125,0.4,0.7,0.625,0.0,8.842559418879427,0.49992630560897927,False,0.5,8.843862905061545,0.0
4,displacement,orthogonal_random,1,0.6875,0.84375,0.4,0.7,0.6875,0.0,8.842758360259243,0.4999375530345642,False,0.5,8.843862905061545,8.673617379884035e-18
4,displacement,orthogonal_random,2,0.625,0.8125,0.4,0.7,0.625,0.0,8.84257445296772,0.49992715558191836,False,0.5,8.843862905061545,5.204170427930421e-18
4,displacement,orthogonal_random,3,0.6875,0.84375,0.4,0.7,0.6875,0.0,8.842801500614023,0.4999399920340853,False,0.5,8.843862905061545,-3.469446951953614e-18
4,displacement,orthogonal_random,4,0.625,0.8125,0.4,0.7,0.625,0.0,8.842944687252118,0.4999480872883668,False,0.5,8.843862905061545,2.2551405187698492e-17
4,displacement,orthogonal_random,5,0.6875,0.84375,0.4,0.7,0.6875,0.0,8.842687294623023,0.49993353524070067,False,0.5,8.843862905061545,-1.734723475976807e-17
4,displacement,orthogonal_random,6,0.6875,0.84375,0.4,0.7,0.6875,0.0,8.842927820013436,0.4999471336757395,False,0.5,8.843862905061545,1.951563910473908e-18
4,displacement,orthogonal_random,7,0.625,0.8125,0.4,0.7,0.625,0.0,8.84272466909904,0.49993564825830494,False,0.5,8.843862905061545,-1.0408340855860843e-17
4,displacement,parallel_erasure_axis,0,0.0,0.5,0.4,0.7,0.0,0.0,13.26579435759232,0.7500000000000001,True,0.75,13.265794357592318,
4,displacement,orthogonal_random,0,0.3125,0.65625,0.4,0.7,0.3125,0.0,13.263070098553065,0.7498459802538496,True,0.75,13.265794357592318,2.2551405187698492e-17
4,displacement,orthogonal_random,1,0.625,0.8125,0.4,0.7,0.625,0.0,13.262706183415386,0.7498254058090857,False,0.75,13.265794357592318,-1.734723475976807e-18
4,displacement,orthogonal_random,2,0.4375,0.71875,0.4,0.7,0.4375,0.0,13.263011508454486,0.7498426677817315,False,0.75,13.265794357592318,6.938893903907228e-18
4,displacement,orthogonal_random,3,0.5,0.75,0.4,0.7,0.5,0.0,13.262846953541226,0.7498333644425105,False,0.75,13.265794357592318,3.469446951953614e-18
4,displacement,orthogonal_random,4,0.3125,0.65625,0.4,0.7,0.3125,0.0,13.26282629066753,0.7498321962384169,True,0.75,13.265794357592318,-1.5612511283791264e-17
4,displacement,orthogonal_random,5,0.6875,0.84375,0.4,0.7,0.6875,0.0,13.263061472492382,0.7498454925675989,False,0.75,13.265794357592318,2.2551405187698492e-17
4,displacement,orthogonal_random,6,0.6875,0.84375,0.4,0.7,0.6875,0.0,13.262578147577269,0.7498181671261995,False,0.75,13.265794357592318,8.673617379884035e-18
4,displacement,orthogonal_random,7,0.6875,0.84375,0.4,0.7,0.6875,0.0,13.26317325834165,0.7498518125349293,False,0.75,13.265794357592318,-5.204170427930421e-18
4,displacement,parallel_erasure_axis,0,0.0,0.5,0.4,0.7,0.0,0.0,17.68772581012309,1.0,True,1.0,17.68772581012309,
4,displacement,orthogonal_random,0,0.6875,0.84375,0.4,0.7,0.6875,0.0,17.68331030087338,0.9997503630881035,False,1.0,17.68772581012309,-2.6020852139652106e-17
4,displacement,orthogonal_random,1,0.6875,0.84375,0.4,0.7,0.6875,0.0,17.682675363044577,0.9997144660012978,False,1.0,17.68772581012309,-2.7755575615628914e-17
4,displacement,orthogonal_random,2,0.6875,0.84375,0.4,0.7,0.6875,0.0,17.68281350790443,0.9997222762116853,False,1.0,17.68772581012309,-3.469446951953614e-18
4,displacement,orthogonal_random,3,0.4375,0.71875,0.4,0.7,0.4375,0.0,17.68331410891706,0.9997505783811107,False,1.0,17.68772581012309,6.938893903907228e-18
4,displacement,orthogonal_random,4,0.1875,0.59375,0.4,0.7,0.1875,0.0,17.682612449201812,0.9997109090803323,True,1.0,17.68772581012309,1.9081958235744878e-17
4,displacement,orthogonal_random,5,0.625,0.8125,0.4,0.7,0.625,0.0,17.683000594438763,0.9997328534072129,False,1.0,17.68772581012309,-8.673617379884035e-18
4,displacement,orthogonal_random,6,0.625,0.8125,0.4,0.7,0.625,0.0,17.682564108180454,0.9997081760539457,False,1.0,17.68772581012309,-5.204170427930421e-18
4,displacement,orthogonal_random,7,0.375,0.6875,0.4,0.7,0.375,0.0,17.682507819386476,0.9997049936892606,True,1.0,17.68772581012309,-6.938893903907228e-18
