task,task_label,seed,delta_norm,cosine_to_task_mean,angle_to_task_mean_deg,pc1,pc2,pc3,uncentered_pc1
conditioned_electrode_association,Association,1,1.1612572378837995,0.9395958386571214,20.01620680472111,-0.1550622412554464,-0.1472233463552692,-0.19983480225384825,-1.091745319238385
conditioned_electrode_association,Association,2,0.9944891623765929,0.9105634821246533,24.416662916862162,0.383560377190144,-0.11780043502374579,-0.10337195340591201,-0.9021406516902423
conditioned_electrode_association,Association,3,1.1812367686332612,0.9754818092069159,12.713736292168257,0.09322776327882278,-0.018800070479152962,0.0521002659397433,-1.151284250034335
conditioned_electrode_association,Association,4,1.2790290352593172,0.8486931101055397,31.930191912035948,0.05988454603992464,-0.13095677913213682,0.3687197256759245,-1.0847189388795682
conditioned_electrode_association,Association,5,1.0329679977137611,0.975566191495218,12.691749457198426,0.10157128318080076,-0.09723294611819881,0.03558590949323869,-1.0067090371083207
conditioned_electrode_association,Association,6,1.1724988407961623,0.9538256311142488,17.47928041493772,0.16700864736414617,0.06476597928165068,0.025289547198493186,-1.1171298988189942
conditioned_electrode_association,Association,7,1.2350203942498317,0.9532366854397447,17.59127806764081,-0.027010016891581987,0.28361713203500427,0.13166195879818798,-1.1784692121259581
conditioned_electrode_association,Association,8,1.188804187942124,0.9797525328434054,11.549375390287903,-0.012891482336272903,0.03294957736570604,0.11993037947343765,-1.164872760179432
conditioned_electrode_association,Association,9,1.3126617284445627,0.8155450606090919,35.358708053681916,0.015741156648702702,-0.3580448737712742,0.4431351047331681,-1.0696742893535187
conditioned_electrode_association,Association,10,1.3520729228159591,0.8912292431411192,26.971878253734346,0.08489616616078531,0.5816602460643338,0.05181821074310122,-1.2061567076018713
conditioned_electrode_association,Association,11,1.0653571867806126,0.9019393161333472,25.585835728837942,0.3781543213601839,-0.11901433603924799,-0.11746858427233799,-0.9572611319029891
conditioned_electrode_association,Association,12,1.2004069872646164,0.9558366788335263,17.091489707990256,0.07208432101632581,-0.1271257279213077,0.05966972159732873,-1.1461307878956501
conditioned_electrode_association,Association,13,1.2040829324890636,0.8305183092327768,33.84798224138797,0.34321375815684096,0.18532050604569783,-0.07820763312826372,-0.997641863821173
conditioned_electrode_association,Association,14,1.290302128204778,0.969031874693367,14.296254799619824,-0.11684554837593028,-0.05833438861558576,0.1608925761861809,-1.2507743980102832
conditioned_electrode_association,Association,15,1.145700783899979,0.9728701977878399,13.376661113797283,0.08123736590982059,-0.013208691740532037,0.03293917118757602,-1.1138931020656178
conditioned_electrode_association,Association,16,1.245952164589865,0.961878913448664,15.871196128280754,-0.1673214449048027,0.03817768689838975,-0.14574091323992114,-1.1995300055439766
conditioned_electrode_association,Association,17,1.1077543690408675,0.9334217392057841,21.025356269489386,0.11269254977919262,-0.22643447697666108,-0.23806179678382886,-1.0322069523169066
conditioned_electrode_association,Association,18,1.2858719151433273,0.9292904957137821,21.6755149975603,-0.1909485709189375,-0.15242723686746978,0.1707426716841004,-1.1959551693145092
conditioned_electrode_association,Association,19,1.3326959909206664,0.960470083841835,16.1637339951831,-0.08682835500960749,0.11234714214505191,-0.01552527482510102,-1.2807652556257807
conditioned_electrode_association,Association,20,1.3262197348395348,0.8573896178537571,30.97525927854307,0.0366398603170951,0.1229078305650696,-0.30593897057888103,-1.1370115180231268
conditioned_electrode_association,Association,21,1.456434505779488,0.8753245320340838,28.916592819580348,-0.09967275661953688,-0.11321099424534907,-0.19151123519520008,-1.2756231941356215
conditioned_electrode_association,Association,22,1.2707923587768268,0.9264350893672072,22.114241223034526,-0.18377801520888706,0.2420778652418703,-0.19041804438424376,-1.1791929715432672
conditioned_electrode_association,Association,23,1.1741273691857246,0.9334407930637311,21.022313240851748,-0.0680714237101721,-0.0982713169958551,-0.22000292573211716,-1.0958538968774703
conditioned_electrode_association,Association,24,1.176525641556859,0.9516854722990427,17.883015717409233,0.12678781220386764,0.2336564467819003,0.0046069454713464865,-1.1193766961204032
conditioned_electrode_association,Association,25,1.0782276580373908,0.9503257501108803,18.135004188164615,0.14225106605938362,-0.07092844577861496,0.0021498659932148254,-1.0232427749197412
conditioned_electrode_association,Association,26,0.9485061675326032,0.9541006990109256,17.426732909838368,0.03738239227530182,-0.1278140782724594,0.07774334610137887,-0.9049524023439639
conditioned_electrode_association,Association,27,1.1295496257783593,0.9642122711375425,15.374764888473905,-0.09607613687479075,0.029170567047766535,-0.010333784191058227,-1.0901433597985135
conditioned_electrode_association,Association,28,1.1615296246190232,0.9411179370922731,19.75984514063366,0.10129820591728203,-0.2597757495863552,0.03506226778909089,-1.0912600912263013
conditioned_electrode_association,Association,29,1.1661294967483375,0.9590292420173814,16.45768235510158,0.016169902513010453,0.15897047819325294,0.09605645356931038,-1.1186866853502033
conditioned_electrode_association,Association,30,1.0716314729183316,0.9239132425319508,22.494952362269295,0.2687224038779328,-0.18187396845155027,-0.09490220798421822,-0.9871504383806907
conditioned_electrode_association,Association,31,1.0245780679591723,0.9682614986604644,14.473922259464853,0.17722351651023863,-0.07787253291248065,0.011474633580829589,-0.9905513444059063
conditioned_electrode_association,Association,32,1.2748666387970098,0.8837686569621122,27.899629371486633,-0.20828080688879574,-0.14428198685922325,-0.07484817495237658,-1.1275635173907033
conditioned_electrode_association,Association,33,1.2793786932539555,0.9244308012471737,22.417319394398838,-0.07716752835855739,0.21218698238988057,-0.10623378783656065,-1.183630073122241
conditioned_electrode_association,Association,34,1.1412407023015532,0.9502774389328464,18.143895137944387,0.056550021071395964,0.15498637408016958,0.04144333913617316,-1.084751705304742
conditioned_electrode_association,Association,35,1.0213574969069856,0.9268975748574189,22.043744924696572,0.2908758319525926,-0.020053401134616945,-0.12468588810445927,-0.9442401871559705
conditioned_electrode_association,Association,36,1.3566376669337814,0.9418915339000898,19.628319614435362,-0.29567864968943985,0.02206414523614546,0.25163455854294725,-1.2800883089396402
conditioned_electrode_association,Association,37,1.381241171992811,0.8991873913351065,25.94854181738629,-0.4864490012581234,-0.09551333009953751,-0.22361000486397345,-1.2452524813046164
conditioned_electrode_association,Association,38,1.1199228004505193,0.9738205624048611,13.139227503823632,0.036163351997923684,-0.07133573200432394,0.08770387060144413,-1.0901849693210874
conditioned_electrode_association,Association,39,1.2310476290933825,0.8415578994733321,32.69500255941785,0.22737706643943506,-0.08852727971583872,-0.028931890450011266,-1.0340975627856546
conditioned_electrode_association,Association,40,1.121864903956652,0.9490356995384773,18.370991799347625,0.13046459038798836,0.08132959685918009,0.04696356059605322,-1.0640699096045976
conditioned_electrode_association,Association,41,1.2799933774799974,0.9254274408604534,22.2671020814271,-0.29605962607117864,-0.25560663330862116,-0.11700271782920171,-1.1858203230756144
conditioned_electrode_association,Association,42,1.1138468979005172,0.9564752156791064,16.966563272333175,0.1579619662706862,0.19460017877801827,0.009257267107624742,-1.06499208340833
conditioned_electrode_association,Association,43,1.1795323389100654,0.9489263913202629,18.390853019410493,-0.2238926135951162,-0.0326688196291773,-0.07535581321371974,-1.120988798898252
conditioned_electrode_association,Association,44,1.029776198323317,0.9596293706118577,16.335874481741367,-0.05125228940368517,-0.05109808263964321,0.061903570216567894,-0.9889179252765217
conditioned_electrode_association,Association,45,1.1202179125503868,0.9754007739917943,12.734815861969262,0.17104824635092628,0.02478569032520812,-0.0034081674888357897,-1.0911826649249636
conditioned_electrode_association,Association,46,1.2383411621290248,0.970913106402216,13.853026026225569,-0.10201917956124143,0.14263851470420574,0.16386622159296083,-1.2035814861002976
conditioned_electrode_association,Association,47,1.1226986213424,0.9543353925565665,17.38177662059168,-0.22899894743658789,-0.07570287703117438,0.013125951713222372,-1.0731740884399474
conditioned_electrode_association,Association,48,1.2878295075258117,0.9560955966608603,17.040940891341418,-0.2661218444330932,0.05748378752915998,0.020575082700164938,-1.2332606955597716
conditioned_electrode_association,Association,49,1.3520524688818654,0.9360031452853217,20.609180966750007,-0.16967987797467673,0.3221624724391955,0.1369960010540605,-1.2678606932282477
conditioned_electrode_association,Association,50,1.2095950732469314,0.9562869255723006,17.003493854735787,-0.26008213345429054,0.03327933769854581,-0.04765360776280047,-1.1588103365366251
multi_association_mapping,Multi-map,1,2.293212907770502,0.9434968587320003,19.352646456201736,-0.04886050080566633,0.19627068181440394,-0.03554220676358801,-2.1633196622146813
multi_association_mapping,Multi-map,2,2.245665696413997,0.9225391294828729,22.699845585915476,-0.10761990968218221,-0.3901940036773046,0.3776176595999025,-2.0707565407889104
multi_association_mapping,Multi-map,3,2.4453118588116345,0.9090526683995864,24.625236143933684,0.30948639544241974,0.2960383711828368,0.18586259440207645,-2.2226936831812485
multi_association_mapping,Multi-map,4,2.5020120488558177,0.9033165511328479,25.402503345077637,-0.0323467564200635,0.3133993109551701,-0.05051353013542818,-2.260065180571219
multi_association_mapping,Multi-map,5,2.5497575873733105,0.9457833247819235,18.953352418347627,-0.09441377744555438,-0.35339208805666256,-0.16882732708671608,-2.4125277489779293
multi_association_mapping,Multi-map,6,2.4060806924237266,0.9495849143191912,18.27088441929748,0.016570081671773502,-0.30166672153126967,0.09917989268916108,-2.284925604353308
multi_association_mapping,Multi-map,7,2.455917368891448,0.9343250635080369,20.880623560058623,0.08437554009225512,-0.40802921925277186,0.001369341401866772,-2.2944940342419495
multi_association_mapping,Multi-map,8,2.471748114987802,0.9336442847160552,20.989787992857913,-0.015852229160170705,0.08330498777845612,-0.12463329060203443,-2.3078874297977996
multi_association_mapping,Multi-map,9,2.2976838722576702,0.9440916874437982,19.249536497201206,-0.239209348341702,-0.11470484193811264,0.19336319468054317,-2.1687519315232575
multi_association_mapping,Multi-map,10,2.4701603698408845,0.915062320560806,23.78542105610428,0.354324379347666,-0.15204468828405807,-0.10779252084595556,-2.260183632259025
multi_association_mapping,Multi-map,11,2.3565937523057117,0.9471401430956562,18.71252950426859,-0.41019177258734185,-0.09488947592969618,0.03868704688461312,-2.231956107332171
multi_association_mapping,Multi-map,12,2.41981841347757,0.9470940900561582,18.72075244842102,-0.13146877654438008,0.10650529198381471,-0.4079682000082955,-2.2923930476928414
multi_association_mapping,Multi-map,13,2.4400629352200003,0.8905313503541944,27.059907761086933,-0.6591383253021917,-0.04795425526805204,0.1766783890768233,-2.1722452389763465
multi_association_mapping,Multi-map,14,2.59003476660993,0.9216040627549412,22.83827694088111,0.26370755250966416,0.03515911516048849,-0.6797810917040501,-2.388481472663842
multi_association_mapping,Multi-map,15,2.5161665809049474,0.9431908350509912,19.405488510068615,-0.22470151620960152,-0.08910070789953467,-0.3223836869575252,-2.3742298930358765
multi_association_mapping,Multi-map,16,2.491404683408928,0.9532074577739938,17.596818204148015,0.170914443104707,0.3691673158732665,-0.07343677622005804,-2.3752573666385057
multi_association_mapping,Multi-map,17,2.491073539028126,0.9463259071964186,18.857404614604484,-0.4168229249473004,-0.13413557071412066,0.08125460107591047,-2.35760792929771
multi_association_mapping,Multi-map,18,2.499923444655445,0.9065150804890589,24.97188173189343,0.24863250416610505,0.01781488952272617,0.4656656514286724,-2.2656247748560308
multi_association_mapping,Multi-map,19,2.4239400649194622,0.9542808277597827,17.392238726591025,0.16607663808084117,0.06497074401970376,0.26332636364215145,-2.3129104473343034
multi_association_mapping,Multi-map,20,2.4427805711068076,0.9018892321465716,25.592479629860534,0.23864730293662373,0.10001636118943824,0.08329667809167655,-2.2021577849392218
multi_association_mapping,Multi-map,21,2.366037625912175,0.9382923270568311,20.23327543876416,-0.01902203538139653,0.4371385789704416,0.2895976330276353,-2.2191554425826197
multi_association_mapping,Multi-map,22,2.581423338249079,0.8864102873251284,27.574425509708224,0.8529943162170732,0.29932905859143616,0.13800626432770874,-2.288803148399151
multi_association_mapping,Multi-map,23,2.6898966884524627,0.9130001972758303,24.076693938233998,-0.1550691714500051,-0.16954465940743568,-0.678814428177737,-2.4580299636272334
multi_association_mapping,Multi-map,24,2.266817257209135,0.9429598484505425,19.445282235826586,-0.36382950606209585,-0.027026920901434826,0.06867580769662847,-2.1369010637080255
multi_association_mapping,Multi-map,25,2.3783916030921186,0.9270643919833951,22.01826450178035,-0.4139745348371596,0.03372540778199013,0.13003755419697552,-2.2046739768810366
multi_association_mapping,Multi-map,26,2.350403232623728,0.9322428046984594,21.21282938125965,-0.09484079825166596,0.2781772941253702,-0.4078273689096961,-2.1912070415670253
multi_association_mapping,Multi-map,27,2.39420964335763,0.8991787460830394,25.949673827067176,0.43065712917424304,-0.2603233937409104,-0.02565331366146402,-2.1522410800758123
multi_association_mapping,Multi-map,28,2.390411524718139,0.9475879509308573,18.632389295983838,-0.06284483002725892,0.27904050525371565,-0.005824286778850588,-2.2648051889035954
multi_association_mapping,Multi-map,29,2.6359659614642896,0.8925826108283978,26.800407609586024,0.32950358856419476,-0.681317857058577,-0.16934949132872587,-2.353792670443866
multi_association_mapping,Multi-map,30,2.246493658760641,0.9335625103304248,21.00286424582801,-0.47044692187789033,0.08747311009908523,0.13017308770068742,-2.096517160452162
multi_association_mapping,Multi-map,31,2.487725526231559,0.9602122642715608,16.21671294207457,-0.2740109080828334,-0.25364191919696916,-0.14124182582152192,-2.389455335361321
multi_association_mapping,Multi-map,32,2.458905809419783,0.9079668933850957,24.77411389574956,0.0018620597860072123,0.46245134653940445,0.2788849952513161,-2.2328115217256377
multi_association_mapping,Multi-map,33,2.498993230304904,0.9415170276130619,19.69209783794255,-0.09781956161999254,-0.04624245799039575,0.10688395333453736,-2.3532904420593788
multi_association_mapping,Multi-map,34,2.4985172936269455,0.9419951429818996,19.610639861433913,0.03022471755790558,0.30214954365631197,-0.2949043788533062,-2.3549009956890323
multi_association_mapping,Multi-map,35,2.401658635061368,0.9498307585352675,18.22590146049517,-0.1780251870307679,-0.1566160379169692,0.00914234566786934,-2.2812187983093453
multi_association_mapping,Multi-map,36,2.5513625793456574,0.9260028761471102,22.17993072736602,-0.14694658598779783,-0.3161673723619431,-0.10738124186870043,-2.362789830487647
multi_association_mapping,Multi-map,37,2.456276873519812,0.9416574433217,19.668208392360736,0.01944236116055975,0.32190986867390264,0.18725956448987893,-2.312871599387776
multi_association_mapping,Multi-map,38,2.3586463476906085,0.9489561324125302,18.385451136860183,-0.3956859689144612,0.00794201141979234,-0.02661047757412985,-2.238029165017533
multi_association_mapping,Multi-map,39,2.3758191385969987,0.9066217931372297,24.9573951628701,0.09235126032872269,-0.4574672092241402,0.31241354122112874,-2.153145321968628
multi_association_mapping,Multi-map,40,2.1580791047329275,0.9307894529386025,21.441787489769215,-0.022453274628373373,-0.3266189625041956,0.3533884898678423,-2.007392985186161
multi_association_mapping,Multi-map,41,2.41110997001903,0.9168379356595087,23.531898429627212,0.4700487467341207,-0.1225878745015566,0.031324941277412546,-2.2104537349111144
multi_association_mapping,Multi-map,42,2.4017229077868785,0.9381670188523992,20.254025033778696,0.18773152634129917,-0.10431394888253884,-0.4297168789166439,-2.2536249452875423
multi_association_mapping,Multi-map,43,2.462434574566544,0.942971127282874,19.44334096841158,-0.03865272413754521,0.2433259831100045,-0.29244952357575243,-2.32260852047169
multi_association_mapping,Multi-map,44,2.3132239337132727,0.956180027005677,17.02442597515092,0.002395026635289684,0.057207832923081445,0.20227002232054964,-2.211829286704605
multi_association_mapping,Multi-map,45,2.4120680250343898,0.9312619729767658,21.367604241319327,-0.41401572027056965,0.31367905951793534,0.07060015367958597,-2.2468363725365155
multi_association_mapping,Multi-map,46,2.278391264048934,0.9496714019960202,18.255071680633836,0.09520869828431038,0.02958032304890123,0.23197284894515574,-2.16248528008348
multi_association_mapping,Multi-map,47,2.2125389941816556,0.9384652907336909,20.20460110902387,0.22198833857527242,0.23188274996360078,-0.09545502868922885,-2.07592134420866
multi_association_mapping,Multi-map,48,2.4334783176163586,0.9165228552431838,23.577073182088558,0.6289948226721869,-0.15521082152262747,-0.012615440422786905,-2.2299171721752935
multi_association_mapping,Multi-map,49,2.2122985123976844,0.9016811207177993,25.620069481991887,0.3214389225544296,-0.11049212487692932,0.2122491888315293,-1.9929031848087435
multi_association_mapping,Multi-map,50,2.5393664803482503,0.9461588603106887,18.8869944589238,-0.009312785931704069,0.30602338948292546,-0.06045948990764328,-2.403390999174725
overlapping_shared_input_association,Shared input,1,2.5364126520698638,0.8076612159966187,36.131948750522355,-0.5220849386922779,0.9932164825588905,-0.010774660095615191,-2.043080041387373
overlapping_shared_input_association,Shared input,2,2.3571304570376186,0.8440172903388385,32.433200957923944,-0.28098964048422564,-0.06482078839448345,0.4680156001342325,-1.9854505492585113
overlapping_shared_input_association,Shared input,3,2.522423754148923,0.9148236212300431,23.81930866378647,0.27601540861195345,-0.1735048298373839,0.07898589267557632,-2.3093482866362596
overlapping_shared_input_association,Shared input,4,2.5113927154328426,0.832207780970585,33.673797040110216,-0.4638796145621557,0.29255570313471063,-0.3789914642948725,-2.0880834573877762
overlapping_shared_input_association,Shared input,5,2.621446046589772,0.8855080183531062,27.68589682228559,0.3966520325226621,-0.10430947105347019,-0.34191756784689187,-2.324533712340001
overlapping_shared_input_association,Shared input,6,2.4667204758429353,0.9299866974557548,21.56725854268217,-0.22164549960058944,-0.32274969630324873,0.006234447280560566,-2.2930399496102347
overlapping_shared_input_association,Shared input,7,2.6568229114091837,0.8911082635893254,26.987157174403986,0.06246981351103266,0.39246617112709586,-0.4351544351572615,-2.3682457310595395
overlapping_shared_input_association,Shared input,8,2.764560683200719,0.8319029329033634,33.705285668725864,-0.17325470349557753,0.7266134696654257,0.7134252956911565,-2.296768757185683
overlapping_shared_input_association,Shared input,9,2.5646404534483183,0.8873392333993296,27.459222792056952,-0.34163343545265334,-0.33609629233387633,0.13469330256248363,-2.2749833924481417
overlapping_shared_input_association,Shared input,10,2.749199459075398,0.8957020406172261,26.401252444913666,0.31473892105664386,-0.5390911985861173,0.16876543020072726,-2.4652764054844907
overlapping_shared_input_association,Shared input,11,2.5501160483319696,0.8879541696958035,27.382716019431047,0.4755900459987493,-0.0521431621767888,0.33880709939692333,-2.2647521944368005
overlapping_shared_input_association,Shared input,12,2.7683154808154415,0.9063975343369247,24.9878298846683,0.059816344348181054,0.06619186707308722,-0.18778163684428217,-2.5101358946199412
overlapping_shared_input_association,Shared input,13,2.582386293303155,0.8595774786398602,30.73082473031771,-0.4252354250584603,-0.4294956494214006,0.21128251215912044,-2.2191076473835953
overlapping_shared_input_association,Shared input,14,2.386893168136168,0.8784447545856693,28.54467955026682,-0.3565064762222003,0.3840532992263562,0.37524596371422647,-2.0930543875366654
overlapping_shared_input_association,Shared input,15,2.713062146727714,0.8624951941051179,30.402091782248178,0.5865950298252067,-0.30836681405201427,0.301328286917028,-2.3429209593532256
overlapping_shared_input_association,Shared input,16,2.426510594072767,0.8835444884942408,27.927065663414297,-0.33429643525232255,-0.2607132654898343,0.0825400295464574,-2.14235867667584
overlapping_shared_input_association,Shared input,17,2.650308888833724,0.9081474113088792,24.749420071764884,-0.3589721150548921,-0.33143406020261795,-0.45023725448481916,-2.4069368206441197
overlapping_shared_input_association,Shared input,18,2.643862705144037,0.8777258532483809,28.63076042866328,0.22609041764836588,0.3828621405632973,0.24896310888925258,-2.3196192544801257
overlapping_shared_input_association,Shared input,19,2.7226603761994177,0.9112983883548765,24.31459963778591,0.6232764650359603,-0.39488553768179346,0.0018488090562922192,-2.4859445230175568
overlapping_shared_input_association,Shared input,20,2.411833326795066,0.8634616124777718,30.292496960743005,-0.573415973428085,0.08214458222837645,-0.31923186816596155,-2.0797818005440623
overlapping_shared_input_association,Shared input,21,2.5415648050350392,0.902306853758587,25.537030632072764,0.1056295945709768,0.04858499090019115,-0.08353357067238606,-2.2943631511842457
overlapping_shared_input_association,Shared input,22,2.6287331164496,0.8444078169101064,32.391456234723876,0.38876885558654256,0.7692584207996693,-0.2758275989136518,-2.2200954254318224
overlapping_shared_input_association,Shared input,23,2.7751748243278924,0.8754346284423615,28.903544439540127,0.6517255951559371,-0.1581124836622866,-0.03388867883811327,-2.4333031503151656
overlapping_shared_input_association,Shared input,24,2.4085813003577807,0.8367915455640961,33.19715038570747,-0.032136184167317394,0.6929706105970943,0.2949275047361398,-2.012293466474693
overlapping_shared_input_association,Shared input,25,2.4930091438394215,0.8529549957588689,31.465459447784674,-0.6061930895864976,-0.16626971752750638,-0.001647988508987425,-2.124486294990341
overlapping_shared_input_association,Shared input,26,2.1943009824960527,0.9073788075631495,24.854401262180534,-0.3721661565361104,-0.04301265337984792,-0.24477082641408324,-1.9895504242668287
overlapping_shared_input_association,Shared input,27,2.795425433731878,0.870544132340153,29.478067124930536,0.2925809277704546,0.15618354633186937,-0.7063623396631754,-2.4365222319345343
overlapping_shared_input_association,Shared input,28,2.405857125043467,0.8684633142181512,29.719445207662126,0.2559513156362691,0.3683433614270451,0.0018197636991261988,-2.088375922812426
overlapping_shared_input_association,Shared input,29,2.4985415269603837,0.898456217944603,26.044119858695076,-0.27867702539862227,-0.31196228795829084,0.1608057265685891,-2.2439911342893826
overlapping_shared_input_association,Shared input,30,2.6349239923520043,0.8501869290107132,31.76799336636674,0.7818235782561715,0.05478507752258674,0.6253962838057329,-2.2412402357686028
overlapping_shared_input_association,Shared input,31,2.4707583127757307,0.8933324358233845,26.704966675796555,0.36424990135406843,-0.05532583482177292,-0.07762970476670421,-2.2084926094766595
overlapping_shared_input_association,Shared input,32,2.4430453170608404,0.8827465675199776,28.024523891769686,-0.3643051391260951,0.19799293565102946,0.3347946023826169,-2.153252654512637
overlapping_shared_input_association,Shared input,33,2.564490259470915,0.9185803646103405,23.28058454171667,-0.0063541656965218395,-0.14681866168176783,-0.2586137100471849,-2.3561794833593264
overlapping_shared_input_association,Shared input,34,2.7000036936428824,0.8961615033523226,26.341986836193865,0.27500622186841506,-0.058312612386967305,-0.5583936876239731,-2.422648123361866
overlapping_shared_input_association,Shared input,35,2.549740709618906,0.8858176547886294,27.647689283751138,-0.050607257017229845,-0.6795704167120283,0.2985430827416148,-2.25854915354542
overlapping_shared_input_association,Shared input,36,2.760287840581667,0.872128754985581,29.29303516415675,0.1455668995067698,0.18410785795116835,-0.3739263049685669,-2.408452706971762
overlapping_shared_input_association,Shared input,37,2.6511168208377622,0.878619727831988,28.52369235162346,-0.33715295514913574,-0.09374052987090081,-0.6991986709370158,-2.330332398080606
overlapping_shared_input_association,Shared input,38,2.3850694136567925,0.8960967035676611,26.350352787028687,-0.41313076126761006,-0.17733873095830732,0.17356861568266155,-2.1347606284281246
overlapping_shared_input_association,Shared input,39,2.667542814220475,0.886245337299494,27.59483533814569,-0.017811620631794936,-0.2672701441582763,0.02778292414756095,-2.36502114343875
overlapping_shared_input_association,Shared input,40,2.5553314406823318,0.8538570943453064,31.366300066958896,0.5104558807423449,0.1576083053282533,0.3744490056406861,-2.182307810971189
overlapping_shared_input_association,Shared input,41,2.959728554922346,0.8898493772863849,27.14567419692848,0.3068105319932755,-0.12240175819938427,-0.6271305385553559,-2.6382264111332803
overlapping_shared_input_association,Shared input,42,2.4076192870560225,0.8995234376038156,25.904504228889394,-0.19089868839940627,-0.32381837174442074,0.16451481543865834,-2.1653937059484156
overlapping_shared_input_association,Shared input,43,2.7050011016052458,0.8635814033634649,30.278887306064362,0.3850417360636847,0.08384846153510614,-0.13207064965488144,-2.3375645378002603
overlapping_shared_input_association,Shared input,44,2.1482776970076514,0.9069527339004555,24.912418802055413,-0.27613882827889463,-0.06216601158291325,0.3437353539885066,-1.9461852080725806
overlapping_shared_input_association,Shared input,45,2.3428881795067524,0.921853931855716,22.80136313698591,-0.29296896679331735,-0.39115245205457383,-0.010296406481855057,-2.158868729716253
overlapping_shared_input_association,Shared input,46,2.5509157375257265,0.8808938699223698,28.2496209004547,-0.3302752010055912,0.05932971825489967,0.2841339510902003,-2.24452371222729
overlapping_shared_input_association,Shared input,47,2.309598241204095,0.8939578012892636,26.62512512384372,0.2788108835667595,0.5250794688917321,0.08126798541683386,-2.0643205262701194
overlapping_shared_input_association,Shared input,48,2.7821534368709884,0.8909498839872287,27.00714739025048,0.5276212739099545,-0.05807412152390109,-0.1119185519335246,-2.4830267105516834
overlapping_shared_input_association,Shared input,49,2.620488559167998,0.8966644462554137,26.276970500914093,-0.15687782209702697,-0.3430561365845547,0.20981618073020653,-2.3490934578726583
overlapping_shared_input_association,Shared input,50,2.518987542704602,0.8904136256288498,27.07473101478108,-0.5136795560857667,0.157817219572847,-0.1863934594240057,-2.241421849941451
overlapping_shared_target_association,Shared target,1,1.674554314600221,0.9116038760480532,24.27205513991197,-0.06053751339423392,-0.1962654720108509,-0.3007178925742475,-1.5263912550913667
overlapping_shared_target_association,Shared target,2,1.4971839125404212,0.9324189273607809,21.184923103710805,0.21561547490523383,-0.16910286499302074,0.23925470642446842,-1.394846755461402
overlapping_shared_target_association,Shared target,3,1.8744723249649036,0.8704014016128042,29.49468149532803,0.6277160952236323,-0.31901294228561433,-0.44817432267614654,-1.63288421377395
overlapping_shared_target_association,Shared target,4,1.624660181236473,0.8987804138728366,26.001781722177157,0.1677412110431423,-0.041123655391848236,-0.13009200898519097,-1.4602083664931669
overlapping_shared_target_association,Shared target,5,1.5149216530465015,0.9328324018085479,21.119270691185246,-0.16629211323330892,-0.29076822007759584,-0.06338505198125198,-1.4122609308288083
overlapping_shared_target_association,Shared target,6,1.6583212791565434,0.9360696303497738,20.598356076737737,0.15343393891694154,0.07083544581420241,0.21720609218188136,-1.5520635436322958
overlapping_shared_target_association,Shared target,7,1.6249734810649645,0.9328435874754535,21.117491900032753,-0.3002818200107238,0.03636138347067562,0.1949257351395821,-1.515394674968043
overlapping_shared_target_association,Shared target,8,1.755249022279295,0.9618727096277179,15.872495836386062,0.13410348858823332,0.21765600968033788,-0.06695984139221656,-1.6892714189758509
overlapping_shared_target_association,Shared target,9,1.822673034090505,0.8819016235005646,28.12738714810726,0.35049888599578666,-0.11922019796652443,-0.4777884423166898,-1.6087327190599927
overlapping_shared_target_association,Shared target,10,1.8761550704343815,0.9075377142299177,24.832730786768852,0.5798527771860609,0.24071582126791005,0.31081766350853707,-1.704353328418639
overlapping_shared_target_association,Shared target,11,1.5496147782177963,0.9163650463554812,23.599668430936248,0.2588993644650865,-0.22814322317188937,0.17252058814632615,-1.4192198839590973
overlapping_shared_target_association,Shared target,12,1.7503496458117147,0.9268385469789951,22.05275441623432,-0.19289592568290723,-0.27470058149841703,-0.08433636054680833,-1.621337621842521
overlapping_shared_target_association,Shared target,13,1.6554180453923748,0.881441512897651,28.183255853175663,0.24040921443677843,-0.17805271076062984,0.4155474062389607,-1.458386843576084
overlapping_shared_target_association,Shared target,14,1.6661530360961345,0.9424356114796005,19.535307180420855,-0.2816348482421533,-0.10081113664890112,-0.1210293723339313,-1.5699093808794073
overlapping_shared_target_association,Shared target,15,1.671701190804843,0.9493452484190826,18.314634178149436,0.2797082829964702,0.10422274990303292,0.061499595247874024,-1.5874910930103627
overlapping_shared_target_association,Shared target,16,1.7050271343214232,0.9630043302861063,15.633678259239076,-0.12374111177288454,0.17603975392360455,-0.006736639548574519,-1.6420483527543397
overlapping_shared_target_association,Shared target,17,1.5182420812706017,0.9010313989917014,25.70602704161291,-0.26624949521618907,-0.1031255282786173,0.025298066208632872,-1.366033037283551
overlapping_shared_target_association,Shared target,18,1.7709102157149577,0.9129904610376345,24.078061306775055,0.11652195455341523,0.29554062979752604,-0.2765283166778427,-1.6185632082697108
overlapping_shared_target_association,Shared target,19,1.8734303601575382,0.9212832573898845,22.885587712133237,0.07745110745785996,0.42462729895645,-0.21347066429248293,-1.7276561128079293
overlapping_shared_target_association,Shared target,20,1.6209887512151864,0.9084860102853616,24.703039282629955,-0.25240378009181175,-0.30831726078176086,0.2841465333300714,-1.4705951719776407
overlapping_shared_target_association,Shared target,21,1.7504958884392987,0.9375100151109249,20.3624857542449,0.09377968481634429,0.01900192574926578,-0.2417089115321355,-1.6421610848103438
overlapping_shared_target_association,Shared target,22,1.7193443352287707,0.9268869051078222,22.045373719621008,-0.10409448849675647,0.364941115724109,0.08239118693413999,-1.5945931973029925
overlapping_shared_target_association,Shared target,23,1.7215016402548549,0.9089537136945366,24.638839394198065,0.015762932771239416,-0.3569911646423481,-0.2995153742565452,-1.5646903369207914
overlapping_shared_target_association,Shared target,24,1.580606251736269,0.9614586032679673,15.959018441415868,-0.10097078283535192,0.2416469425081115,0.10674175563929181,-1.5198213409876613
overlapping_shared_target_association,Shared target,25,1.630233809927279,0.9561860140001529,17.0232543045594,0.11286100952580548,-0.10090927154300751,0.10246896995484704,-1.5584412865772088
overlapping_shared_target_association,Shared target,26,1.3656688130026278,0.9651585356210608,15.168928966338866,-0.1132544876835943,-0.06680477436876643,-0.017890328679873134,-1.3176053435737516
overlapping_shared_target_association,Shared target,27,1.6622260202024766,0.9370307489924087,20.44125717806243,-0.03627412019961173,-0.35053697025278246,-0.06235578984796238,-1.5574229870206167
overlapping_shared_target_association,Shared target,28,1.7009124583049304,0.896693958936748,26.273150702128614,-0.3134404236889222,-0.3551600499475497,-0.13729561569509913,-1.5238375124163148
overlapping_shared_target_association,Shared target,29,1.5652678899382977,0.9476005521919493,18.630129350633148,-0.1432275210119578,0.17229368380035476,0.14296358867976036,-1.4832414808226706
overlapping_shared_target_association,Shared target,30,1.5166079724291188,0.96247090588811,15.746692149737152,-0.025081334282501304,0.02152098203557811,0.196712407187711,-1.4590065738525386
overlapping_shared_target_association,Shared target,31,1.481544647061318,0.9408629821459983,19.803008327897615,-0.1896981406915826,-0.08681810584983012,0.14140266181430547,-1.3923660909714435
overlapping_shared_target_association,Shared target,32,1.688766704791668,0.9155007318703748,23.723062024344458,-0.15374792736652199,-0.008821050912544088,-0.13130306335744932,-1.5458076853889322
overlapping_shared_target_association,Shared target,33,1.6231823968831394,0.9134523884334834,24.013107015188957,-0.2512305609490741,0.19564438210609417,0.20849264144151336,-1.481978837478333
overlapping_shared_target_association,Shared target,34,1.666388797281141,0.9494861131791474,18.288932296849357,0.14259366469164314,0.012189082604460121,0.065757406931234,-1.582911574251364
overlapping_shared_target_association,Shared target,35,1.6907964839582865,0.8971493710692272,26.2141415887895,0.17345705445526435,-0.42626634061261126,0.22989171579281142,-1.516152308723954
overlapping_shared_target_association,Shared target,36,1.6722708374458652,0.9466286501223614,18.803663916926762,-0.30361137684719924,0.15760084988056502,-0.10990184270081912,-1.583075363769731
overlapping_shared_target_association,Shared target,37,1.7558573660888497,0.9050775845885043,25.166265574151026,-0.1566283166638074,0.26648871317519524,-0.32950658466864335,-1.5899243073442997
overlapping_shared_target_association,Shared target,38,1.6258952814909018,0.9613409061042898,15.983526598960767,-0.19695966149019287,0.15158419788928823,-0.10677243805045046,-1.5628618870790199
overlapping_shared_target_association,Shared target,39,1.6796098890083335,0.8919273312023975,26.88355743342377,0.3219186248260193,0.12153682393084829,0.10964757629881056,-1.4983951211800004
overlapping_shared_target_association,Shared target,40,1.6582585630463897,0.9375663553912991,20.35320658250111,0.0903552590879964,-0.09595661226497978,0.21713187801782194,-1.5545223696968546
overlapping_shared_target_association,Shared target,41,1.5507708346323474,0.9236975746050817,22.52722731828528,-0.35861294469861066,0.0625119454408048,-0.06299480584071213,-1.431441188226667
overlapping_shared_target_association,Shared target,42,1.621756414340491,0.9539039009069289,17.46434376372468,0.24181912914684364,-0.010936311503573423,0.17556545054545972,-1.5475238049130227
overlapping_shared_target_association,Shared target,43,1.7448383182870741,0.9160661509403011,23.642408801452437,0.181804547641843,0.2652303319932336,-0.04141237957687916,-1.59965326301352
overlapping_shared_target_association,Shared target,44,1.4912287716622596,0.9605046192231096,16.1566245320747,-0.02588833598502454,-0.08606136362486964,-0.04483686639558396,-1.432703330486652
overlapping_shared_target_association,Shared target,45,1.5997988017595162,0.9648174211492229,15.243442559758439,0.06351616350080831,0.04517035906306627,0.29207386822991077,-1.5429436186126695
overlapping_shared_target_association,Shared target,46,1.7830609211266206,0.931458407591323,21.336692669646197,-0.15557717864368306,-0.2515035711117994,-0.019011011240592356,-1.6609122633105062
overlapping_shared_target_association,Shared target,47,1.6222130198164169,0.9552121988720366,17.21281502479307,-0.11436229055537477,0.2279065301568739,-0.20193955394299115,-1.550440361893849
overlapping_shared_target_association,Shared target,48,1.7844339867622574,0.9256299957291154,22.2364545144748,0.19835654621460092,0.4280724056302538,-0.13219513927475116,-1.654069551918825
overlapping_shared_target_association,Shared target,49,1.6916403700943985,0.9099440003376847,24.502386061973272,-0.30242161326768296,0.2268924257495492,0.23656521776413442,-1.53879068395301
overlapping_shared_target_association,Shared target,50,1.6398619155852352,0.8863325883827712,27.58404119816859,-0.1490582994453879,-0.020822409751059114,-0.1011640932722153,-1.4523743381209229
pattern_discrimination,Pattern,1,1.5680094355008718,0.9328398988165695,21.11807850167098,-0.2743435201810214,-0.16198555832535746,-0.21023774028080242,-1.4615473944327508
pattern_discrimination,Pattern,2,1.5794899918852596,0.9094479348933242,24.57082863343021,0.3498627178687353,-0.10175303036685131,0.06459306476472246,-1.435452428457225
pattern_discrimination,Pattern,3,1.7531798154615539,0.8895414065282435,27.18432330595371,-0.17201891256619664,0.08564978386388591,-0.018791609710978856,-1.5589631583163504
pattern_discrimination,Pattern,4,1.6887021477392912,0.9005116320353491,25.774599310948727,-0.1356036873478476,-0.07630753972655233,0.06642620404114596,-1.5198569532372013
pattern_discrimination,Pattern,5,1.6875152653148942,0.9623425971076797,15.773758501587606,0.14870885377406334,0.2523974522835358,-0.11037204299019807,-1.6248123780042585
pattern_discrimination,Pattern,6,1.7732428287425224,0.9542241415630643,17.4031011288189,0.1770720531236548,0.28787845155903363,0.13544471899306945,-1.6931515139260018
pattern_discrimination,Pattern,7,1.6816832218225732,0.9647877786203294,15.249900932985728,-0.09545437973406382,0.23828522148005335,0.19709679595585028,-1.6232862023186991
pattern_discrimination,Pattern,8,1.8879690999227705,0.8950643260462811,26.483306528192326,-0.06753740484457207,0.16873050786831464,-0.05987218836663462,-1.690998093968528
pattern_discrimination,Pattern,9,1.688193831129556,0.9430193634683154,19.43503664625416,0.13175192349884995,-0.15892147965266984,-0.13040937134428973,-1.5916901942813657
pattern_discrimination,Pattern,10,1.830410016718674,0.9262130762592968,22.14800677989689,-0.03713679592032114,0.05126508567158241,0.45212910380567695,-1.6955370172060404
pattern_discrimination,Pattern,11,1.570812023991342,0.9331471124975412,21.0691693852046,0.2149913098148644,-0.09005941946560364,0.14927682594276312,-1.4646541897330765
pattern_discrimination,Pattern,12,1.7894261339723208,0.9612574799185892,16.000876346001274,0.11350666317597773,0.10940107233110441,-0.17203058766767895,-1.7204779527452378
pattern_discrimination,Pattern,13,1.7592000658523645,0.8609980947599131,30.57116571079624,0.5066687871747707,-0.26828736110432183,0.28576036096802376,-1.5145362940760911
pattern_discrimination,Pattern,14,1.8142119007487947,0.9298034165510062,21.59580806038447,-0.13066430976743654,0.3554866954964959,-0.2450426429483784,-1.6881675431417793
pattern_discrimination,Pattern,15,1.678751762465787,0.965044807992025,15.193811461954727,0.014821240642585325,0.07218910209358692,0.09281301460346805,-1.6201609074849483
pattern_discrimination,Pattern,16,1.7577779816163583,0.9582685286976972,16.61083562667055,-0.10791750551005465,0.12151180103772644,-0.11144792953982155,-1.6850186155160052
pattern_discrimination,Pattern,17,1.7442039745693287,0.9354826866311264,20.69373326023575,0.39884650027398316,-0.08871100178011347,-0.2476696234269104,-1.631912605501782
pattern_discrimination,Pattern,18,1.8102490058565703,0.8856170323547007,27.672450598835525,0.027144881758509418,-0.2693838744895459,-0.2097496860026666,-1.6029352977496956
pattern_discrimination,Pattern,19,1.739111935135963,0.9510136965070651,18.007937654776818,-0.0887564133497919,-0.12332431786408546,0.09043080609809719,-1.6537917398106818
pattern_discrimination,Pattern,20,1.6391327068459078,0.8811313250178445,28.22086295645234,-0.31297851289012685,-0.31435914542470084,0.2425678842166148,-1.4420021086506676
pattern_discrimination,Pattern,21,1.774568418646634,0.8682329732554402,29.74605561079592,-0.12532092297225067,-0.5199048560026397,0.03307654875563853,-1.5388669653691116
pattern_discrimination,Pattern,22,1.60355796935572,0.9055296829950943,25.10528280324898,-0.48855676508802365,-0.22622190097199524,0.1709624977049816,-1.4504230909611235
pattern_discrimination,Pattern,23,1.9239041555496206,0.8948787627996307,26.507138490299475,-0.005220476094881691,0.5857473556353651,-0.12447673942102618,-1.7239659536253225
pattern_discrimination,Pattern,24,1.6363756742314093,0.9481998971356111,18.522334016162787,0.0943884691156958,-0.15122475637121124,0.32547110422502884,-1.550827931426975
pattern_discrimination,Pattern,25,1.6076607821830755,0.927213661601551,21.995440588805902,0.31756590888181785,-0.265670620104895,0.07372363947382601,-1.4902860667339672
pattern_discrimination,Pattern,26,1.4728830096176588,0.9261946101235013,22.15081305771303,-0.2845361048090971,0.04765551021559953,-0.14022338182997499,-1.3634953024735388
pattern_discrimination,Pattern,27,1.7748796318447053,0.8772526861266031,28.687288164502867,-0.3818058416755449,0.28089372590131756,0.01844040059484237,-1.5570892015338775
pattern_discrimination,Pattern,28,1.5447426130879276,0.9271503884688792,22.00511804719625,-0.12376159592929056,-0.21750784564339304,-0.14918988381455991,-1.4301926521470902
pattern_discrimination,Pattern,29,1.871216421721918,0.9042911916724696,25.27201294761793,0.18652690033473607,0.49184229219014675,0.1605033861696194,-1.6944006327473329
pattern_discrimination,Pattern,30,1.5689764744567594,0.937472288642221,20.368696992396515,0.325026799476324,-0.2790291306339148,-0.02268367041714641,-1.4698114348354712
pattern_discrimination,Pattern,31,1.7168311702107109,0.9466438196127244,18.800967245768277,0.3839545182847389,0.2143423825846997,-0.01701771834574117,-1.6264158702677378
pattern_discrimination,Pattern,32,1.7886581502895065,0.9033312859731528,25.400535222271074,0.16002337148485238,-0.10529764271730088,-0.32066678976489404,-1.6160358406361495
pattern_discrimination,Pattern,33,1.702320658404556,0.9350065590486906,20.770795360021367,-0.0979976649569632,0.018579769844618316,0.2663597096118918,-1.5916938113453019
pattern_discrimination,Pattern,34,1.6754051781227994,0.9665541356768956,14.860272712877508,0.030763424135696233,0.042210296121741174,0.09764693955918262,-1.6198462175588066
pattern_discrimination,Pattern,35,1.6910986548057982,0.937315101896762,20.394556524451094,0.28349521612415685,0.08951599141881442,-0.04079985249928677,-1.5853212801699266
pattern_discrimination,Pattern,36,1.9604328615528537,0.9092790672779658,24.59408667700382,0.0033284588157807757,0.33256181355483627,0.03627087795808213,-1.7844718095354155
pattern_discrimination,Pattern,37,1.875184305051746,0.928814086779423,21.749298954165774,-0.1014203484178112,-0.1236107573985317,-0.36541364857309494,-1.7422031787962615
pattern_discrimination,Pattern,38,1.7515457694972796,0.9475867032410391,18.632613045775393,0.24286761507746496,-0.01631334044322766,-0.03916496504566503,-1.6602561828862694
pattern_discrimination,Pattern,39,1.8027625441360906,0.8827557638000203,28.023402430987304,0.37092851673492394,-0.05448674288081216,-0.14253589709744025,-1.59154938232288
pattern_discrimination,Pattern,40,1.5320105697503306,0.9297101743036035,21.61031854579403,0.04480184876537362,-0.10977897320777752,0.2507129622910271,-1.4237826814211914
pattern_discrimination,Pattern,41,1.7790775303239523,0.9177804739579223,23.396270637639766,-0.18014344029747953,-0.058290935709473454,-0.44538502025211696,-1.6329470372959187
pattern_discrimination,Pattern,42,1.7383782222156925,0.9436788614465835,19.321153584741857,-0.07086601620237047,0.3671336725898583,0.1787416477247869,-1.6414990456760268
pattern_discrimination,Pattern,43,1.6835124605281164,0.9409163242221635,19.7939851320817,-0.16083305735936562,-0.05951773849429922,-0.07349674246779807,-1.5840313553548677
pattern_discrimination,Pattern,44,1.5722234595952542,0.9540783222101501,17.43101338955077,0.1479253771415372,-0.03718286714656438,-0.13389072944342548,-1.5004959399583484
pattern_discrimination,Pattern,45,1.6568262322179388,0.9637169584903632,15.481442472050805,0.3251750833187855,0.04328225772098122,0.013330863701325473,-1.5970448626961633
pattern_discrimination,Pattern,46,1.6873049007135636,0.9447833186012986,19.128974238733917,-0.2542589467846997,-0.12729310207151168,0.13697247996852377,-1.593331287011582
pattern_discrimination,Pattern,47,1.5633445497678335,0.9256449882825325,22.23418447213785,-0.4758779222685491,-0.004477096721332624,-0.06905587023291304,-1.4463875148078489
pattern_discrimination,Pattern,48,1.6679516901554812,0.9180253567266038,23.360911326184304,-0.5313047293728922,0.03859235984550119,0.041561870861505326,-1.5306283223363106
pattern_discrimination,Pattern,49,1.7521829453825317,0.9465774807947837,18.812757509459843,-0.2291358345518939,-0.04335194151864698,0.12792997126778782,-1.6583729714702162
pattern_discrimination,Pattern,50,1.6644309154285726,0.9525002732423486,17.73035485296812,-0.06669532990533222,-0.24289962507146862,-0.10861934777403849,-1.5847417927184317
xor_electrode_classification,XOR,1,2.7420226298934183,0.8181686406685326,35.098114369616525,-0.0985144882336805,1.1651664421047354,-0.3786518330283987,-2.2384051594318124
xor_electrode_classification,XOR,2,2.5062648281629563,0.8531951660570504,31.439087164865846,-0.2558504343412013,0.3517371729052691,0.35627551989619766,-2.1347621854651533
xor_electrode_classification,XOR,3,2.778185071755114,0.8922596598372655,26.841417347990223,0.02776213704761326,-0.4464577006132489,-0.1398399313932522,-2.4808625959131114
xor_electrode_classification,XOR,4,2.53962656220053,0.8467950550849692,32.135225700949825,-0.36515271520485626,0.022833218775610818,-0.43548350598848223,-2.1495614381537296
xor_electrode_classification,XOR,5,2.7309483450234997,0.902353916847985,25.53077486804652,0.14218612177021042,-0.31170539962851646,-0.3765571369655854,-2.4667324104425545
xor_electrode_classification,XOR,6,2.607584324900439,0.9269109649997506,22.04170068530526,-0.24597563468234912,-0.09167346430870783,0.23178624638726236,-2.416354092479688
xor_electrode_classification,XOR,7,2.7426572640890337,0.9027647293197074,25.476107616983903,0.0464471239269234,0.06096738135000977,-0.6639645064897043,-2.4764329939043583
xor_electrode_classification,XOR,8,2.969215858111696,0.8388282210103237,32.98341127092058,0.25020791749185695,0.44595100218550293,0.6333029450184872,-2.490224801950759
xor_electrode_classification,XOR,9,2.942609490529463,0.8647843853028909,30.141906012385864,-0.3456693626282884,-0.3768564096780585,0.27830516864146876,-2.5464804740142197
xor_electrode_classification,XOR,10,2.8976039411332892,0.8989832799169746,25.975255920996577,-0.08151333980512558,-0.7035115475066148,0.12040579209317412,-2.6079687456314216
xor_electrode_classification,XOR,11,2.682659246596961,0.8971570790578646,26.213141779528492,0.3665925992573618,-0.06897444241823554,0.28056147106730245,-2.4065277737477815
xor_electrode_classification,XOR,12,2.976389019842295,0.8931127899970036,26.732956821365114,0.26033683567120536,-0.06336559269576195,0.09801809458319835,-2.6604250690120077
xor_electrode_classification,XOR,13,2.7268683019705215,0.8584340126905418,30.85879398719985,-0.4695801768840572,-0.20641021982359778,0.5065564803660174,-2.3408503264761316
xor_electrode_classification,XOR,14,2.458442603989561,0.883140007693574,27.976508032868285,-0.20175571246543028,0.5777896459835532,0.15677214519319393,-2.167552624461387
xor_electrode_classification,XOR,15,2.7747444236163674,0.8868697159379775,27.517505305205546,0.28977216393702293,-0.3576973521516532,0.16965199115279206,-2.4627658591200863
xor_electrode_classification,XOR,16,2.5944146861701833,0.8840089022119924,27.870197845976413,-0.3869600286768961,0.07338064509332973,0.15125818621042,-2.291561006099532
xor_electrode_classification,XOR,17,2.8065794111852784,0.890435197358126,27.072015382078987,-0.6679061436599483,-0.1686220324137226,-0.5424248635437898,-2.4984336586036293
xor_electrode_classification,XOR,18,2.7528511608148354,0.8717775865137429,29.334131806761185,0.5631829705120256,0.42566765916023036,0.25696859790055593,-2.3993593447509416
xor_electrode_classification,XOR,19,2.9272169258846477,0.9019462438190509,25.58491660866748,0.4252241876785968,-0.6294878425438959,0.014745169413824748,-2.6441952583337947
xor_electrode_classification,XOR,20,2.4609468520267086,0.876418567792035,28.78669018864869,-0.6330909203990283,0.2825735055154195,-0.3651587249727374,-2.153960752672181
xor_electrode_classification,XOR,21,2.75261573590997,0.9018525077964503,25.597350283708682,0.33610672235884853,-0.25279162239432984,0.021020029627396315,-2.484418639436107
xor_electrode_classification,XOR,22,2.795995806891994,0.8556744312918152,31.165676902579126,0.5253526143407771,0.3521901904775336,-0.6807347587340515,-2.392513813430672
xor_electrode_classification,XOR,23,3.0313527746260203,0.8750064522137636,28.95426074540082,0.684699524219818,-0.34803603256145144,0.07034817984998891,-2.655746540010747
xor_electrode_classification,XOR,24,2.518979879873766,0.866101947543396,29.991227568110183,0.4127132381641748,0.5297467498634164,0.2548686621284906,-2.1800121962426275
xor_electrode_classification,XOR,25,2.73681601248025,0.8513538970615906,31.64076655383951,-0.5479926729034025,0.13654146916910315,0.18860315242968465,-2.3286597252322623
xor_electrode_classification,XOR,26,2.306409356707216,0.92409692540709,22.46742934763658,-0.2848422680209438,0.061010169058288564,-0.13193082958613256,-2.1302713143015226
xor_electrode_classification,XOR,27,2.9554435831833397,0.8703309698303658,29.50287687059258,0.18468176752855356,-0.012358277009318278,-0.6402577193008416,-2.573756786916731
xor_electrode_classification,XOR,28,2.622509478700361,0.8648873941619173,30.130150374162366,0.4713424145462714,0.5702022185587818,-0.055771491592370256,-2.266855235729977
xor_electrode_classification,XOR,29,2.617758320676593,0.8895241097927891,27.186492472049625,-0.34264474007403006,-0.10088646227373409,0.1380697568217738,-2.3278758032395936
xor_electrode_classification,XOR,30,2.7404845143813867,0.8523859407563363,31.527866414934753,0.6417273426322846,-0.07576694537391125,0.36521497793154895,-2.336379645697511
xor_electrode_classification,XOR,31,2.6500877632726696,0.8951452275289142,26.472910088178747,0.1732614839557898,0.07191840715777484,-0.1628201965305529,-2.372004002491004
xor_electrode_classification,XOR,32,2.6448120675986804,0.877429603707665,28.66616433761457,-0.2690654699679565,0.5492742620544385,0.16005424467752627,-2.3173773260945283
xor_electrode_classification,XOR,33,2.660939545523237,0.9071939696466047,24.879585803499854,-0.16347145013924191,-0.15192952375176438,-0.1818171355174749,-2.41369943853999
xor_electrode_classification,XOR,34,2.8377567522284046,0.8874593281063055,27.4442967713697,0.2568233468430723,-0.23515033073389088,-0.45378323338842935,-2.5208542369370783
xor_electrode_classification,XOR,35,2.7646597659407957,0.8757506955326131,28.86605493217003,-0.5541290790134088,-0.30130237717478275,0.2434273302113771,-2.4207899342868826
xor_electrode_classification,XOR,36,2.8786987872419263,0.8665093011637077,29.944502883101226,0.18628024684500288,-0.2268617739205947,-0.46716036749323453,-2.495639391978172
xor_electrode_classification,XOR,37,2.7946213453147624,0.8758237960814135,28.85737795630919,-0.5324032863883711,-0.10097878626943699,-0.6987303282108311,-2.4475532816781014
xor_electrode_classification,XOR,38,2.5949637047255836,0.9081793730383911,24.745045483243587,-0.3010015104087684,0.008036838956329617,0.1964428770208195,-2.3554979931463746
xor_electrode_classification,XOR,39,2.847870496487249,0.8941085345752561,26.605847519598846,-0.05971318928786424,-0.015516235016405146,0.20501697312319622,-2.546566512892237
xor_electrode_classification,XOR,40,2.662611396373995,0.8710945706042057,29.41391414591191,0.36375836756033053,0.18375977683516145,-0.026058966740179514,-2.318940995486585
xor_electrode_classification,XOR,41,2.9994991295534,0.9006836834256949,25.751919603175615,0.1902674884475918,-0.23299591398746053,-0.16351884015958265,-2.704049903695784
xor_electrode_classification,XOR,42,2.607965246269189,0.9081558175033436,24.748269589675758,-0.2144957661208795,-0.19068169878179747,0.27334690269568124,-2.368124108647004
xor_electrode_classification,XOR,43,2.815113923471903,0.8737201204290612,29.106137682611905,0.5564421662882173,-0.15771589671251662,0.08834966903854392,-2.461153789552844
xor_electrode_classification,XOR,44,2.350830761083676,0.9083582374481131,24.720550998081354,-0.12509912200631418,0.17601112870610366,0.3240144157358574,-2.1335812026576795
xor_electrode_classification,XOR,45,2.66091943477454,0.9008013912546002,25.73639270272208,-0.3819792052781245,-0.23008091479571707,0.22483691320635252,-2.396601967368555
xor_electrode_classification,XOR,46,2.7294253632325374,0.8794372191383883,28.425450144695787,-0.17953776617900172,0.27546320208669045,0.19495172246452058,-2.398711227172302
xor_electrode_classification,XOR,47,2.430630318768209,0.9083979177041016,24.715113924747943,0.5536802593608006,0.3042726364384571,0.00477214295905803,-2.2077849505939313
xor_electrode_classification,XOR,48,2.859035933749603,0.8810412193514513,28.23177872676636,0.5627598046096471,-0.4168286699296811,0.04146943119624889,-2.521964204309855
xor_electrode_classification,XOR,49,2.746978561587457,0.8746240598509292,28.999485583598936,-0.41414522857758523,-0.12258733389710921,0.16770528114397457,-2.401298508227242
xor_electrode_classification,XOR,50,2.7033311248965646,0.8932776865227646,26.711946090504675,-0.3491191336472438,-0.02726292406982801,0.14754389944969676,-2.414317861680901
