protocol_id,task_name,beta,schedule,spatial_mode,duration_s,current_uA,pulse_width_us,total_pulses,baseline_score,trained_score,training_score_delta,training_repetitions,initial_trials_to_criterion,initial_trials_for_savings,training_reached_criterion,reset_score,no_reset_score,reset_minus_no_reset_score,forgetting_score,criterion_score,score_drop,criterion_forget,made_forget,naive_weight_control_score,naive_weight_control_minus_trained_score,naive_weight_control_minus_no_reset_score,naive_weight_control_displacement_norm,trained_delta_norm,reset_post_minus_trained_norm,no_reset_post_minus_trained_norm,reset_minus_no_reset_weight_norm,weight_erasure_reset,weight_erasure_no_reset,residual_trace_correlation_reset,residual_trace_correlation_no_reset,erasure_projection_reset_vs_no_reset,reset_window_neuron_spikes_delta,consolidation_neuron_spikes,relearn_trials,relearn_measured,relearn_score,relearn_reached_criterion,relearn_savings,relearn_elapsed_s,replicates,task_output_dir
b-2_chirp_shared_3s_50uA,conditioned_electrode_association,-2.0,chirp,shared,3.0,50.0,160,3742.38,0.0,1.0,1.0,60.0,20.4,20.4,1.0,0.875,1.0,-0.125,0.125,0.4,1.0,0.0,0.0,0.0,-1.0,-1.0,53.92837055684591,53.92837055684591,314.61717792008864,0.0,314.61717792008864,-4.9311040115976,1.8572408055916867e-11,0.1576323036936793,1.0,-0.014820453530063,2201675.32,0.0,0.0,1.0,0.875,1.0,1.0,0.2312359232202288,50,experiments/snn_reset/results/snn_reset_relearning_n50_20260618T233516Z/conditioned_electrode_association
b0_chirp_shared_3s_50uA,conditioned_electrode_association,0.0,chirp,shared,3.0,50.0,160,2596.9,0.0,1.0,1.0,60.0,20.4,20.4,1.0,0.8775,1.0,-0.1225,0.1225,0.4,0.98,0.0,0.0,0.0,-1.0,-1.0,53.92837055684591,53.92837055684591,250.776558729954,0.0,250.776558729954,-3.776690878379944,1.8572408055916867e-11,0.2131882486635282,1.0,-0.062341464029529,1427693.98,0.0,0.0,1.0,0.8775,1.0,1.0,0.2174418858793797,50,experiments/snn_reset/results/snn_reset_relearning_n50_20260618T233516Z/conditioned_electrode_association
b-2_chirp_correlated_3s_50uA,conditioned_electrode_association,-2.0,chirp,correlated,3.0,50.0,160,2185.1,0.0,1.0,1.0,60.0,20.4,20.4,1.0,0.88,1.0,-0.12,0.12,0.4,0.96,0.0,0.0,0.0,-1.0,-1.0,53.92837055684591,53.92837055684591,213.381857472658,0.0,213.381857472658,-3.107426095529579,1.8572408055916867e-11,0.2568144810352846,1.0,-0.0832264682363133,1124520.8,0.0,0.0,1.0,0.88,1.0,1.0,0.2151839799000299,50,experiments/snn_reset/results/snn_reset_relearning_n50_20260618T233516Z/conditioned_electrode_association
b2_chirp_shared_3s_50uA,conditioned_electrode_association,2.0,chirp,shared,3.0,50.0,160,1744.34,0.0,1.0,1.0,60.0,20.4,20.4,1.0,0.93,1.0,-0.07,0.07,0.4,0.56,0.0,0.0,0.0,-1.0,-1.0,53.92837055684591,53.92837055684591,157.61319630107445,0.0,157.61319630107445,-2.128214990898859,1.8572408055916867e-11,0.3493367433244641,1.0,-0.0983396682249526,871353.9,0.0,0.0,1.0,0.93,1.0,1.0,0.2098378824802057,50,experiments/snn_reset/results/snn_reset_relearning_n50_20260618T233516Z/conditioned_electrode_association
b0_chirp_correlated_3s_50uA,conditioned_electrode_association,0.0,chirp,correlated,3.0,50.0,160,1507.12,0.0,1.0,1.0,60.0,20.4,20.4,1.0,0.9325,1.0,-0.0675,0.0675,0.4,0.54,0.0,0.0,0.0,-1.0,-1.0,53.92837055684591,53.92837055684591,111.16988285862126,0.0,111.16988285862126,-1.337585580763279,1.8572408055916867e-11,0.4682807706053183,1.0,-0.0973825377177589,660595.92,0.0,0.0,1.0,0.9325,1.0,1.0,0.2079012866597622,50,experiments/snn_reset/results/snn_reset_relearning_n50_20260618T233516Z/conditioned_electrode_association
b2_chirp_correlated_3s_50uA,conditioned_electrode_association,2.0,chirp,correlated,3.0,50.0,160,1015.54,0.0,1.0,1.0,60.0,20.4,20.4,1.0,0.95,1.0,-0.05,0.05,0.4,0.4,0.0,0.0,0.0,-1.0,-1.0,53.92837055684591,53.92837055684591,67.4334292938242,0.0,67.4334292938242,-0.6567407840883601,1.8572408055916867e-11,0.6555771107926887,1.0,-0.0860996554883466,408171.36,0.0,0.0,1.0,0.95,1.0,1.0,0.2071410099603235,50,experiments/snn_reset/results/snn_reset_relearning_n50_20260618T233516Z/conditioned_electrode_association
b-2_static_shared_3s_50uA,conditioned_electrode_association,-2.0,static,shared,3.0,50.0,160,1539.82,0.0,1.0,1.0,60.0,20.4,20.4,1.0,0.9525,1.0,-0.0475,0.0475,0.4,0.38,0.0,0.0,0.0,-1.0,-1.0,53.92837055684591,53.92837055684591,100.9558246620344,0.0,100.9558246620344,-1.1749501787127683,1.8572408055916867e-11,0.5065965919401403,1.0,-0.098331661942851,692316.66,0.0,0.0,1.0,0.9525,1.0,1.0,0.2085138892607938,50,experiments/snn_reset/results/snn_reset_relearning_n50_20260618T233516Z/conditioned_electrode_association
b-2_epoch_pause_shared_3s_50uA,conditioned_electrode_association,-2.0,epoch_pause,shared,3.0,50.0,160,1145.42,0.0,1.0,1.0,60.0,20.4,20.4,1.0,0.955,1.0,-0.045,0.045,0.4,0.36,0.0,0.0,0.0,-1.0,-1.0,53.92837055684591,53.92837055684591,74.47280033855546,0.0,74.47280033855546,-0.7629752334412742,1.8572408055916867e-11,0.6207573263306881,1.0,-0.0896455517572136,513004.98,0.0,0.0,1.0,0.955,1.0,1.0,0.2077952975002699,50,experiments/snn_reset/results/snn_reset_relearning_n50_20260618T233516Z/conditioned_electrode_association
b0_epoch_pause_shared_3s_50uA,conditioned_electrode_association,0.0,epoch_pause,shared,3.0,50.0,160,751.82,0.0,1.0,1.0,60.0,20.4,20.4,1.0,0.9625,1.0,-0.0375,0.0375,0.4,0.3,0.0,0.0,0.0,-1.0,-1.0,53.92837055684591,53.92837055684591,40.61402338198126,0.0,40.61402338198126,-0.3025920355584846,1.8572408055916867e-11,0.816762256828973,1.0,-0.0620211129933442,260686.4,0.0,0.0,1.0,0.9625,1.0,1.0,0.2064685008802916,50,experiments/snn_reset/results/snn_reset_relearning_n50_20260618T233516Z/conditioned_electrode_association
b0_static_shared_3s_50uA,conditioned_electrode_association,0.0,static,shared,3.0,50.0,160,1053.58,0.0,1.0,1.0,60.0,20.4,20.4,1.0,0.97,1.0,-0.03,0.03,0.4,0.24,0.0,0.0,0.0,-1.0,-1.0,53.92837055684591,53.92837055684591,54.4102797683604,0.0,54.4102797683604,-0.4800820082508982,1.8572408055916867e-11,0.732839123569846,1.0,-0.0816914759147923,379340.08,0.0,0.0,1.0,0.97,1.0,1.0,0.2075287383404793,50,experiments/snn_reset/results/snn_reset_relearning_n50_20260618T233516Z/conditioned_electrode_association
b2_static_shared_3s_50uA,conditioned_electrode_association,2.0,static,shared,3.0,50.0,160,690.74,0.0,1.0,1.0,60.0,20.4,20.4,1.0,0.9825,1.0,-0.0175,0.0175,0.4,0.14,0.0,0.0,0.0,-1.0,-1.0,53.92837055684591,53.92837055684591,37.76422778451431,0.0,37.76422778451431,-0.2729536065515879,1.8572408055916867e-11,0.8350027330608212,1.0,-0.0611718250433107,235903.78,0.0,0.0,1.0,0.9825,1.0,1.0,0.205056626680016,50,experiments/snn_reset/results/snn_reset_relearning_n50_20260618T233516Z/conditioned_electrode_association
b-2_alternating_blue_red_shared_3s_50uA,conditioned_electrode_association,-2.0,alternating_blue_red,shared,3.0,50.0,160,971.36,0.0,1.0,1.0,60.0,20.4,20.4,1.0,0.9875,1.0,-0.0125,0.0125,0.4,0.1,0.0,0.0,0.0,-1.0,-1.0,53.92837055684591,53.92837055684591,53.204910261437135,0.0,53.204910261437135,-0.4626666384170479,1.8572408055916867e-11,0.7393899793984161,1.0,-0.0788011697962107,367786.04,0.0,0.0,1.0,0.9875,1.0,1.0,0.2069735674597905,50,experiments/snn_reset/results/snn_reset_relearning_n50_20260618T233516Z/conditioned_electrode_association
b0_alternating_blue_red_shared_3s_50uA,conditioned_electrode_association,0.0,alternating_blue_red,shared,3.0,50.0,160,971.36,0.0,1.0,1.0,60.0,20.4,20.4,1.0,0.9875,1.0,-0.0125,0.0125,0.4,0.1,0.0,0.0,0.0,-1.0,-1.0,53.92837055684591,53.92837055684591,53.204910261437135,0.0,53.204910261437135,-0.4626666384170479,1.8572408055916867e-11,0.7393899793984161,1.0,-0.0788011697962107,367786.04,0.0,0.0,1.0,0.9875,1.0,1.0,0.2052527141798054,50,experiments/snn_reset/results/snn_reset_relearning_n50_20260618T233516Z/conditioned_electrode_association
b2_alternating_blue_red_shared_3s_50uA,conditioned_electrode_association,2.0,alternating_blue_red,shared,3.0,50.0,160,971.36,0.0,1.0,1.0,60.0,20.4,20.4,1.0,0.9875,1.0,-0.0125,0.0125,0.4,0.1,0.0,0.0,0.0,-1.0,-1.0,53.92837055684591,53.92837055684591,53.204910261437135,0.0,53.204910261437135,-0.4626666384170479,1.8572408055916867e-11,0.7393899793984161,1.0,-0.0788011697962107,367786.04,0.0,0.0,1.0,0.9875,1.0,1.0,0.205207891639875,50,experiments/snn_reset/results/snn_reset_relearning_n50_20260618T233516Z/conditioned_electrode_association
b-2_static_correlated_3s_50uA,conditioned_electrode_association,-2.0,static,correlated,3.0,50.0,160,893.08,0.0,1.0,1.0,60.0,20.4,20.4,1.0,0.9875,1.0,-0.0125,0.0125,0.4,0.1,0.0,0.0,0.0,-1.0,-1.0,53.92837055684591,53.92837055684591,48.23962730503741,0.0,48.23962730503741,-0.3913285459883986,1.8572408055916867e-11,0.7660430135338727,1.0,-0.0651602635254932,269232.54,0.0,0.0,1.0,0.9875,1.0,1.0,0.2069261625596846,50,experiments/snn_reset/results/snn_reset_relearning_n50_20260618T233516Z/conditioned_electrode_association
b2_epoch_pause_shared_3s_50uA,conditioned_electrode_association,2.0,epoch_pause,shared,3.0,50.0,160,498.12,0.0,1.0,1.0,60.0,20.4,20.4,1.0,0.9875,1.0,-0.0125,0.0125,0.4,0.1,0.0,0.0,0.0,-1.0,-1.0,53.92837055684591,53.92837055684591,28.634617740376303,0.0,28.634617740376303,-0.1731410411359452,1.8572408055916867e-11,0.8917164401199372,1.0,-0.0452653053283524,160250.2,0.0,0.0,1.0,0.9875,1.0,1.0,0.2051120125401939,50,experiments/snn_reset/results/snn_reset_relearning_n50_20260618T233516Z/conditioned_electrode_association
b-2_alternating_blue_red_correlated_3s_50uA,conditioned_electrode_association,-2.0,alternating_blue_red,correlated,3.0,50.0,160,566.22,0.0,1.0,1.0,60.0,20.4,20.4,1.0,0.99,1.0,-0.01,0.01,0.4,0.08,0.0,0.0,0.0,-1.0,-1.0,53.92837055684591,53.92837055684591,32.01706946384997,0.0,32.01706946384997,-0.2011676758030862,1.8572408055916867e-11,0.869247246671239,1.0,-0.0435585855325266,149516.26,0.0,0.0,1.0,0.99,1.0,1.0,0.2062645283198799,50,experiments/snn_reset/results/snn_reset_relearning_n50_20260618T233516Z/conditioned_electrode_association
b0_alternating_blue_red_correlated_3s_50uA,conditioned_electrode_association,0.0,alternating_blue_red,correlated,3.0,50.0,160,566.22,0.0,1.0,1.0,60.0,20.4,20.4,1.0,0.99,1.0,-0.01,0.01,0.4,0.08,0.0,0.0,0.0,-1.0,-1.0,53.92837055684591,53.92837055684591,32.01706946384997,0.0,32.01706946384997,-0.2011676758030862,1.8572408055916867e-11,0.869247246671239,1.0,-0.0435585855325266,149516.26,0.0,0.0,1.0,0.99,1.0,1.0,0.2053673824606812,50,experiments/snn_reset/results/snn_reset_relearning_n50_20260618T233516Z/conditioned_electrode_association
b2_alternating_blue_red_correlated_3s_50uA,conditioned_electrode_association,2.0,alternating_blue_red,correlated,3.0,50.0,160,566.22,0.0,1.0,1.0,60.0,20.4,20.4,1.0,0.99,1.0,-0.01,0.01,0.4,0.08,0.0,0.0,0.0,-1.0,-1.0,53.92837055684591,53.92837055684591,32.01706946384997,0.0,32.01706946384997,-0.2011676758030862,1.8572408055916867e-11,0.869247246671239,1.0,-0.0435585855325266,149516.26,0.0,0.0,1.0,0.99,1.0,1.0,0.2050256367000111,50,experiments/snn_reset/results/snn_reset_relearning_n50_20260618T233516Z/conditioned_electrode_association
b-2_epoch_pause_correlated_3s_50uA,conditioned_electrode_association,-2.0,epoch_pause,correlated,3.0,50.0,160,640.44,0.0,1.0,1.0,60.0,20.4,20.4,1.0,0.9925,1.0,-0.0075,0.0075,0.4,0.06,0.0,0.0,0.0,-1.0,-1.0,53.92837055684591,53.92837055684591,36.34432458169379,0.0,36.34432458169379,-0.2491804099927576,1.8572408055916867e-11,0.8423905762915845,1.0,-0.0518681800776404,186459.1,0.0,0.0,1.0,0.9925,1.0,1.0,0.2069185242003004,50,experiments/snn_reset/results/snn_reset_relearning_n50_20260618T233516Z/conditioned_electrode_association
b0_static_correlated_3s_50uA,conditioned_electrode_association,0.0,static,correlated,3.0,50.0,160,610.64,0.0,1.0,1.0,60.0,20.4,20.4,1.0,0.995,1.0,-0.005,0.005,0.4,0.04,0.0,0.0,0.0,-1.0,-1.0,53.92837055684591,53.92837055684591,33.75040408058149,0.0,33.75040408058149,-0.2183129630386484,1.8572408055916867e-11,0.8579957013605727,1.0,-0.0445699382785634,152755.36,0.0,0.0,1.0,0.995,1.0,1.0,0.2057223033203627,50,experiments/snn_reset/results/snn_reset_relearning_n50_20260618T233516Z/conditioned_electrode_association
b0_epoch_pause_correlated_3s_50uA,conditioned_electrode_association,0.0,epoch_pause,correlated,3.0,50.0,160,437.86,0.0,1.0,1.0,60.0,20.4,20.4,1.0,0.995,1.0,-0.005,0.005,0.4,0.04,0.0,0.0,0.0,-1.0,-1.0,53.92837055684591,53.92837055684591,25.752784658175074,0.0,25.752784658175074,-0.136807968239541,1.8572408055916867e-11,0.9073016534620046,1.0,-0.0311744535659127,106193.54,0.0,0.0,1.0,0.995,1.0,1.0,0.2051048059001914,50,experiments/snn_reset/results/snn_reset_relearning_n50_20260618T233516Z/conditioned_electrode_association
b2_epoch_pause_correlated_3s_50uA,conditioned_electrode_association,2.0,epoch_pause,correlated,3.0,50.0,160,285.9,0.0,1.0,1.0,60.0,20.4,20.4,1.0,0.995,1.0,-0.005,0.005,0.4,0.04,0.0,0.0,0.0,-1.0,-1.0,53.92837055684591,53.92837055684591,18.350352664215087,0.0,18.350352664215087,-0.0784303084575545,1.8572408055916867e-11,0.9484417007817728,1.0,-0.0227360512129004,66971.84,0.0,0.0,1.0,0.995,1.0,1.0,0.2047039458405924,50,experiments/snn_reset/results/snn_reset_relearning_n50_20260618T233516Z/conditioned_electrode_association
b2_chirp_shared_3s_10uA,conditioned_electrode_association,2.0,chirp,shared,3.0,10.0,160,1744.34,0.0,1.0,1.0,60.0,20.4,20.4,1.0,0.995,1.0,-0.005,0.005,0.4,0.04,0.0,0.0,0.0,-1.0,-1.0,53.92837055684591,53.92837055684591,6.76111948671201,0.0,6.76111948671201,-0.0114533989889832,1.8572408055916867e-11,0.991174325342334,1.0,-0.0024625841928435,13291.1,0.0,0.0,1.0,0.995,1.0,1.0,0.2039824408994172,50,experiments/snn_reset/results/snn_reset_relearning_n50_20260618T233516Z/conditioned_electrode_association
b-2_chirp_correlated_3s_10uA,conditioned_electrode_association,-2.0,chirp,correlated,3.0,10.0,160,2185.1,0.0,1.0,1.0,60.0,20.4,20.4,1.0,0.995,1.0,-0.005,0.005,0.4,0.04,0.0,0.0,0.0,-1.0,-1.0,53.92837055684591,53.92837055684591,2.9946757561909965,0.0,2.9946757561909965,-0.0032554192481883,1.8572408055916867e-11,0.9983409581726538,1.0,-0.0015969553893792,3548.9,0.0,0.0,1.0,0.995,1.0,1.0,0.2058464283807552,50,experiments/snn_reset/results/snn_reset_relearning_n50_20260618T233516Z/conditioned_electrode_association
b-2_chirp_shared_3s_10uA,conditioned_electrode_association,-2.0,chirp,shared,3.0,10.0,160,3742.38,0.0,1.0,1.0,60.0,20.4,20.4,1.0,0.9975,1.0,-0.0025,0.0025,0.4,0.02,0.0,0.0,0.0,-1.0,-1.0,53.92837055684591,53.92837055684591,15.37063273992134,0.0,15.37063273992134,-0.050695200009127,1.8572408055916867e-11,0.9613403440313678,1.0,-0.0095176741814009,48421.42,0.0,0.0,1.0,0.9975,1.0,1.0,0.2060997182798746,50,experiments/snn_reset/results/snn_reset_relearning_n50_20260618T233516Z/conditioned_electrode_association
b0_chirp_shared_3s_10uA,conditioned_electrode_association,0.0,chirp,shared,3.0,10.0,160,2596.9,0.0,1.0,1.0,60.0,20.4,20.4,1.0,0.9975,1.0,-0.0025,0.0025,0.4,0.02,0.0,0.0,0.0,-1.0,-1.0,53.92837055684591,53.92837055684591,4.3782012130225345,0.0,4.3782012130225345,-0.0058824204270045,1.8572408055916867e-11,0.996099768186291,1.0,-0.0019586682381554,6935.86,0.0,0.0,1.0,0.9975,1.0,1.0,0.2057119416397472,50,experiments/snn_reset/results/snn_reset_relearning_n50_20260618T233516Z/conditioned_electrode_association
b0_gated_burst_shared_3s_50uA,conditioned_electrode_association,0.0,gated_burst,shared,3.0,50.0,160,1062.96,0.0,1.0,1.0,60.0,20.4,20.4,1.0,1.0,1.0,0.0,0.0,0.4,0.0,0.0,0.0,0.0,-1.0,-1.0,53.92837055684591,53.92837055684591,143.0112405755953,0.0,143.0112405755953,-1.8765777136737407,1.8572408055916867e-11,0.3821794827527333,1.0,-0.1016757778148249,647246.74,0.0,0.0,1.0,1.0,1.0,1.0,0.2062924341004691,50,experiments/snn_reset/results/snn_reset_relearning_n50_20260618T233516Z/conditioned_electrode_association
b-2_gated_burst_shared_3s_50uA,conditioned_electrode_association,-2.0,gated_burst,shared,3.0,50.0,160,1061.26,0.0,1.0,1.0,60.0,20.4,20.4,1.0,1.0,1.0,0.0,0.0,0.4,0.0,0.0,0.0,0.0,-1.0,-1.0,53.92837055684591,53.92837055684591,142.81536159258735,0.0,142.81536159258735,-1.873632059523327,1.8572408055916867e-11,0.3822608400424934,1.0,-0.1015233531812502,646647.88,0.0,0.0,1.0,1.0,1.0,1.0,0.2072404799805372,50,experiments/snn_reset/results/snn_reset_relearning_n50_20260618T233516Z/conditioned_electrode_association
b2_gated_burst_shared_3s_50uA,conditioned_electrode_association,2.0,gated_burst,shared,3.0,50.0,160,1088.92,0.0,1.0,1.0,60.0,20.4,20.4,1.0,1.0,1.0,0.0,0.0,0.4,0.0,0.0,0.0,0.0,-1.0,-1.0,53.92837055684591,53.92837055684591,125.8970596095345,0.0,125.8970596095345,-1.5869335413759311,1.8572408055916867e-11,0.4288612179320622,1.0,-0.103494379905782,620088.42,0.0,0.0,1.0,1.0,1.0,1.0,0.205627867480216,50,experiments/snn_reset/results/snn_reset_relearning_n50_20260618T233516Z/conditioned_electrode_association
b2_gated_burst_correlated_3s_50uA,conditioned_electrode_association,2.0,gated_burst,correlated,3.0,50.0,160,628.22,0.0,1.0,1.0,60.0,20.4,20.4,1.0,1.0,1.0,0.0,0.0,0.4,0.0,0.0,0.0,0.0,-1.0,-1.0,53.92837055684591,53.92837055684591,62.14400962038541,0.0,62.14400962038541,-0.5839431938537115,1.8572408055916867e-11,0.6870624059937329,1.0,-0.0835349882428914,339348.92,0.0,0.0,1.0,1.0,1.0,1.0,0.2054147440996894,50,experiments/snn_reset/results/snn_reset_relearning_n50_20260618T233516Z/conditioned_electrode_association
b-2_gated_burst_correlated_3s_50uA,conditioned_electrode_association,-2.0,gated_burst,correlated,3.0,50.0,160,617.44,0.0,1.0,1.0,60.0,20.4,20.4,1.0,1.0,1.0,0.0,0.0,0.4,0.0,0.0,0.0,0.0,-1.0,-1.0,53.92837055684591,53.92837055684591,61.91261216752024,0.0,61.91261216752024,-0.5779859758858548,1.8572408055916867e-11,0.6861544857540757,1.0,-0.077820341872286,335464.58,0.0,0.0,1.0,1.0,1.0,1.0,0.205675542539393,50,experiments/snn_reset/results/snn_reset_relearning_n50_20260618T233516Z/conditioned_electrode_association
b0_gated_burst_correlated_3s_50uA,conditioned_electrode_association,0.0,gated_burst,correlated,3.0,50.0,160,612.88,0.0,1.0,1.0,60.0,20.4,20.4,1.0,1.0,1.0,0.0,0.0,0.4,0.0,0.0,0.0,0.0,-1.0,-1.0,53.92837055684591,53.92837055684591,60.194051547764104,0.0,60.194051547764104,-0.555216304557757,1.8572408055916867e-11,0.6968844620925316,1.0,-0.0783764118626701,329990.34,0.0,0.0,1.0,1.0,1.0,1.0,0.2044836300004681,50,experiments/snn_reset/results/snn_reset_relearning_n50_20260618T233516Z/conditioned_electrode_association
b2_static_correlated_3s_50uA,conditioned_electrode_association,2.0,static,correlated,3.0,50.0,160,399.3,0.0,1.0,1.0,60.0,20.4,20.4,1.0,1.0,1.0,0.0,0.0,0.4,0.0,0.0,0.0,0.0,-1.0,-1.0,53.92837055684591,53.92837055684591,23.779138446178525,0.0,23.779138446178525,-0.1232351160144583,1.8572408055916867e-11,0.91944000712242,1.0,-0.03257383132453,98358.14,0.0,0.0,1.0,1.0,1.0,1.0,0.2052735950596979,50,experiments/snn_reset/results/snn_reset_relearning_n50_20260618T233516Z/conditioned_electrode_association
b2_gated_burst_shared_3s_10uA,conditioned_electrode_association,2.0,gated_burst,shared,3.0,10.0,160,1088.92,0.0,1.0,1.0,60.0,20.4,20.4,1.0,1.0,1.0,0.0,0.0,0.4,0.0,0.0,0.0,0.0,-1.0,-1.0,53.92837055684591,53.92837055684591,13.254239375298848,0.0,13.254239375298848,-0.0388481184798391,1.8572408055916867e-11,0.9712841564280628,1.0,-0.0086202487581659,40149.38,0.0,0.0,1.0,1.0,1.0,1.0,0.2043732174798788,50,experiments/snn_reset/results/snn_reset_relearning_n50_20260618T233516Z/conditioned_electrode_association
b0_gated_burst_shared_3s_10uA,conditioned_electrode_association,0.0,gated_burst,shared,3.0,10.0,160,1062.96,0.0,1.0,1.0,60.0,20.4,20.4,1.0,1.0,1.0,0.0,0.0,0.4,0.0,0.0,0.0,0.0,-1.0,-1.0,53.92837055684591,53.92837055684591,4.553158861073406,0.0,4.553158861073406,-0.0065498415306797,1.8572408055916867e-11,0.9958971047238068,1.0,-0.0024238281770809,6971.58,0.0,0.0,1.0,1.0,1.0,1.0,0.2047906700400926,50,experiments/snn_reset/results/snn_reset_relearning_n50_20260618T233516Z/conditioned_electrode_association
b-2_gated_burst_shared_3s_10uA,conditioned_electrode_association,-2.0,gated_burst,shared,3.0,10.0,160,1061.26,0.0,1.0,1.0,60.0,20.4,20.4,1.0,1.0,1.0,0.0,0.0,0.4,0.0,0.0,0.0,0.0,-1.0,-1.0,53.92837055684591,53.92837055684591,4.109073890035218,0.0,4.109073890035218,-0.0058172092862697,1.8572408055916867e-11,0.9964777643277626,1.0,-0.002271407573567,6300.38,0.0,0.0,1.0,1.0,1.0,1.0,0.2055261266198067,50,experiments/snn_reset/results/snn_reset_relearning_n50_20260618T233516Z/conditioned_electrode_association
b2_gated_burst_correlated_3s_10uA,conditioned_electrode_association,2.0,gated_burst,correlated,3.0,10.0,160,628.22,0.0,1.0,1.0,60.0,20.4,20.4,1.0,1.0,1.0,0.0,0.0,0.4,0.0,0.0,0.0,0.0,-1.0,-1.0,53.92837055684591,53.92837055684591,3.867919503376936,0.0,3.867919503376936,-0.0036461939285948,1.8572408055916867e-11,0.9970501254202206,1.0,-0.000689040385883,4687.56,0.0,0.0,1.0,1.0,1.0,1.0,0.2037876824794511,50,experiments/snn_reset/results/snn_reset_relearning_n50_20260618T233516Z/conditioned_electrode_association
b2_chirp_correlated_3s_10uA,conditioned_electrode_association,2.0,chirp,correlated,3.0,10.0,160,1015.54,0.0,1.0,1.0,60.0,20.4,20.4,1.0,1.0,1.0,0.0,0.0,0.4,0.0,0.0,0.0,0.0,-1.0,-1.0,53.92837055684591,53.92837055684591,1.4979597891131708,0.0,1.4979597891131708,-0.0010870844635222,1.8572408055916867e-11,0.9994585073074064,1.0,-0.000546923826019,1073.16,0.0,0.0,1.0,1.0,1.0,1.0,0.2053314666997175,50,experiments/snn_reset/results/snn_reset_relearning_n50_20260618T233516Z/conditioned_electrode_association
b0_chirp_correlated_3s_10uA,conditioned_electrode_association,0.0,chirp,correlated,3.0,10.0,160,1507.12,0.0,1.0,1.0,60.0,20.4,20.4,1.0,1.0,1.0,0.0,0.0,0.4,0.0,0.0,0.0,0.0,-1.0,-1.0,53.92837055684591,53.92837055684591,1.0726371741604648,0.0,1.0726371741604648,-0.0006013083676169,1.8572408055916867e-11,0.9997169104840812,1.0,-0.0003192230344726,682.52,0.0,0.0,1.0,1.0,1.0,1.0,0.2045609325800615,50,experiments/snn_reset/results/snn_reset_relearning_n50_20260618T233516Z/conditioned_electrode_association
b0_gated_burst_correlated_3s_10uA,conditioned_electrode_association,0.0,gated_burst,correlated,3.0,10.0,160,612.88,0.0,1.0,1.0,60.0,20.4,20.4,1.0,1.0,1.0,0.0,0.0,0.4,0.0,0.0,0.0,0.0,-1.0,-1.0,53.92837055684591,53.92837055684591,0.769226493262975,0.0,0.769226493262975,-0.0001780033166539,1.8572408055916867e-11,0.9998445480646706,1.0,-2.320933501675242e-05,436.02,0.0,0.0,1.0,1.0,1.0,1.0,0.2038971699602552,50,experiments/snn_reset/results/snn_reset_relearning_n50_20260618T233516Z/conditioned_electrode_association
b-2_gated_burst_correlated_3s_10uA,conditioned_electrode_association,-2.0,gated_burst,correlated,3.0,10.0,160,617.44,0.0,1.0,1.0,60.0,20.4,20.4,1.0,1.0,1.0,0.0,0.0,0.4,0.0,0.0,0.0,0.0,-1.0,-1.0,53.92837055684591,53.92837055684591,0.7475244728880506,0.0,0.7475244728880506,-0.0001859320796124,1.8572408055916867e-11,0.9998494695972424,1.0,-3.602064523625964e-05,418.64,0.0,0.0,1.0,1.0,1.0,1.0,0.2046254216592933,50,experiments/snn_reset/results/snn_reset_relearning_n50_20260618T233516Z/conditioned_electrode_association
b-2_static_shared_3s_10uA,conditioned_electrode_association,-2.0,static,shared,3.0,10.0,160,1539.82,0.0,1.0,1.0,60.0,20.4,20.4,1.0,1.0,1.0,0.0,0.0,0.4,0.0,0.0,0.0,0.0,-1.0,-1.0,53.92837055684591,53.92837055684591,0.1388980115479276,0.0,0.1388980115479276,-7.277801654677063e-06,1.8572408055916867e-11,0.9999903618319614,1.0,2.314840466843148e-06,55.94,0.0,0.0,1.0,1.0,1.0,1.0,0.2066486524803622,50,experiments/snn_reset/results/snn_reset_relearning_n50_20260618T233516Z/conditioned_electrode_association
b-2_alternating_blue_red_shared_3s_10uA,conditioned_electrode_association,-2.0,alternating_blue_red,shared,3.0,10.0,160,971.36,0.0,1.0,1.0,60.0,20.4,20.4,1.0,1.0,1.0,0.0,0.0,0.4,0.0,0.0,0.0,0.0,-1.0,-1.0,53.92837055684591,53.92837055684591,0.0807219813468338,0.0,0.0807219813468338,-1.7618798520127045e-05,1.8572408055916867e-11,0.9999903388972784,1.0,-7.99925566245123e-06,31.28,0.0,0.0,1.0,1.0,1.0,1.0,0.2050459782799589,50,experiments/snn_reset/results/snn_reset_relearning_n50_20260618T233516Z/conditioned_electrode_association
b0_alternating_blue_red_shared_3s_10uA,conditioned_electrode_association,0.0,alternating_blue_red,shared,3.0,10.0,160,971.36,0.0,1.0,1.0,60.0,20.4,20.4,1.0,1.0,1.0,0.0,0.0,0.4,0.0,0.0,0.0,0.0,-1.0,-1.0,53.92837055684591,53.92837055684591,0.0807219813468338,0.0,0.0807219813468338,-1.7618798520127045e-05,1.8572408055916867e-11,0.9999903388972784,1.0,-7.99925566245123e-06,31.28,0.0,0.0,1.0,1.0,1.0,1.0,0.2047864282806404,50,experiments/snn_reset/results/snn_reset_relearning_n50_20260618T233516Z/conditioned_electrode_association
b2_alternating_blue_red_shared_3s_10uA,conditioned_electrode_association,2.0,alternating_blue_red,shared,3.0,10.0,160,971.36,0.0,1.0,1.0,60.0,20.4,20.4,1.0,1.0,1.0,0.0,0.0,0.4,0.0,0.0,0.0,0.0,-1.0,-1.0,53.92837055684591,53.92837055684591,0.0807219813468338,0.0,0.0807219813468338,-1.7618798520127045e-05,1.8572408055916867e-11,0.9999903388972784,1.0,-7.99925566245123e-06,31.28,0.0,0.0,1.0,1.0,1.0,1.0,0.2039686733798589,50,experiments/snn_reset/results/snn_reset_relearning_n50_20260618T233516Z/conditioned_electrode_association
b-2_epoch_pause_shared_3s_10uA,conditioned_electrode_association,-2.0,epoch_pause,shared,3.0,10.0,160,1145.42,0.0,1.0,1.0,60.0,20.4,20.4,1.0,1.0,1.0,0.0,0.0,0.4,0.0,0.0,0.0,0.0,-1.0,-1.0,53.92837055684591,53.92837055684591,0.0750943107848462,0.0,0.0750943107848462,-3.7529400431468575e-06,1.8572408055916867e-11,0.9999962298152234,1.0,0.0,33.26,0.0,0.0,1.0,1.0,1.0,1.0,0.2059745525204925,50,experiments/snn_reset/results/snn_reset_relearning_n50_20260618T233516Z/conditioned_electrode_association
b2_static_shared_3s_10uA,conditioned_electrode_association,2.0,static,shared,3.0,10.0,160,690.74,0.0,1.0,1.0,60.0,20.4,20.4,1.0,1.0,1.0,0.0,0.0,0.4,0.0,0.0,0.0,0.0,-1.0,-1.0,53.92837055684591,53.92837055684591,0.0582805494279922,0.0,0.0582805494279922,-1.0255166705626096e-05,1.8572408055916867e-11,0.9999948880830416,1.0,-5.16520141950144e-06,22.24,0.0,0.0,1.0,1.0,1.0,1.0,0.2043493041400506,50,experiments/snn_reset/results/snn_reset_relearning_n50_20260618T233516Z/conditioned_electrode_association
b-2_static_correlated_3s_10uA,conditioned_electrode_association,-2.0,static,correlated,3.0,10.0,160,893.08,0.0,1.0,1.0,60.0,20.4,20.4,1.0,1.0,1.0,0.0,0.0,0.4,0.0,0.0,0.0,0.0,-1.0,-1.0,53.92837055684591,53.92837055684591,0.033732938737841,0.0,0.033732938737841,-3.776636942103284e-06,1.8572408055916867e-11,0.9999962073704168,1.0,0.0,12.58,0.0,0.0,1.0,1.0,1.0,1.0,0.2056447249797929,50,experiments/snn_reset/results/snn_reset_relearning_n50_20260618T233516Z/conditioned_electrode_association
b0_static_shared_3s_10uA,conditioned_electrode_association,0.0,static,shared,3.0,10.0,160,1053.58,0.0,1.0,1.0,60.0,20.4,20.4,1.0,1.0,1.0,0.0,0.0,0.4,0.0,0.0,0.0,0.0,-1.0,-1.0,53.92837055684591,53.92837055684591,0.0284953470157169,0.0,0.0284953470157169,-9.302823446644128e-07,1.8572408055916867e-11,0.9999990652681352,1.0,0.0,9.4,0.0,0.0,1.0,1.0,1.0,1.0,0.2044382282797596,50,experiments/snn_reset/results/snn_reset_relearning_n50_20260618T233516Z/conditioned_electrode_association
b-2_epoch_pause_correlated_3s_10uA,conditioned_electrode_association,-2.0,epoch_pause,correlated,3.0,10.0,160,640.44,0.0,1.0,1.0,60.0,20.4,20.4,1.0,1.0,1.0,0.0,0.0,0.4,0.0,0.0,0.0,0.0,-1.0,-1.0,53.92837055684591,53.92837055684591,0.022356384531019,0.0,0.022356384531019,-5.301775710930823e-06,1.8572408055916867e-11,0.9999979631508538,1.0,-3.2752652924224375e-06,8.28,0.0,0.0,1.0,1.0,1.0,1.0,0.2059806599802686,50,experiments/snn_reset/results/snn_reset_relearning_n50_20260618T233516Z/conditioned_electrode_association
b2_epoch_pause_shared_3s_10uA,conditioned_electrode_association,2.0,epoch_pause,shared,3.0,10.0,160,498.12,0.0,1.0,1.0,60.0,20.4,20.4,1.0,1.0,1.0,0.0,0.0,0.4,0.0,0.0,0.0,0.0,-1.0,-1.0,53.92837055684591,53.92837055684591,0.0165364580540629,0.0,0.0165364580540629,-5.283829698954356e-07,1.8572408055916867e-11,0.9999994691868456,1.0,0.0,5.86,0.0,0.0,1.0,1.0,1.0,1.0,0.2040696859001764,50,experiments/snn_reset/results/snn_reset_relearning_n50_20260618T233516Z/conditioned_electrode_association
b0_static_correlated_3s_10uA,conditioned_electrode_association,0.0,static,correlated,3.0,10.0,160,610.64,0.0,1.0,1.0,60.0,20.4,20.4,1.0,1.0,1.0,0.0,0.0,0.4,0.0,0.0,0.0,0.0,-1.0,-1.0,53.92837055684591,53.92837055684591,0.0139794783644294,0.0,0.0139794783644294,-4.485185218117138e-07,1.8572408055916867e-11,0.9999995493163696,1.0,0.0,3.82,0.0,0.0,1.0,1.0,1.0,1.0,0.2043974975202581,50,experiments/snn_reset/results/snn_reset_relearning_n50_20260618T233516Z/conditioned_electrode_association
b0_epoch_pause_shared_3s_10uA,conditioned_electrode_association,0.0,epoch_pause,shared,3.0,10.0,160,751.82,0.0,1.0,1.0,60.0,20.4,20.4,1.0,1.0,1.0,0.0,0.0,0.4,0.0,0.0,0.0,0.0,-1.0,-1.0,53.92837055684591,53.92837055684591,0.0137908127928751,0.0,0.0137908127928751,-2.0297488956200203e-06,1.8572408055916867e-11,0.9999994815421772,1.0,-1.5139497124017303e-06,4.64,0.0,0.0,1.0,1.0,1.0,1.0,0.2057158608002646,50,experiments/snn_reset/results/snn_reset_relearning_n50_20260618T233516Z/conditioned_electrode_association
b2_static_correlated_3s_10uA,conditioned_electrode_association,2.0,static,correlated,3.0,10.0,160,399.3,0.0,1.0,1.0,60.0,20.4,20.4,1.0,1.0,1.0,0.0,0.0,0.4,0.0,0.0,0.0,0.0,-1.0,-1.0,53.92837055684591,53.92837055684591,0.010808508307309,0.0,0.010808508307309,-5.436483427501137e-07,1.8572408055916867e-11,0.9999995783744,1.0,-1.238077163599855e-07,3.44,0.0,0.0,1.0,1.0,1.0,1.0,0.2044983725606289,50,experiments/snn_reset/results/snn_reset_relearning_n50_20260618T233516Z/conditioned_electrode_association
b-2_alternating_blue_red_correlated_3s_10uA,conditioned_electrode_association,-2.0,alternating_blue_red,correlated,3.0,10.0,160,566.22,0.0,1.0,1.0,60.0,20.4,20.4,1.0,1.0,1.0,0.0,0.0,0.4,0.0,0.0,0.0,0.0,-1.0,-1.0,53.92837055684591,53.92837055684591,0.0093511305684003,0.0,0.0093511305684003,-3.653941406178696e-07,1.8572408055916867e-11,0.9999996329977444,1.0,0.0,2.54,0.0,0.0,1.0,1.0,1.0,1.0,0.2067328608394018,50,experiments/snn_reset/results/snn_reset_relearning_n50_20260618T233516Z/conditioned_electrode_association
b0_alternating_blue_red_correlated_3s_10uA,conditioned_electrode_association,0.0,alternating_blue_red,correlated,3.0,10.0,160,566.22,0.0,1.0,1.0,60.0,20.4,20.4,1.0,1.0,1.0,0.0,0.0,0.4,0.0,0.0,0.0,0.0,-1.0,-1.0,53.92837055684591,53.92837055684591,0.0093511305684003,0.0,0.0093511305684003,-3.653941406178696e-07,1.8572408055916867e-11,0.9999996329977444,1.0,0.0,2.54,0.0,0.0,1.0,1.0,1.0,1.0,0.2046528290794231,50,experiments/snn_reset/results/snn_reset_relearning_n50_20260618T233516Z/conditioned_electrode_association
b2_alternating_blue_red_correlated_3s_10uA,conditioned_electrode_association,2.0,alternating_blue_red,correlated,3.0,10.0,160,566.22,0.0,1.0,1.0,60.0,20.4,20.4,1.0,1.0,1.0,0.0,0.0,0.4,0.0,0.0,0.0,0.0,-1.0,-1.0,53.92837055684591,53.92837055684591,0.0093511305684003,0.0,0.0093511305684003,-3.653941406178696e-07,1.8572408055916867e-11,0.9999996329977444,1.0,0.0,2.54,0.0,0.0,1.0,1.0,1.0,1.0,0.2045181391402729,50,experiments/snn_reset/results/snn_reset_relearning_n50_20260618T233516Z/conditioned_electrode_association
b0_epoch_pause_correlated_3s_10uA,conditioned_electrode_association,0.0,epoch_pause,correlated,3.0,10.0,160,437.86,0.0,1.0,1.0,60.0,20.4,20.4,1.0,1.0,1.0,0.0,0.0,0.4,0.0,0.0,0.0,0.0,-1.0,-1.0,53.92837055684591,53.92837055684591,0.0039698262927823,0.0,0.0039698262927823,-1.1620494719810638e-07,1.8572408055916867e-11,0.9999998832069344,1.0,0.0,1.18,0.0,0.0,1.0,1.0,1.0,1.0,0.2048738867201609,50,experiments/snn_reset/results/snn_reset_relearning_n50_20260618T233516Z/conditioned_electrode_association
b2_epoch_pause_correlated_3s_10uA,conditioned_electrode_association,2.0,epoch_pause,correlated,3.0,10.0,160,285.9,0.0,1.0,1.0,60.0,20.4,20.4,1.0,1.0,1.0,0.0,0.0,0.4,0.0,0.0,0.0,0.0,-1.0,-1.0,53.92837055684591,53.92837055684591,0.0024091910109555,0.0,0.0024091910109555,-5.434061451037309e-08,1.8572408055916867e-11,0.9999999454029828,1.0,0.0,0.6,0.0,0.0,1.0,1.0,1.0,1.0,0.2050726865600154,50,experiments/snn_reset/results/snn_reset_relearning_n50_20260618T233516Z/conditioned_electrode_association
b-2_chirp_shared_3s_50uA,pattern_discrimination,-2.0,chirp,shared,3.0,50.0,160,3742.38,0.0,0.9675,0.9675,60.0,17.32,17.32,1.0,0.4375,0.96875,-0.53125,0.53125,0.35,1.0,0.0,0.0,0.0,-0.9675,-0.96875,75.19305725974826,75.19305725974826,311.5545924822799,0.0,311.5545924822799,-3.271093246016788,1.331100563106702e-11,0.2202594427132856,1.0,-0.0182097432420472,2222877.5,0.0,0.0,1.0,0.4375,1.0,1.0,0.5067735441603872,50,experiments/snn_reset/results/snn_reset_relearning_n50_20260618T233516Z/pattern_discrimination
b0_chirp_shared_3s_50uA,pattern_discrimination,0.0,chirp,shared,3.0,50.0,160,2596.9,0.0,0.9675,0.9675,60.0,17.32,17.32,1.0,0.43875,0.96875,-0.53,0.53,0.35,1.0,0.0,0.0,0.0,-0.9675,-0.96875,75.19305725974826,75.19305725974826,249.1390574338043,0.0,249.1390574338043,-2.481943697250236,1.331100563106702e-11,0.29273985144405,1.0,-0.0631459858694866,1443979.62,0.0,0.0,1.0,0.43875,1.0,1.0,0.478327902519959,50,experiments/snn_reset/results/snn_reset_relearning_n50_20260618T233516Z/pattern_discrimination
b-2_chirp_correlated_3s_50uA,pattern_discrimination,-2.0,chirp,correlated,3.0,50.0,160,2185.1,0.0,0.9675,0.9675,60.0,17.32,17.32,1.0,0.44,0.96875,-0.52875,0.52875,0.35,1.0,0.0,0.0,0.0,-0.9675,-0.96875,75.19305725974826,75.19305725974826,213.04355771171905,0.0,213.04355771171905,-2.034161355498978,1.331100563106702e-11,0.3469726850390006,1.0,-0.0820353264214733,1135807.24,0.0,0.0,1.0,0.44,1.0,1.0,0.4734800933807855,50,experiments/snn_reset/results/snn_reset_relearning_n50_20260618T233516Z/pattern_discrimination
b2_chirp_shared_3s_50uA,pattern_discrimination,2.0,chirp,shared,3.0,50.0,160,1744.34,0.0,0.9675,0.9675,60.0,17.32,17.32,1.0,0.465,0.96875,-0.50375,0.50375,0.35,0.98,0.0,0.0,0.0,-0.9675,-0.96875,75.19305725974826,75.19305725974826,160.30892337642206,0.0,160.30892337642206,-1.3986279689017551,1.331100563106702e-11,0.4529822107702232,1.0,-0.096854000575744,881324.58,0.0,0.0,1.0,0.465,1.0,1.0,0.4627756541402777,50,experiments/snn_reset/results/snn_reset_relearning_n50_20260618T233516Z/pattern_discrimination
b0_chirp_correlated_3s_50uA,pattern_discrimination,0.0,chirp,correlated,3.0,50.0,160,1507.12,0.0,0.9675,0.9675,60.0,17.32,17.32,1.0,0.4775,0.96875,-0.49125,0.49125,0.35,0.96,0.0,0.0,0.0,-0.9675,-0.96875,75.19305725974826,75.19305725974826,115.2873357899145,0.0,115.2873357899145,-0.8835125870179117,1.331100563106702e-11,0.5777097536236343,1.0,-0.0938403730791105,667612.62,0.0,0.0,1.0,0.4775,1.0,1.0,0.4590789283601043,50,experiments/snn_reset/results/snn_reset_relearning_n50_20260618T233516Z/pattern_discrimination
b0_gated_burst_shared_3s_50uA,pattern_discrimination,0.0,gated_burst,shared,3.0,50.0,160,1062.96,0.0,0.9675,0.9675,60.0,17.32,17.32,1.0,0.5,0.96875,-0.46875,0.46875,0.35,0.94,0.0,0.0,0.0,-0.9675,-0.96875,75.19305725974826,75.19305725974826,145.46083627117318,0.0,145.46083627117318,-1.2257107360196162,1.331100563106702e-11,0.4913493270323703,1.0,-0.1001804930592538,652355.78,0.0,0.0,1.0,0.5,1.0,1.0,0.4530997399796615,50,experiments/snn_reset/results/snn_reset_relearning_n50_20260618T233516Z/pattern_discrimination
b-2_gated_burst_shared_3s_50uA,pattern_discrimination,-2.0,gated_burst,shared,3.0,50.0,160,1061.26,0.0,0.9675,0.9675,60.0,17.32,17.32,1.0,0.5,0.96875,-0.46875,0.46875,0.35,0.94,0.0,0.0,0.0,-0.9675,-0.96875,75.19305725974826,75.19305725974826,145.31514875658945,0.0,145.31514875658945,-1.2242343098661317,1.331100563106702e-11,0.4911178547407585,1.0,-0.0996310483585816,651944.4,0.0,0.0,1.0,0.5,1.0,1.0,0.4522475416606176,50,experiments/snn_reset/results/snn_reset_relearning_n50_20260618T233516Z/pattern_discrimination
b-2_static_shared_3s_50uA,pattern_discrimination,-2.0,static,shared,3.0,50.0,160,1539.82,0.0,0.9675,0.9675,60.0,17.32,17.32,1.0,0.5,0.96875,-0.46875,0.46875,0.35,0.94,0.0,0.0,0.0,-0.9675,-0.96875,75.19305725974826,75.19305725974826,105.96486478777072,0.0,105.96486478777072,-0.786978903467293,1.331100563106702e-11,0.6119431970574475,1.0,-0.0953660389895439,702193.2,0.0,0.0,1.0,0.5,1.0,1.0,0.4590200257806282,50,experiments/snn_reset/results/snn_reset_relearning_n50_20260618T233516Z/pattern_discrimination
b2_gated_burst_shared_3s_50uA,pattern_discrimination,2.0,gated_burst,shared,3.0,50.0,160,1088.92,0.0,0.9675,0.9675,60.0,17.32,17.32,1.0,0.50875,0.96875,-0.46,0.46,0.35,0.92,0.0,0.0,0.0,-0.9675,-0.96875,75.19305725974826,75.19305725974826,128.44758785804882,0.0,128.44758785804882,-1.0332190619349086,1.331100563106702e-11,0.5422700867186351,1.0,-0.1020036051335465,624340.66,0.0,0.0,1.0,0.50875,1.0,1.0,0.4520015901200531,50,experiments/snn_reset/results/snn_reset_relearning_n50_20260618T233516Z/pattern_discrimination
b-2_epoch_pause_shared_3s_50uA,pattern_discrimination,-2.0,epoch_pause,shared,3.0,50.0,160,1145.42,0.0,0.9675,0.9675,60.0,17.32,17.32,1.0,0.58875,0.96875,-0.38,0.38,0.35,0.92,0.0,0.0,0.0,-0.9675,-0.96875,75.19305725974826,75.19305725974826,79.43386301891786,0.0,79.43386301891786,-0.5189922959177153,1.331100563106702e-11,0.7167856162755006,1.0,-0.0883241023866685,520163.16,0.0,0.0,1.0,0.58875,1.0,1.0,0.4573197174198867,50,experiments/snn_reset/results/snn_reset_relearning_n50_20260618T233516Z/pattern_discrimination
b2_chirp_correlated_3s_50uA,pattern_discrimination,2.0,chirp,correlated,3.0,50.0,160,1015.54,0.0,0.9675,0.9675,60.0,17.32,17.32,1.0,0.595,0.96875,-0.37375,0.37375,0.35,0.94,0.0,0.0,0.0,-0.9675,-0.96875,75.19305725974826,75.19305725974826,71.09572424137033,0.0,71.09572424137033,-0.4372126448696193,1.331100563106702e-11,0.7529940773063154,1.0,-0.0841480095836394,412978.24,0.0,0.0,1.0,0.595,1.0,1.0,0.4564802516408963,50,experiments/snn_reset/results/snn_reset_relearning_n50_20260618T233516Z/pattern_discrimination
b2_gated_burst_correlated_3s_50uA,pattern_discrimination,2.0,gated_burst,correlated,3.0,50.0,160,628.22,0.0,0.9675,0.9675,60.0,17.32,17.32,1.0,0.65875,0.96875,-0.31,0.31,0.35,0.7,0.0,0.0,0.0,-0.9675,-0.96875,75.19305725974826,75.19305725974826,65.12936102930365,0.0,65.12936102930365,-0.3867664406731838,1.331100563106702e-11,0.7820514116683976,1.0,-0.0833261248163012,342239.28,0.0,0.0,1.0,0.65875,1.0,1.0,0.4502828483197663,50,experiments/snn_reset/results/snn_reset_relearning_n50_20260618T233516Z/pattern_discrimination
b-2_gated_burst_correlated_3s_50uA,pattern_discrimination,-2.0,gated_burst,correlated,3.0,50.0,160,617.44,0.0,0.9675,0.9675,60.0,17.32,17.32,1.0,0.70375,0.96875,-0.265,0.265,0.35,0.6,0.0,0.0,0.0,-0.9675,-0.96875,75.19305725974826,75.19305725974826,65.03901126220826,0.0,65.03901126220826,-0.3828350892183628,1.331100563106702e-11,0.7804162960889339,1.0,-0.0782889987652801,338241.48,0.0,0.0,1.0,0.70375,1.0,1.0,0.4499132525004097,50,experiments/snn_reset/results/snn_reset_relearning_n50_20260618T233516Z/pattern_discrimination
b0_gated_burst_correlated_3s_50uA,pattern_discrimination,0.0,gated_burst,correlated,3.0,50.0,160,612.88,0.0,0.9675,0.9675,60.0,17.32,17.32,1.0,0.7075,0.96875,-0.26125,0.26125,0.35,0.56,0.0,0.0,0.0,-0.9675,-0.96875,75.19305725974826,75.19305725974826,63.43182999795156,0.0,63.43182999795156,-0.3701801793958168,1.331100563106702e-11,0.7884071968622175,1.0,-0.0790007926616865,332849.66,0.0,0.0,1.0,0.7075,1.0,1.0,0.4503786249393306,50,experiments/snn_reset/results/snn_reset_relearning_n50_20260618T233516Z/pattern_discrimination
b0_static_shared_3s_50uA,pattern_discrimination,0.0,static,shared,3.0,50.0,160,1053.58,0.0,0.9675,0.9675,60.0,17.32,17.32,1.0,0.72125,0.96875,-0.2475,0.2475,0.35,0.86,0.0,0.0,0.0,-0.9675,-0.96875,75.19305725974826,75.19305725974826,57.59422281341784,0.0,57.59422281341784,-0.3239468096852363,1.331100563106702e-11,0.8162882054788949,1.0,-0.0803818183942659,385992.56,0.0,0.0,1.0,0.72125,1.0,1.0,0.4548635292203107,50,experiments/snn_reset/results/snn_reset_relearning_n50_20260618T233516Z/pattern_discrimination
b-2_alternating_blue_red_shared_3s_50uA,pattern_discrimination,-2.0,alternating_blue_red,shared,3.0,50.0,160,971.36,0.0,0.9675,0.9675,60.0,17.32,17.32,1.0,0.75125,0.96875,-0.2175,0.2175,0.35,0.68,0.0,0.0,0.0,-0.9675,-0.96875,75.19305725974826,75.19305725974826,56.61986500015057,0.0,56.61986500015057,-0.3148411284627674,1.331100563106702e-11,0.8202477548031157,1.0,-0.0783400715696951,373989.42,0.0,0.0,1.0,0.75125,1.0,1.0,0.4536520458200539,50,experiments/snn_reset/results/snn_reset_relearning_n50_20260618T233516Z/pattern_discrimination
b0_alternating_blue_red_shared_3s_50uA,pattern_discrimination,0.0,alternating_blue_red,shared,3.0,50.0,160,971.36,0.0,0.9675,0.9675,60.0,17.32,17.32,1.0,0.75125,0.96875,-0.2175,0.2175,0.35,0.68,0.0,0.0,0.0,-0.9675,-0.96875,75.19305725974826,75.19305725974826,56.61986500015057,0.0,56.61986500015057,-0.3148411284627674,1.331100563106702e-11,0.8202477548031157,1.0,-0.0783400715696951,373989.42,0.0,0.0,1.0,0.75125,1.0,1.0,0.4520322782595758,50,experiments/snn_reset/results/snn_reset_relearning_n50_20260618T233516Z/pattern_discrimination
b2_alternating_blue_red_shared_3s_50uA,pattern_discrimination,2.0,alternating_blue_red,shared,3.0,50.0,160,971.36,0.0,0.9675,0.9675,60.0,17.32,17.32,1.0,0.75125,0.96875,-0.2175,0.2175,0.35,0.68,0.0,0.0,0.0,-0.9675,-0.96875,75.19305725974826,75.19305725974826,56.61986500015057,0.0,56.61986500015057,-0.3148411284627674,1.331100563106702e-11,0.8202477548031157,1.0,-0.0783400715696951,373989.42,0.0,0.0,1.0,0.75125,1.0,1.0,0.451638905879663,50,experiments/snn_reset/results/snn_reset_relearning_n50_20260618T233516Z/pattern_discrimination
b-2_static_correlated_3s_50uA,pattern_discrimination,-2.0,static,correlated,3.0,50.0,160,893.08,0.0,0.9675,0.9675,60.0,17.32,17.32,1.0,0.82875,0.96875,-0.14,0.14,0.35,0.78,0.0,0.0,0.0,-0.9675,-0.96875,75.19305725974826,75.19305725974826,50.116472735331655,0.0,50.116472735331655,-0.2549634989998103,1.331100563106702e-11,0.8474937091877124,1.0,-0.0643174205452986,274136.5,0.0,0.0,1.0,0.82875,1.0,1.0,0.4536897583004611,50,experiments/snn_reset/results/snn_reset_relearning_n50_20260618T233516Z/pattern_discrimination
b2_static_shared_3s_50uA,pattern_discrimination,2.0,static,shared,3.0,50.0,160,690.74,0.0,0.9675,0.9675,60.0,17.32,17.32,1.0,0.85375,0.96875,-0.115,0.115,0.35,0.66,0.0,0.0,0.0,-0.9675,-0.96875,75.19305725974826,75.19305725974826,39.811497606276774,0.0,39.811497606276774,-0.1866072619321751,1.331100563106702e-11,0.8948002506730556,1.0,-0.0615609131833712,240210.58,0.0,0.0,1.0,0.85375,1.0,1.0,0.4527122048994351,50,experiments/snn_reset/results/snn_reset_relearning_n50_20260618T233516Z/pattern_discrimination
b0_epoch_pause_shared_3s_50uA,pattern_discrimination,0.0,epoch_pause,shared,3.0,50.0,160,751.82,0.0,0.9675,0.9675,60.0,17.32,17.32,1.0,0.86,0.96875,-0.10875,0.10875,0.35,0.68,0.0,0.0,0.0,-0.9675,-0.96875,75.19305725974826,75.19305725974826,42.76424390486413,0.0,42.76424390486413,-0.2057716845048131,1.331100563106702e-11,0.8821776564743096,1.0,-0.0634347690559501,265587.38,0.0,0.0,1.0,0.86,1.0,1.0,0.4545057190800435,50,experiments/snn_reset/results/snn_reset_relearning_n50_20260618T233516Z/pattern_discrimination
b-2_epoch_pause_correlated_3s_50uA,pattern_discrimination,-2.0,epoch_pause,correlated,3.0,50.0,160,640.44,0.0,0.9675,0.9675,60.0,17.32,17.32,1.0,0.89,0.96875,-0.07875,0.07875,0.35,0.66,0.0,0.0,0.0,-0.9675,-0.96875,75.19305725974826,75.19305725974826,37.44760012776845,0.0,37.44760012776845,-0.1609103056411704,1.331100563106702e-11,0.9035249393125846,1.0,-0.0493326243777062,189770.7,0.0,0.0,1.0,0.89,1.0,1.0,0.4518908067600569,50,experiments/snn_reset/results/snn_reset_relearning_n50_20260618T233516Z/pattern_discrimination
b0_static_correlated_3s_50uA,pattern_discrimination,0.0,static,correlated,3.0,50.0,160,610.64,0.0,0.9675,0.9675,60.0,17.32,17.32,1.0,0.8975,0.96875,-0.07125,0.07125,0.35,0.56,0.0,0.0,0.0,-0.9675,-0.96875,75.19305725974826,75.19305725974826,34.365393651188185,0.0,34.365393651188185,-0.139550164211205,1.331100563106702e-11,0.9161033509027507,1.0,-0.0441224553813075,155799.08,0.0,0.0,1.0,0.8975,1.0,1.0,0.4514354183392424,50,experiments/snn_reset/results/snn_reset_relearning_n50_20260618T233516Z/pattern_discrimination
b-2_chirp_shared_3s_10uA,pattern_discrimination,-2.0,chirp,shared,3.0,10.0,160,3742.38,0.0,0.9675,0.9675,60.0,17.32,17.32,1.0,0.9075,0.96875,-0.06125,0.06125,0.35,0.82,0.0,0.0,0.0,-0.9675,-0.96875,75.19305725974826,75.19305725974826,15.460480610373502,0.0,15.460480610373502,-0.0327522356904804,1.331100563106702e-11,0.9791970841195716,1.0,-0.0111494404687889,49638.8,0.0,0.0,1.0,0.9075,1.0,1.0,0.4540016065802774,50,experiments/snn_reset/results/snn_reset_relearning_n50_20260618T233516Z/pattern_discrimination
b2_epoch_pause_shared_3s_50uA,pattern_discrimination,2.0,epoch_pause,shared,3.0,50.0,160,498.12,0.0,0.9675,0.9675,60.0,17.32,17.32,1.0,0.90875,0.96875,-0.06,0.06,0.35,0.48,0.0,0.0,0.0,-0.9675,-0.96875,75.19305725974826,75.19305725974826,29.7834679941412,0.0,29.7834679941412,-0.1187084840510428,1.331100563106702e-11,0.9351830926768256,1.0,-0.0461806844225805,163279.6,0.0,0.0,1.0,0.90875,1.0,1.0,0.4507614808398648,50,experiments/snn_reset/results/snn_reset_relearning_n50_20260618T233516Z/pattern_discrimination
b-2_alternating_blue_red_correlated_3s_50uA,pattern_discrimination,-2.0,alternating_blue_red,correlated,3.0,50.0,160,566.22,0.0,0.9675,0.9675,60.0,17.32,17.32,1.0,0.92375,0.96875,-0.045,0.045,0.35,0.36,0.0,0.0,0.0,-0.9675,-0.96875,75.19305725974826,75.19305725974826,32.71889234968838,0.0,32.71889234968838,-0.1292952979659624,1.331100563106702e-11,0.9226715897603628,1.0,-0.0421871154216066,152284.44,0.0,0.0,1.0,0.92375,1.0,1.0,0.4509840317402268,50,experiments/snn_reset/results/snn_reset_relearning_n50_20260618T233516Z/pattern_discrimination
b0_alternating_blue_red_correlated_3s_50uA,pattern_discrimination,0.0,alternating_blue_red,correlated,3.0,50.0,160,566.22,0.0,0.9675,0.9675,60.0,17.32,17.32,1.0,0.92375,0.96875,-0.045,0.045,0.35,0.36,0.0,0.0,0.0,-0.9675,-0.96875,75.19305725974826,75.19305725974826,32.71889234968838,0.0,32.71889234968838,-0.1292952979659624,1.331100563106702e-11,0.9226715897603628,1.0,-0.0421871154216066,152284.44,0.0,0.0,1.0,0.92375,1.0,1.0,0.4504588459002843,50,experiments/snn_reset/results/snn_reset_relearning_n50_20260618T233516Z/pattern_discrimination
b2_alternating_blue_red_correlated_3s_50uA,pattern_discrimination,2.0,alternating_blue_red,correlated,3.0,50.0,160,566.22,0.0,0.9675,0.9675,60.0,17.32,17.32,1.0,0.92375,0.96875,-0.045,0.045,0.35,0.36,0.0,0.0,0.0,-0.9675,-0.96875,75.19305725974826,75.19305725974826,32.71889234968838,0.0,32.71889234968838,-0.1292952979659624,1.331100563106702e-11,0.9226715897603628,1.0,-0.0421871154216066,152284.44,0.0,0.0,1.0,0.92375,1.0,1.0,0.4505982675201085,50,experiments/snn_reset/results/snn_reset_relearning_n50_20260618T233516Z/pattern_discrimination
b0_epoch_pause_correlated_3s_50uA,pattern_discrimination,0.0,epoch_pause,correlated,3.0,50.0,160,437.86,0.0,0.9675,0.9675,60.0,17.32,17.32,1.0,0.92625,0.96875,-0.0425,0.0425,0.35,0.54,0.0,0.0,0.0,-0.9675,-0.96875,75.19305725974826,75.19305725974826,26.120890309774246,0.0,26.120890309774246,-0.0868229581458203,1.331100563106702e-11,0.9474487557208652,1.0,-0.0298942354931434,108092.64,0.0,0.0,1.0,0.92625,1.0,1.0,0.4505265841993969,50,experiments/snn_reset/results/snn_reset_relearning_n50_20260618T233516Z/pattern_discrimination
b0_chirp_shared_3s_10uA,pattern_discrimination,0.0,chirp,shared,3.0,10.0,160,2596.9,0.0,0.9675,0.9675,60.0,17.32,17.32,1.0,0.92875,0.96875,-0.04,0.04,0.35,0.66,0.0,0.0,0.0,-0.9675,-0.96875,75.19305725974826,75.19305725974826,4.428614673855075,0.0,4.428614673855075,-0.0041318624278694,1.331100563106702e-11,0.9979605720661132,1.0,-0.002095590071769,7177.82,0.0,0.0,1.0,0.92875,1.0,1.0,0.4516170524802874,50,experiments/snn_reset/results/snn_reset_relearning_n50_20260618T233516Z/pattern_discrimination
b-2_chirp_correlated_3s_10uA,pattern_discrimination,-2.0,chirp,correlated,3.0,10.0,160,2185.1,0.0,0.9675,0.9675,60.0,17.32,17.32,1.0,0.93375,0.96875,-0.035,0.035,0.35,0.58,0.0,0.0,0.0,-0.9675,-0.96875,75.19305725974826,75.19305725974826,3.030437187635497,0.0,3.030437187635497,-0.0022425478829278,1.331100563106702e-11,0.9991182644390316,1.0,-0.0013660144010077,3682.36,0.0,0.0,1.0,0.93375,1.0,1.0,0.4504693333803152,50,experiments/snn_reset/results/snn_reset_relearning_n50_20260618T233516Z/pattern_discrimination
b2_static_correlated_3s_50uA,pattern_discrimination,2.0,static,correlated,3.0,50.0,160,399.3,0.0,0.9675,0.9675,60.0,17.32,17.32,1.0,0.94125,0.96875,-0.0275,0.0275,0.35,0.38,0.0,0.0,0.0,-0.9675,-0.96875,75.19305725974826,75.19305725974826,24.198389403587893,0.0,24.198389403587893,-0.0809608633507307,1.331100563106702e-11,0.9545543161598348,1.0,-0.0320426863940789,100294.3,0.0,0.0,1.0,0.94125,1.0,1.0,0.4509929325000849,50,experiments/snn_reset/results/snn_reset_relearning_n50_20260618T233516Z/pattern_discrimination
b2_epoch_pause_correlated_3s_50uA,pattern_discrimination,2.0,epoch_pause,correlated,3.0,50.0,160,285.9,0.0,0.9675,0.9675,60.0,17.32,17.32,1.0,0.94375,0.96875,-0.025,0.025,0.35,0.26,0.0,0.0,0.0,-0.9675,-0.96875,75.19305725974826,75.19305725974826,18.56090448604605,0.0,18.56090448604605,-0.0514311075154952,1.331100563106702e-11,0.9717839997067528,1.0,-0.0218913922526652,68144.58,0.0,0.0,1.0,0.94375,1.0,1.0,0.4496778042403457,50,experiments/snn_reset/results/snn_reset_relearning_n50_20260618T233516Z/pattern_discrimination
b2_chirp_shared_3s_10uA,pattern_discrimination,2.0,chirp,shared,3.0,10.0,160,1744.34,0.0,0.9675,0.9675,60.0,17.32,17.32,1.0,0.945,0.96875,-0.02375,0.02375,0.35,0.38,0.0,0.0,0.0,-0.9675,-0.96875,75.19305725974826,75.19305725974826,6.799164258601642,0.0,6.799164258601642,-0.0078413604769446,1.331100563106702e-11,0.9953487107165482,1.0,-0.0031527918121885,13642.58,0.0,0.0,1.0,0.945,1.0,1.0,0.4493190083198715,50,experiments/snn_reset/results/snn_reset_relearning_n50_20260618T233516Z/pattern_discrimination
b0_chirp_correlated_3s_10uA,pattern_discrimination,0.0,chirp,correlated,3.0,10.0,160,1507.12,0.0,0.9675,0.9675,60.0,17.32,17.32,1.0,0.945,0.96875,-0.02375,0.02375,0.35,0.4,0.0,0.0,0.0,-0.9675,-0.96875,75.19305725974826,75.19305725974826,1.0837896263959486,0.0,1.0837896263959486,-0.0003868929263145,1.331100563106702e-11,0.999848397652792,1.0,-0.0002365066229301,702.84,0.0,0.0,1.0,0.945,1.0,1.0,0.4498298426203837,50,experiments/snn_reset/results/snn_reset_relearning_n50_20260618T233516Z/pattern_discrimination
b2_chirp_correlated_3s_10uA,pattern_discrimination,2.0,chirp,correlated,3.0,10.0,160,1015.54,0.0,0.9675,0.9675,60.0,17.32,17.32,1.0,0.9575,0.96875,-0.01125,0.01125,0.35,0.18,0.0,0.0,0.0,-0.9675,-0.96875,75.19305725974826,75.19305725974826,1.5092038282456277,0.0,1.5092038282456277,-0.0006955448550813,1.331100563106702e-11,0.9997191784868088,1.0,-0.000416837271977,1123.74,0.0,0.0,1.0,0.9575,1.0,1.0,0.4513087700199685,50,experiments/snn_reset/results/snn_reset_relearning_n50_20260618T233516Z/pattern_discrimination
b-2_epoch_pause_shared_3s_10uA,pattern_discrimination,-2.0,epoch_pause,shared,3.0,10.0,160,1145.42,0.0,0.9675,0.9675,60.0,17.32,17.32,1.0,0.9575,0.96875,-0.01125,0.01125,0.35,0.22,0.0,0.0,0.0,-0.9675,-0.96875,75.19305725974826,75.19305725974826,0.0763128512402359,0.0,0.0763128512402359,-1.4973372303872522e-06,1.331100563106702e-11,0.9999979904243144,1.0,4.946422560805151e-07,32.38,0.0,0.0,1.0,0.9575,1.0,1.0,0.4507286924394429,50,experiments/snn_reset/results/snn_reset_relearning_n50_20260618T233516Z/pattern_discrimination
b-2_static_shared_3s_10uA,pattern_discrimination,-2.0,static,shared,3.0,10.0,160,1539.82,0.0,0.9675,0.9675,60.0,17.32,17.32,1.0,0.9625,0.96875,-0.00625,0.00625,0.35,0.12,0.0,0.0,0.0,-0.9675,-0.96875,75.19305725974826,75.19305725974826,0.1381800780807556,0.0,0.1381800780807556,-2.32516490238055e-05,1.331100563106702e-11,0.9999945651649964,1.0,-1.7862494576617788e-05,58.28,0.0,0.0,1.0,0.9625,1.0,1.0,0.4528064907602674,50,experiments/snn_reset/results/snn_reset_relearning_n50_20260618T233516Z/pattern_discrimination
b0_static_shared_3s_10uA,pattern_discrimination,0.0,static,shared,3.0,10.0,160,1053.58,0.0,0.9675,0.9675,60.0,17.32,17.32,1.0,0.96375,0.96875,-0.005,0.005,0.35,0.1,0.0,0.0,0.0,-0.9675,-0.96875,75.19305725974826,75.19305725974826,0.0294490119453759,0.0,0.0294490119453759,-4.702584476223848e-07,1.331100563106702e-11,0.9999995231731624,1.0,2.24191156125183e-09,9.38,0.0,0.0,1.0,0.96375,1.0,1.0,0.4493320483200659,50,experiments/snn_reset/results/snn_reset_relearning_n50_20260618T233516Z/pattern_discrimination
b2_static_shared_3s_10uA,pattern_discrimination,2.0,static,shared,3.0,10.0,160,690.74,0.0,0.9675,0.9675,60.0,17.32,17.32,1.0,0.96625,0.96875,-0.0025,0.0025,0.35,0.06,0.0,0.0,0.0,-0.9675,-0.96875,75.19305725974826,75.19305725974826,0.0625358820867573,0.0,0.0625358820867573,-5.715022860273144e-06,1.331100563106702e-11,0.9999973696195228,1.0,-3.108910346738055e-06,22.42,0.0,0.0,1.0,0.96625,1.0,1.0,0.4491378841396363,50,experiments/snn_reset/results/snn_reset_relearning_n50_20260618T233516Z/pattern_discrimination
b-2_epoch_pause_correlated_3s_10uA,pattern_discrimination,-2.0,epoch_pause,correlated,3.0,10.0,160,640.44,0.0,0.9675,0.9675,60.0,17.32,17.32,1.0,0.96625,0.96875,-0.0025,0.0025,0.35,0.06,0.0,0.0,0.0,-0.9675,-0.96875,75.19305725974826,75.19305725974826,0.0234049691956081,0.0,0.0234049691956081,-3.2539510351692334e-06,1.331100563106702e-11,0.9999988004874626,1.0,-2.0645777857348204e-06,8.5,0.0,0.0,1.0,0.96625,1.0,1.0,0.4494416458810156,50,experiments/snn_reset/results/snn_reset_relearning_n50_20260618T233516Z/pattern_discrimination
b0_epoch_pause_shared_3s_10uA,pattern_discrimination,0.0,epoch_pause,shared,3.0,10.0,160,751.82,0.0,0.9675,0.9675,60.0,17.32,17.32,1.0,0.96625,0.96875,-0.0025,0.0025,0.35,0.06,0.0,0.0,0.0,-0.9675,-0.96875,75.19305725974826,75.19305725974826,0.0137933879513113,0.0,0.0137933879513113,-9.586711479747656e-07,1.331100563106702e-11,0.9999997266879492,1.0,-6.879121571625598e-07,4.64,0.0,0.0,1.0,0.96625,1.0,1.0,0.4511009467401891,50,experiments/snn_reset/results/snn_reset_relearning_n50_20260618T233516Z/pattern_discrimination
b-2_static_correlated_3s_10uA,pattern_discrimination,-2.0,static,correlated,3.0,10.0,160,893.08,0.0,0.9675,0.9675,60.0,17.32,17.32,1.0,0.9675,0.96875,-0.00125,0.00125,0.35,0.06,0.0,0.0,0.0,-0.9675,-0.96875,75.19305725974826,75.19305725974826,0.033181149048046,0.0,0.033181149048046,-1.7862500216692111e-06,1.331100563106702e-11,0.9999981982670564,1.0,0.0,12.76,0.0,0.0,1.0,0.9675,1.0,1.0,0.4489360958398902,50,experiments/snn_reset/results/snn_reset_relearning_n50_20260618T233516Z/pattern_discrimination
b2_epoch_pause_correlated_3s_10uA,pattern_discrimination,2.0,epoch_pause,correlated,3.0,10.0,160,285.9,0.0,0.9675,0.9675,60.0,17.32,17.32,1.0,0.9675,0.96875,-0.00125,0.00125,0.35,0.02,0.0,0.0,0.0,-0.9675,-0.96875,75.19305725974826,75.19305725974826,0.0020250861615302,0.0,0.0020250861615302,-1.8952983149578272e-08,1.331100563106702e-11,0.9999999808650216,1.0,0.0,0.48,0.0,0.0,1.0,0.9675,1.0,1.0,0.4487169357597304,50,experiments/snn_reset/results/snn_reset_relearning_n50_20260618T233516Z/pattern_discrimination
b0_gated_burst_shared_3s_10uA,pattern_discrimination,0.0,gated_burst,shared,3.0,10.0,160,1062.96,0.0,0.9675,0.9675,60.0,17.32,17.32,1.0,0.96875,0.96875,0.0,0.0,0.35,0.0,0.0,0.0,0.0,-0.9675,-0.96875,75.19305725974826,75.19305725974826,4.5869931230419025,0.0,4.5869931230419025,-0.0042715381977233,1.331100563106702e-11,0.9978782943141709,1.0,-0.002154772532549,7168.58,0.0,0.0,1.0,0.96875,1.0,1.0,0.4488635057197825,50,experiments/snn_reset/results/snn_reset_relearning_n50_20260618T233516Z/pattern_discrimination
b-2_gated_burst_shared_3s_10uA,pattern_discrimination,-2.0,gated_burst,shared,3.0,10.0,160,1061.26,0.0,0.9675,0.9675,60.0,17.32,17.32,1.0,0.96875,0.96875,0.0,0.0,0.35,0.0,0.0,0.0,0.0,-0.9675,-0.96875,75.19305725974826,75.19305725974826,4.155533220054597,0.0,4.155533220054597,-0.0040355844209283,1.331100563106702e-11,0.9981559621388516,1.0,-0.0021937232977071,6523.88,0.0,0.0,1.0,0.96875,1.0,1.0,0.4488792058400577,50,experiments/snn_reset/results/snn_reset_relearning_n50_20260618T233516Z/pattern_discrimination
b2_gated_burst_correlated_3s_10uA,pattern_discrimination,2.0,gated_burst,correlated,3.0,10.0,160,628.22,0.0,0.9675,0.9675,60.0,17.32,17.32,1.0,0.96875,0.96875,0.0,0.0,0.35,0.0,0.0,0.0,0.0,-0.9675,-0.96875,75.19305725974826,75.19305725974826,3.878976485247824,0.0,3.878976485247824,-0.0024336094608248,1.331100563106702e-11,0.9984700283675488,1.0,-0.0009096675414897,4796.24,0.0,0.0,1.0,0.96875,1.0,1.0,0.4486589066397573,50,experiments/snn_reset/results/snn_reset_relearning_n50_20260618T233516Z/pattern_discrimination
b0_gated_burst_correlated_3s_10uA,pattern_discrimination,0.0,gated_burst,correlated,3.0,10.0,160,612.88,0.0,0.9675,0.9675,60.0,17.32,17.32,1.0,0.96875,0.96875,0.0,0.0,0.35,0.0,0.0,0.0,0.0,-0.9675,-0.96875,75.19305725974826,75.19305725974826,0.790935939231241,0.0,0.790935939231241,-0.0001525955621472,1.331100563106702e-11,0.9999174660000684,1.0,-7.077933862576039e-05,449.42,0.0,0.0,1.0,0.96875,1.0,1.0,0.4491084991597745,50,experiments/snn_reset/results/snn_reset_relearning_n50_20260618T233516Z/pattern_discrimination
b-2_gated_burst_correlated_3s_10uA,pattern_discrimination,-2.0,gated_burst,correlated,3.0,10.0,160,617.44,0.0,0.9675,0.9675,60.0,17.32,17.32,1.0,0.96875,0.96875,0.0,0.0,0.35,0.0,0.0,0.0,0.0,-0.9675,-0.96875,75.19305725974826,75.19305725974826,0.7395488689483272,0.0,0.7395488689483272,-0.0001246387306518,1.331100563106702e-11,0.999925260555674,1.0,-5.055176637546219e-05,418.52,0.0,0.0,1.0,0.96875,1.0,1.0,0.4495682723401114,50,experiments/snn_reset/results/snn_reset_relearning_n50_20260618T233516Z/pattern_discrimination
b2_epoch_pause_shared_3s_10uA,pattern_discrimination,2.0,epoch_pause,shared,3.0,10.0,160,498.12,0.0,0.9675,0.9675,60.0,17.32,17.32,1.0,0.96875,0.96875,0.0,0.0,0.35,0.02,0.0,0.0,0.0,-0.9675,-0.96875,75.19305725974826,75.19305725974826,0.0164108832722267,0.0,0.0164108832722267,-8.783101856835174e-07,1.331100563106702e-11,0.9999997361802228,1.0,-6.1680813201894e-07,5.96,0.0,0.0,1.0,0.96875,1.0,1.0,0.4485352650001005,50,experiments/snn_reset/results/snn_reset_relearning_n50_20260618T233516Z/pattern_discrimination
b0_static_correlated_3s_10uA,pattern_discrimination,0.0,static,correlated,3.0,10.0,160,610.64,0.0,0.9675,0.9675,60.0,17.32,17.32,1.0,0.96875,0.96875,0.0,0.0,0.35,0.02,0.0,0.0,0.0,-0.9675,-0.96875,75.19305725974826,75.19305725974826,0.0131118720035877,0.0,0.0131118720035877,-2.1002942483194786e-07,1.331100563106702e-11,0.9999997880240304,1.0,0.0,3.72,0.0,0.0,1.0,0.96875,1.0,1.0,0.4487371817001258,50,experiments/snn_reset/results/snn_reset_relearning_n50_20260618T233516Z/pattern_discrimination
b-2_alternating_blue_red_correlated_3s_10uA,pattern_discrimination,-2.0,alternating_blue_red,correlated,3.0,10.0,160,566.22,0.0,0.9675,0.9675,60.0,17.32,17.32,1.0,0.96875,0.96875,0.0,0.0,0.35,0.0,0.0,0.0,0.0,-0.9675,-0.96875,75.19305725974826,75.19305725974826,0.0097867899581449,0.0,0.0097867899581449,-1.859556211170066e-07,1.331100563106702e-11,0.9999998124165308,1.0,0.0,2.84,0.0,0.0,1.0,0.96875,1.0,1.0,0.4501033282394928,50,experiments/snn_reset/results/snn_reset_relearning_n50_20260618T233516Z/pattern_discrimination
b0_alternating_blue_red_correlated_3s_10uA,pattern_discrimination,0.0,alternating_blue_red,correlated,3.0,10.0,160,566.22,0.0,0.9675,0.9675,60.0,17.32,17.32,1.0,0.96875,0.96875,0.0,0.0,0.35,0.0,0.0,0.0,0.0,-0.9675,-0.96875,75.19305725974826,75.19305725974826,0.0097867899581449,0.0,0.0097867899581449,-1.859556211170066e-07,1.331100563106702e-11,0.9999998124165308,1.0,0.0,2.84,0.0,0.0,1.0,0.96875,1.0,1.0,0.4485554000000411,50,experiments/snn_reset/results/snn_reset_relearning_n50_20260618T233516Z/pattern_discrimination
b2_alternating_blue_red_correlated_3s_10uA,pattern_discrimination,2.0,alternating_blue_red,correlated,3.0,10.0,160,566.22,0.0,0.9675,0.9675,60.0,17.32,17.32,1.0,0.96875,0.96875,0.0,0.0,0.35,0.0,0.0,0.0,0.0,-0.9675,-0.96875,75.19305725974826,75.19305725974826,0.0097867899581449,0.0,0.0097867899581449,-1.859556211170066e-07,1.331100563106702e-11,0.9999998124165308,1.0,0.0,2.84,0.0,0.0,1.0,0.96875,1.0,1.0,0.4488315241599048,50,experiments/snn_reset/results/snn_reset_relearning_n50_20260618T233516Z/pattern_discrimination
b2_gated_burst_shared_3s_10uA,pattern_discrimination,2.0,gated_burst,shared,3.0,10.0,160,1088.92,0.0,0.9675,0.9675,60.0,17.32,17.32,1.0,0.97,0.96875,0.00125,-0.00125,0.35,0.0,0.0,0.0,0.0,-0.9675,-0.96875,75.19305725974826,75.19305725974826,13.423086173636452,0.0,13.423086173636452,-0.0255537161524153,1.331100563106702e-11,0.9845224136731126,1.0,-0.0095831922152286,41022.54,0.0,0.0,1.0,0.97,1.0,1.0,0.4483906158196623,50,experiments/snn_reset/results/snn_reset_relearning_n50_20260618T233516Z/pattern_discrimination
b-2_alternating_blue_red_shared_3s_10uA,pattern_discrimination,-2.0,alternating_blue_red,shared,3.0,10.0,160,971.36,0.0,0.9675,0.9675,60.0,17.32,17.32,1.0,0.97,0.96875,0.00125,-0.00125,0.35,0.02,0.0,0.0,0.0,-0.9675,-0.96875,75.19305725974826,75.19305725974826,0.0785045577327541,0.0,0.0785045577327541,-7.0378346769794934e-06,1.331100563106702e-11,0.9999950378825088,1.0,-2.119058558924148e-06,30.64,0.0,0.0,1.0,0.97,1.0,1.0,0.4504903740998998,50,experiments/snn_reset/results/snn_reset_relearning_n50_20260618T233516Z/pattern_discrimination
b0_alternating_blue_red_shared_3s_10uA,pattern_discrimination,0.0,alternating_blue_red,shared,3.0,10.0,160,971.36,0.0,0.9675,0.9675,60.0,17.32,17.32,1.0,0.97,0.96875,0.00125,-0.00125,0.35,0.02,0.0,0.0,0.0,-0.9675,-0.96875,75.19305725974826,75.19305725974826,0.0785045577327541,0.0,0.0785045577327541,-7.0378346769794934e-06,1.331100563106702e-11,0.9999950378825088,1.0,-2.119058558924148e-06,30.64,0.0,0.0,1.0,0.97,1.0,1.0,0.448838353340252,50,experiments/snn_reset/results/snn_reset_relearning_n50_20260618T233516Z/pattern_discrimination
b2_alternating_blue_red_shared_3s_10uA,pattern_discrimination,2.0,alternating_blue_red,shared,3.0,10.0,160,971.36,0.0,0.9675,0.9675,60.0,17.32,17.32,1.0,0.97,0.96875,0.00125,-0.00125,0.35,0.02,0.0,0.0,0.0,-0.9675,-0.96875,75.19305725974826,75.19305725974826,0.0785045577327541,0.0,0.0785045577327541,-7.0378346769794934e-06,1.331100563106702e-11,0.9999950378825088,1.0,-2.119058558924148e-06,30.64,0.0,0.0,1.0,0.97,1.0,1.0,0.4481687116608372,50,experiments/snn_reset/results/snn_reset_relearning_n50_20260618T233516Z/pattern_discrimination
b2_static_correlated_3s_10uA,pattern_discrimination,2.0,static,correlated,3.0,10.0,160,399.3,0.0,0.9675,0.9675,60.0,17.32,17.32,1.0,0.97,0.96875,0.00125,-0.00125,0.35,0.0,0.0,0.0,0.0,-0.9675,-0.96875,75.19305725974826,75.19305725974826,0.0119884065682779,0.0,0.0119884065682779,-3.249362398483058e-07,1.331100563106702e-11,0.9999997572973408,1.0,-8.423325700191849e-08,3.58,0.0,0.0,1.0,0.97,1.0,1.0,0.4481196666396863,50,experiments/snn_reset/results/snn_reset_relearning_n50_20260618T233516Z/pattern_discrimination
b0_epoch_pause_correlated_3s_10uA,pattern_discrimination,0.0,epoch_pause,correlated,3.0,10.0,160,437.86,0.0,0.9675,0.9675,60.0,17.32,17.32,1.0,0.97,0.96875,0.00125,-0.00125,0.35,0.0,0.0,0.0,0.0,-0.9675,-0.96875,75.19305725974826,75.19305725974826,0.0042010086433983,0.0,0.0042010086433983,-7.126732796569614e-08,1.331100563106702e-11,0.9999999249475424,1.0,3.089740419878797e-09,1.32,0.0,0.0,1.0,0.97,1.0,1.0,0.4493900851004582,50,experiments/snn_reset/results/snn_reset_relearning_n50_20260618T233516Z/pattern_discrimination
