task_name,seed,protocol_id,beta,schedule,spatial_mode,duration_s,current_uA,pulse_width_us,total_pulses,baseline_score,trained_score,training_score_delta,naive_weight_control_score,naive_weight_control_minus_trained_score,naive_weight_control_minus_no_reset_score,naive_weight_control_positive_response_probability,naive_weight_control_negative_response_probability,training_repetitions,initial_trials_to_criterion,initial_trials_for_savings,training_reached_criterion,training_stop_at_criterion,training_history,training_elapsed_s,consolidation_rest_s,consolidation_neuron_spikes,reset_score,no_reset_score,reset_minus_no_reset_score,forgetting_score,criterion_score,score_drop,criterion_forget,made_forget,reset_positive_response_probability,no_reset_positive_response_probability,reset_negative_response_probability,no_reset_negative_response_probability,trained_delta_norm,naive_weight_control_displacement_norm,reset_post_minus_trained_norm,no_reset_post_minus_trained_norm,reset_minus_no_reset_weight_norm,weight_erasure_reset,weight_erasure_no_reset,residual_trace_correlation_reset,residual_trace_correlation_no_reset,erasure_projection_reset_vs_no_reset,reset_window_neuron_spikes_reset,reset_window_neuron_spikes_no_reset,reset_window_neuron_spikes_delta,baseline_positive_response_probability,baseline_negative_response_probability,baseline_positive_target_spikes_per_trial,baseline_negative_target_spikes_per_trial,baseline_a_shared_correct_response_probability,baseline_a_shared_correct_target_spikes_per_trial,baseline_a_shared_correct_total_spikes_per_trial,baseline_a_shared_correct_mean_first_latency_ms,baseline_b_shared_correct_response_probability,baseline_b_shared_correct_target_spikes_per_trial,baseline_b_shared_correct_total_spikes_per_trial,baseline_b_shared_correct_mean_first_latency_ms,baseline_a_distractor_response_probability,baseline_a_distractor_target_spikes_per_trial,baseline_a_distractor_total_spikes_per_trial,baseline_a_distractor_mean_first_latency_ms,baseline_b_distractor_response_probability,baseline_b_distractor_target_spikes_per_trial,baseline_b_distractor_total_spikes_per_trial,baseline_b_distractor_mean_first_latency_ms,baseline_sham_shared_response_probability,baseline_sham_shared_target_spikes_per_trial,baseline_sham_shared_total_spikes_per_trial,baseline_sham_shared_mean_first_latency_ms,trained_positive_response_probability,trained_negative_response_probability,trained_positive_target_spikes_per_trial,trained_negative_target_spikes_per_trial,trained_a_shared_correct_response_probability,trained_a_shared_correct_target_spikes_per_trial,trained_a_shared_correct_total_spikes_per_trial,trained_a_shared_correct_mean_first_latency_ms,trained_b_shared_correct_response_probability,trained_b_shared_correct_target_spikes_per_trial,trained_b_shared_correct_total_spikes_per_trial,trained_b_shared_correct_mean_first_latency_ms,trained_a_distractor_response_probability,trained_a_distractor_target_spikes_per_trial,trained_a_distractor_total_spikes_per_trial,trained_a_distractor_mean_first_latency_ms,trained_b_distractor_response_probability,trained_b_distractor_target_spikes_per_trial,trained_b_distractor_total_spikes_per_trial,trained_b_distractor_mean_first_latency_ms,trained_sham_shared_response_probability,trained_sham_shared_target_spikes_per_trial,trained_sham_shared_total_spikes_per_trial,trained_sham_shared_mean_first_latency_ms,reset_positive_target_spikes_per_trial,reset_negative_target_spikes_per_trial,reset_a_shared_correct_response_probability,reset_a_shared_correct_target_spikes_per_trial,reset_a_shared_correct_total_spikes_per_trial,reset_a_shared_correct_mean_first_latency_ms,reset_b_shared_correct_response_probability,reset_b_shared_correct_target_spikes_per_trial,reset_b_shared_correct_total_spikes_per_trial,reset_b_shared_correct_mean_first_latency_ms,reset_a_distractor_response_probability,reset_a_distractor_target_spikes_per_trial,reset_a_distractor_total_spikes_per_trial,reset_a_distractor_mean_first_latency_ms,reset_b_distractor_response_probability,reset_b_distractor_target_spikes_per_trial,reset_b_distractor_total_spikes_per_trial,reset_b_distractor_mean_first_latency_ms,reset_sham_shared_response_probability,reset_sham_shared_target_spikes_per_trial,reset_sham_shared_total_spikes_per_trial,reset_sham_shared_mean_first_latency_ms,no_reset_positive_target_spikes_per_trial,no_reset_negative_target_spikes_per_trial,no_reset_a_shared_correct_response_probability,no_reset_a_shared_correct_target_spikes_per_trial,no_reset_a_shared_correct_total_spikes_per_trial,no_reset_a_shared_correct_mean_first_latency_ms,no_reset_b_shared_correct_response_probability,no_reset_b_shared_correct_target_spikes_per_trial,no_reset_b_shared_correct_total_spikes_per_trial,no_reset_b_shared_correct_mean_first_latency_ms,no_reset_a_distractor_response_probability,no_reset_a_distractor_target_spikes_per_trial,no_reset_a_distractor_total_spikes_per_trial,no_reset_a_distractor_mean_first_latency_ms,no_reset_b_distractor_response_probability,no_reset_b_distractor_target_spikes_per_trial,no_reset_b_distractor_total_spikes_per_trial,no_reset_b_distractor_mean_first_latency_ms,no_reset_sham_shared_response_probability,no_reset_sham_shared_target_spikes_per_trial,no_reset_sham_shared_total_spikes_per_trial,no_reset_sham_shared_mean_first_latency_ms,naive_weight_control_positive_target_spikes_per_trial,naive_weight_control_negative_target_spikes_per_trial,naive_weight_control_a_shared_correct_response_probability,naive_weight_control_a_shared_correct_target_spikes_per_trial,naive_weight_control_a_shared_correct_total_spikes_per_trial,naive_weight_control_a_shared_correct_mean_first_latency_ms,naive_weight_control_b_shared_correct_response_probability,naive_weight_control_b_shared_correct_target_spikes_per_trial,naive_weight_control_b_shared_correct_total_spikes_per_trial,naive_weight_control_b_shared_correct_mean_first_latency_ms,naive_weight_control_a_distractor_response_probability,naive_weight_control_a_distractor_target_spikes_per_trial,naive_weight_control_a_distractor_total_spikes_per_trial,naive_weight_control_a_distractor_mean_first_latency_ms,naive_weight_control_b_distractor_response_probability,naive_weight_control_b_distractor_target_spikes_per_trial,naive_weight_control_b_distractor_total_spikes_per_trial,naive_weight_control_b_distractor_mean_first_latency_ms,naive_weight_control_sham_shared_response_probability,naive_weight_control_sham_shared_target_spikes_per_trial,naive_weight_control_sham_shared_total_spikes_per_trial,naive_weight_control_sham_shared_mean_first_latency_ms,relearn_measured,relearn_skipped_reason,relearn_trials,relearn_score,relearn_reached_criterion,relearn_savings,relearn_history,relearn_elapsed_s,job_elapsed_s
overlapping_shared_target_association,4,b-2_alternating_blue_red_correlated_3s_10uA,-2.0,alternating_blue_red,correlated,3.0,10.0,160,550,0.0,1.0,1.0,0.0,-1.0,-1.0,0.0,0.0,80,15,15,True,False,0|0|0|0|0|0|0|0|0|0|0|0|0.125|0.25|0.3125|0.5|0.5625|0.5625|0.6875|0.9375|1|1|1|1|1|1|1|1|1|1|1|1|1|1|1|1|1|1|1|1|1|1|1|1|1|1|1|1|1|1|1|1|1|1|1|1|1|1|1|1|1|1|1|1|1|1|1|1|1|1|1|1|1|1|1|1|1|1|1|1|1,134.484718422,1.0,0,1.0,1.0,0.0,0.0,0.35,False,False,False,1.0,1.0,0.0,0.0,81.65360626618627,81.65360626618627,0.0,0.0,0.0,1.2246870184640102e-11,1.2246870184640102e-11,0.9999999999999999,0.9999999999999999,-0.0,0,0,0,0.0,0.0,0.0,0.0,0.0,0.0,135.25,,0.0,0.0,148.625,,0.0,0.0,135.25,,0.0,0.0,148.625,,0.0,0.0,0.0,,1.0,0.0,24.9375,0.0,1.0,33.125,353.625,4.0,1.0,16.75,296.125,4.0,0.0,0.0,353.625,,0.0,0.0,296.125,,0.0,0.0,0.0,,24.8125,0.0,1.0,32.875,354.25,4.0,1.0,16.75,297.25,4.0,0.0,0.0,354.25,,0.0,0.0,297.25,,0.0,0.0,0.0,,24.875,0.0,1.0,33.0,354.25,4.0,1.0,16.75,296.625,4.0,0.0,0.0,354.25,,0.0,0.0,296.625,,0.0,0.0,0.0,,0.0,0.0,0.0,0.0,134.75,,0.0,0.0,149.0,,0.0,0.0,134.75,,0.0,0.0,149.0,,0.0,0.0,0.0,,True,,0,1.0,True,1.0,1,1.4932879520000029,6.643370603000051
overlapping_shared_target_association,4,b-2_alternating_blue_red_correlated_3s_50uA,-2.0,alternating_blue_red,correlated,3.0,50.0,160,550,0.0,1.0,1.0,0.0,-1.0,-1.0,0.0,0.0,80,15,15,True,False,0|0|0|0|0|0|0|0|0|0|0|0|0.125|0.25|0.3125|0.5|0.5625|0.5625|0.6875|0.9375|1|1|1|1|1|1|1|1|1|1|1|1|1|1|1|1|1|1|1|1|1|1|1|1|1|1|1|1|1|1|1|1|1|1|1|1|1|1|1|1|1|1|1|1|1|1|1|1|1|1|1|1|1|1|1|1|1|1|1|1|1,134.484718422,1.0,0,0.9583333333333334,1.0,-0.04166666666666663,0.04166666666666663,0.35,True,False,False,1.0,1.0,0.041666666666666664,0.0,81.65360626618627,81.65360626618627,32.34663630269198,0.0,32.34663630269198,-0.07608020528621262,1.2246870184640102e-11,0.9295760728480945,0.9999999999999999,-0.0005090266797082013,156193,0,156193,0.0,0.0,0.0,0.0,0.0,0.0,135.25,,0.0,0.0,148.625,,0.0,0.0,135.25,,0.0,0.0,148.625,,0.0,0.0,0.0,,1.0,0.0,24.9375,0.0,1.0,33.125,353.625,4.0,1.0,16.75,296.125,4.0,0.0,0.0,353.625,,0.0,0.0,296.125,,0.0,0.0,0.0,,25.0625,0.2916666666666667,1.0,33.125,363.375,4.0,1.0,17.0,309.5,4.0,0.0,0.0,363.375,,0.125,0.875,309.5,4.0,0.0,0.0,0.0,,24.875,0.0,1.0,33.0,354.25,4.0,1.0,16.75,296.625,4.0,0.0,0.0,354.25,,0.0,0.0,296.625,,0.0,0.0,0.0,,0.0,0.0,0.0,0.0,134.75,,0.0,0.0,149.0,,0.0,0.0,134.75,,0.0,0.0,149.0,,0.0,0.0,0.0,,True,,0,0.9583333333333334,True,1.0,0.958333,1.3686865999999895,15.660118803000046
overlapping_shared_target_association,4,b-2_alternating_blue_red_shared_3s_10uA,-2.0,alternating_blue_red,shared,3.0,10.0,160,893,0.0,1.0,1.0,0.0,-1.0,-1.0,0.0,0.0,80,15,15,True,False,0|0|0|0|0|0|0|0|0|0|0|0|0.125|0.25|0.3125|0.5|0.5625|0.5625|0.6875|0.9375|1|1|1|1|1|1|1|1|1|1|1|1|1|1|1|1|1|1|1|1|1|1|1|1|1|1|1|1|1|1|1|1|1|1|1|1|1|1|1|1|1|1|1|1|1|1|1|1|1|1|1|1|1|1|1|1|1|1|1|1|1,134.484718422,1.0,0,1.0,1.0,0.0,0.0,0.35,False,False,False,1.0,1.0,0.0,0.0,81.65360626618627,81.65360626618627,0.0,0.0,0.0,1.2246870184640102e-11,1.2246870184640102e-11,0.9999999999999999,0.9999999999999999,-0.0,0,0,0,0.0,0.0,0.0,0.0,0.0,0.0,135.25,,0.0,0.0,148.625,,0.0,0.0,135.25,,0.0,0.0,148.625,,0.0,0.0,0.0,,1.0,0.0,24.9375,0.0,1.0,33.125,353.625,4.0,1.0,16.75,296.125,4.0,0.0,0.0,353.625,,0.0,0.0,296.125,,0.0,0.0,0.0,,24.8125,0.0,1.0,32.875,354.625,4.0,1.0,16.75,297.0,4.0,0.0,0.0,354.625,,0.0,0.0,297.0,,0.0,0.0,0.0,,24.875,0.0,1.0,33.0,354.25,4.0,1.0,16.75,296.625,4.0,0.0,0.0,354.25,,0.0,0.0,296.625,,0.0,0.0,0.0,,0.0,0.0,0.0,0.0,134.75,,0.0,0.0,149.0,,0.0,0.0,134.75,,0.0,0.0,149.0,,0.0,0.0,0.0,,True,,0,1.0,True,1.0,1,1.5812464239999997,7.318760493000013
overlapping_shared_target_association,4,b-2_alternating_blue_red_shared_3s_50uA,-2.0,alternating_blue_red,shared,3.0,50.0,160,893,0.0,1.0,1.0,0.0,-1.0,-1.0,0.0,0.0,80,15,15,True,False,0|0|0|0|0|0|0|0|0|0|0|0|0.125|0.25|0.3125|0.5|0.5625|0.5625|0.6875|0.9375|1|1|1|1|1|1|1|1|1|1|1|1|1|1|1|1|1|1|1|1|1|1|1|1|1|1|1|1|1|1|1|1|1|1|1|1|1|1|1|1|1|1|1|1|1|1|1|1|1|1|1|1|1|1|1|1|1|1|1|1|1,134.484718422,1.0,0,0.9583333333333334,1.0,-0.04166666666666663,0.04166666666666663,0.35,True,False,False,1.0,1.0,0.041666666666666664,0.0,81.65360626618627,81.65360626618627,48.5194779318869,0.0,48.5194779318869,-0.16804432648668133,1.2246870184640102e-11,0.8604402544808414,0.9999999999999999,-0.0056203678706392285,324309,0,324309,0.0,0.0,0.0,0.0,0.0,0.0,135.25,,0.0,0.0,148.625,,0.0,0.0,135.25,,0.0,0.0,148.625,,0.0,0.0,0.0,,1.0,0.0,24.9375,0.0,1.0,33.125,353.625,4.0,1.0,16.75,296.125,4.0,0.0,0.0,353.625,,0.0,0.0,296.125,,0.0,0.0,0.0,,27.3125,0.125,1.0,36.0,386.0,4.0,1.0,18.625,322.0,4.0,0.0,0.0,386.0,,0.125,0.375,322.0,4.0,0.0,0.0,0.0,,24.875,0.0,1.0,33.0,354.25,4.0,1.0,16.75,296.625,4.0,0.0,0.0,354.25,,0.0,0.0,296.625,,0.0,0.0,0.0,,0.0,0.0,0.0,0.0,134.75,,0.0,0.0,149.0,,0.0,0.0,134.75,,0.0,0.0,149.0,,0.0,0.0,0.0,,True,,0,0.9583333333333334,True,1.0,0.958333,1.2774872640000012,24.53578977699999
overlapping_shared_target_association,4,b-2_chirp_correlated_3s_10uA,-2.0,chirp,correlated,3.0,10.0,160,2072,0.0,1.0,1.0,0.0,-1.0,-1.0,0.0,0.0,80,15,15,True,False,0|0|0|0|0|0|0|0|0|0|0|0|0.125|0.25|0.3125|0.5|0.5625|0.5625|0.6875|0.9375|1|1|1|1|1|1|1|1|1|1|1|1|1|1|1|1|1|1|1|1|1|1|1|1|1|1|1|1|1|1|1|1|1|1|1|1|1|1|1|1|1|1|1|1|1|1|1|1|1|1|1|1|1|1|1|1|1|1|1|1|1,134.484718422,1.0,0,0.9583333333333334,1.0,-0.04166666666666663,0.04166666666666663,0.35,True,False,False,1.0,1.0,0.041666666666666664,0.0,81.65360626618627,81.65360626618627,2.6331023502449264,0.0,2.6331023502449264,0.0001732764213504545,1.2246870184640102e-11,0.9994746504028152,0.9999999999999999,0.0006932032109208748,3345,0,3345,0.0,0.0,0.0,0.0,0.0,0.0,135.25,,0.0,0.0,148.625,,0.0,0.0,135.25,,0.0,0.0,148.625,,0.0,0.0,0.0,,1.0,0.0,24.9375,0.0,1.0,33.125,353.625,4.0,1.0,16.75,296.125,4.0,0.0,0.0,353.625,,0.0,0.0,296.125,,0.0,0.0,0.0,,23.5,0.25,1.0,30.5,419.25,4.125,1.0,16.5,359.125,4.125,0.0,0.0,419.25,,0.125,0.75,359.125,4.0,0.0,0.0,0.0,,24.875,0.0,1.0,33.0,354.25,4.0,1.0,16.75,296.625,4.0,0.0,0.0,354.25,,0.0,0.0,296.625,,0.0,0.0,0.0,,0.0,0.0,0.0,0.0,134.75,,0.0,0.0,149.0,,0.0,0.0,134.75,,0.0,0.0,149.0,,0.0,0.0,0.0,,True,,0,0.9583333333333334,True,1.0,0.958333,1.3141492199999902,7.120440352999992
overlapping_shared_target_association,4,b-2_chirp_correlated_3s_50uA,-2.0,chirp,correlated,3.0,50.0,160,2072,0.0,1.0,1.0,0.0,-1.0,-1.0,0.0,0.0,80,15,15,True,False,0|0|0|0|0|0|0|0|0|0|0|0|0.125|0.25|0.3125|0.5|0.5625|0.5625|0.6875|0.9375|1|1|1|1|1|1|1|1|1|1|1|1|1|1|1|1|1|1|1|1|1|1|1|1|1|1|1|1|1|1|1|1|1|1|1|1|1|1|1|1|1|1|1|1|1|1|1|1|1|1|1|1|1|1|1|1|1|1|1|1|1,134.484718422,1.0,0,0.5833333333333333,1.0,-0.41666666666666674,0.41666666666666674,0.35,True,False,False,1.0,1.0,0.4166666666666667,0.0,81.65360626618627,81.65360626618627,205.6185271621671,0.0,205.6185271621671,-1.704469588406003,1.2246870184640102e-11,0.35264203832875557,0.9999999999999999,0.013538887942501932,1090557,0,1090557,0.0,0.0,0.0,0.0,0.0,0.0,135.25,,0.0,0.0,148.625,,0.0,0.0,135.25,,0.0,0.0,148.625,,0.0,0.0,0.0,,1.0,0.0,24.9375,0.0,1.0,33.125,353.625,4.0,1.0,16.75,296.125,4.0,0.0,0.0,353.625,,0.0,0.0,296.125,,0.0,0.0,0.0,,47.8125,12.041666666666666,1.0,55.5,897.875,4.0,1.0,40.125,867.25,4.0,0.125,5.5,897.875,4.0,1.0,14.25,867.25,4.875,0.125,16.375,418.125,4.0,24.875,0.0,1.0,33.0,354.25,4.0,1.0,16.75,296.625,4.0,0.0,0.0,354.25,,0.0,0.0,296.625,,0.0,0.0,0.0,,0.0,0.0,0.0,0.0,134.75,,0.0,0.0,149.0,,0.0,0.0,134.75,,0.0,0.0,149.0,,0.0,0.0,0.0,,True,,0,0.5833333333333333,True,1.0,0.583333,1.410005751999961,55.61034611800005
overlapping_shared_target_association,4,b-2_chirp_shared_3s_10uA,-2.0,chirp,shared,3.0,10.0,160,3580,0.0,1.0,1.0,0.0,-1.0,-1.0,0.0,0.0,80,15,15,True,False,0|0|0|0|0|0|0|0|0|0|0|0|0.125|0.25|0.3125|0.5|0.5625|0.5625|0.6875|0.9375|1|1|1|1|1|1|1|1|1|1|1|1|1|1|1|1|1|1|1|1|1|1|1|1|1|1|1|1|1|1|1|1|1|1|1|1|1|1|1|1|1|1|1|1|1|1|1|1|1|1|1|1|1|1|1|1|1|1|1|1|1,134.484718422,1.0,0,0.9583333333333334,1.0,-0.04166666666666663,0.04166666666666663,0.35,True,False,False,1.0,1.0,0.041666666666666664,0.0,81.65360626618627,81.65360626618627,13.755979859274728,0.0,13.755979859274728,-0.015820870583707736,1.2246870184640102e-11,0.98613393270943,0.9999999999999999,-0.0017553693402211788,40264,0,40264,0.0,0.0,0.0,0.0,0.0,0.0,135.25,,0.0,0.0,148.625,,0.0,0.0,135.25,,0.0,0.0,148.625,,0.0,0.0,0.0,,1.0,0.0,24.9375,0.0,1.0,33.125,353.625,4.0,1.0,16.75,296.125,4.0,0.0,0.0,353.625,,0.0,0.0,296.125,,0.0,0.0,0.0,,25.6875,0.20833333333333334,1.0,33.75,385.0,4.0,1.0,17.625,325.125,4.0,0.0,0.0,385.0,,0.125,0.625,325.125,4.0,0.0,0.0,0.0,,24.875,0.0,1.0,33.0,354.25,4.0,1.0,16.75,296.625,4.0,0.0,0.0,354.25,,0.0,0.0,296.625,,0.0,0.0,0.0,,0.0,0.0,0.0,0.0,134.75,,0.0,0.0,149.0,,0.0,0.0,134.75,,0.0,0.0,149.0,,0.0,0.0,0.0,,True,,0,0.9583333333333334,True,1.0,0.958333,1.3463783099999773,10.399495747000003
overlapping_shared_target_association,4,b-2_chirp_shared_3s_50uA,-2.0,chirp,shared,3.0,50.0,160,3580,0.0,1.0,1.0,0.0,-1.0,-1.0,0.0,0.0,80,15,15,True,False,0|0|0|0|0|0|0|0|0|0|0|0|0.125|0.25|0.3125|0.5|0.5625|0.5625|0.6875|0.9375|1|1|1|1|1|1|1|1|1|1|1|1|1|1|1|1|1|1|1|1|1|1|1|1|1|1|1|1|1|1|1|1|1|1|1|1|1|1|1|1|1|1|1|1|1|1|1|1|1|1|1|1|1|1|1|1|1|1|1|1|1,134.484718422,1.0,0,0.5833333333333333,1.0,-0.41666666666666674,0.41666666666666674,0.35,True,False,False,1.0,1.0,0.4166666666666667,0.0,81.65360626618627,81.65360626618627,309.28886902831783,0.0,309.28886902831783,-2.9018260696123925,1.2246870184640102e-11,0.21935620780456785,0.9999999999999999,0.06165320548045547,2161273,0,2161273,0.0,0.0,0.0,0.0,0.0,0.0,135.25,,0.0,0.0,148.625,,0.0,0.0,135.25,,0.0,0.0,148.625,,0.0,0.0,0.0,,1.0,0.0,24.9375,0.0,1.0,33.125,353.625,4.0,1.0,16.75,296.125,4.0,0.0,0.0,353.625,,0.0,0.0,296.125,,0.0,0.0,0.0,,49.3125,10.625,1.0,58.625,1116.25,4.0,1.0,40.0,1048.375,4.0,0.125,5.625,1116.25,4.0,1.0,15.25,1048.375,4.0,0.125,11.0,570.75,4.0,24.875,0.0,1.0,33.0,354.25,4.0,1.0,16.75,296.625,4.0,0.0,0.0,354.25,,0.0,0.0,296.625,,0.0,0.0,0.0,,0.0,0.0,0.0,0.0,134.75,,0.0,0.0,149.0,,0.0,0.0,134.75,,0.0,0.0,149.0,,0.0,0.0,0.0,,True,,0,0.5833333333333333,True,1.0,0.583333,1.4257834670000307,100.79820855700001
overlapping_shared_target_association,4,b-2_epoch_pause_correlated_3s_10uA,-2.0,epoch_pause,correlated,3.0,10.0,160,562,0.0,1.0,1.0,0.0,-1.0,-1.0,0.0,0.0,80,15,15,True,False,0|0|0|0|0|0|0|0|0|0|0|0|0.125|0.25|0.3125|0.5|0.5625|0.5625|0.6875|0.9375|1|1|1|1|1|1|1|1|1|1|1|1|1|1|1|1|1|1|1|1|1|1|1|1|1|1|1|1|1|1|1|1|1|1|1|1|1|1|1|1|1|1|1|1|1|1|1|1|1|1|1|1|1|1|1|1|1|1|1|1|1,134.484718422,1.0,0,1.0,1.0,0.0,0.0,0.35,False,False,False,1.0,1.0,0.0,0.0,81.65360626618627,81.65360626618627,0.0,0.0,0.0,1.2246870184640102e-11,1.2246870184640102e-11,0.9999999999999999,0.9999999999999999,-0.0,0,0,0,0.0,0.0,0.0,0.0,0.0,0.0,135.25,,0.0,0.0,148.625,,0.0,0.0,135.25,,0.0,0.0,148.625,,0.0,0.0,0.0,,1.0,0.0,24.9375,0.0,1.0,33.125,353.625,4.0,1.0,16.75,296.125,4.0,0.0,0.0,353.625,,0.0,0.0,296.125,,0.0,0.0,0.0,,24.875,0.0,1.0,32.875,355.375,4.0,1.0,16.875,297.625,4.0,0.0,0.0,355.375,,0.0,0.0,297.625,,0.0,0.0,0.0,,24.875,0.0,1.0,33.0,354.25,4.0,1.0,16.75,296.625,4.0,0.0,0.0,354.25,,0.0,0.0,296.625,,0.0,0.0,0.0,,0.0,0.0,0.0,0.0,134.75,,0.0,0.0,149.0,,0.0,0.0,134.75,,0.0,0.0,149.0,,0.0,0.0,0.0,,True,,0,1.0,True,1.0,1,1.466327222000018,6.860449340999992
overlapping_shared_target_association,4,b-2_epoch_pause_correlated_3s_50uA,-2.0,epoch_pause,correlated,3.0,50.0,160,562,0.0,1.0,1.0,0.0,-1.0,-1.0,0.0,0.0,80,15,15,True,False,0|0|0|0|0|0|0|0|0|0|0|0|0.125|0.25|0.3125|0.5|0.5625|0.5625|0.6875|0.9375|1|1|1|1|1|1|1|1|1|1|1|1|1|1|1|1|1|1|1|1|1|1|1|1|1|1|1|1|1|1|1|1|1|1|1|1|1|1|1|1|1|1|1|1|1|1|1|1|1|1|1|1|1|1|1|1|1|1|1|1|1,134.484718422,1.0,0,1.0,1.0,0.0,0.0,0.35,False,False,False,1.0,1.0,0.0,0.0,81.65360626618627,81.65360626618627,33.62813889700629,0.0,33.62813889700629,-0.08536673257911964,1.2246870184640102e-11,0.9250068688496702,0.9999999999999999,-0.004204794447536495,150303,0,150303,0.0,0.0,0.0,0.0,0.0,0.0,135.25,,0.0,0.0,148.625,,0.0,0.0,135.25,,0.0,0.0,148.625,,0.0,0.0,0.0,,1.0,0.0,24.9375,0.0,1.0,33.125,353.625,4.0,1.0,16.75,296.125,4.0,0.0,0.0,353.625,,0.0,0.0,296.125,,0.0,0.0,0.0,,25.5,0.0,1.0,33.625,373.25,4.0,1.0,17.375,306.375,4.0,0.0,0.0,373.25,,0.0,0.0,306.375,,0.0,0.0,0.0,,24.875,0.0,1.0,33.0,354.25,4.0,1.0,16.75,296.625,4.0,0.0,0.0,354.25,,0.0,0.0,296.625,,0.0,0.0,0.0,,0.0,0.0,0.0,0.0,134.75,,0.0,0.0,149.0,,0.0,0.0,134.75,,0.0,0.0,149.0,,0.0,0.0,0.0,,True,,0,1.0,True,1.0,1,1.2702314930000398,14.685398313999997
overlapping_shared_target_association,4,b-2_epoch_pause_shared_3s_10uA,-2.0,epoch_pause,shared,3.0,10.0,160,1151,0.0,1.0,1.0,0.0,-1.0,-1.0,0.0,0.0,80,15,15,True,False,0|0|0|0|0|0|0|0|0|0|0|0|0.125|0.25|0.3125|0.5|0.5625|0.5625|0.6875|0.9375|1|1|1|1|1|1|1|1|1|1|1|1|1|1|1|1|1|1|1|1|1|1|1|1|1|1|1|1|1|1|1|1|1|1|1|1|1|1|1|1|1|1|1|1|1|1|1|1|1|1|1|1|1|1|1|1|1|1|1|1|1,134.484718422,1.0,0,1.0,1.0,0.0,0.0,0.35,False,False,False,1.0,1.0,0.0,0.0,81.65360626618627,81.65360626618627,0.10160298064556518,0.0,0.10160298064556518,-7.741500080982178e-07,1.2246870184640102e-11,0.9999992178450874,0.9999999999999999,-0.0,29,0,29,0.0,0.0,0.0,0.0,0.0,0.0,135.25,,0.0,0.0,148.625,,0.0,0.0,135.25,,0.0,0.0,148.625,,0.0,0.0,0.0,,1.0,0.0,24.9375,0.0,1.0,33.125,353.625,4.0,1.0,16.75,296.125,4.0,0.0,0.0,353.625,,0.0,0.0,296.125,,0.0,0.0,0.0,,25.25,0.0,1.0,32.75,363.375,4.0,1.0,17.75,306.5,4.0,0.0,0.0,363.375,,0.0,0.0,306.5,,0.0,0.0,0.0,,24.875,0.0,1.0,33.0,354.25,4.0,1.0,16.75,296.625,4.0,0.0,0.0,354.25,,0.0,0.0,296.625,,0.0,0.0,0.0,,0.0,0.0,0.0,0.0,134.75,,0.0,0.0,149.0,,0.0,0.0,134.75,,0.0,0.0,149.0,,0.0,0.0,0.0,,True,,0,1.0,True,1.0,1,1.416060391000002,6.6292545029999985
overlapping_shared_target_association,4,b-2_epoch_pause_shared_3s_50uA,-2.0,epoch_pause,shared,3.0,50.0,160,1151,0.0,1.0,1.0,0.0,-1.0,-1.0,0.0,0.0,80,15,15,True,False,0|0|0|0|0|0|0|0|0|0|0|0|0.125|0.25|0.3125|0.5|0.5625|0.5625|0.6875|0.9375|1|1|1|1|1|1|1|1|1|1|1|1|1|1|1|1|1|1|1|1|1|1|1|1|1|1|1|1|1|1|1|1|1|1|1|1|1|1|1|1|1|1|1|1|1|1|1|1|1|1|1|1|1|1|1|1|1|1|1|1|1,134.484718422,1.0,0,0.9166666666666666,1.0,-0.08333333333333337,0.08333333333333337,0.35,True,False,False,1.0,1.0,0.08333333333333333,0.0,81.65360626618627,81.65360626618627,75.77548203084966,0.0,75.77548203084966,-0.3723669201706423,1.2246870184640102e-11,0.7338041261846674,0.9999999999999999,-0.011092850668383333,524371,0,524371,0.0,0.0,0.0,0.0,0.0,0.0,135.25,,0.0,0.0,148.625,,0.0,0.0,135.25,,0.0,0.0,148.625,,0.0,0.0,0.0,,1.0,0.0,24.9375,0.0,1.0,33.125,353.625,4.0,1.0,16.75,296.125,4.0,0.0,0.0,353.625,,0.0,0.0,296.125,,0.0,0.0,0.0,,33.125,0.7916666666666666,1.0,41.125,668.875,4.0,1.0,25.125,664.75,4.0,0.125,0.125,668.875,5.0,0.0,0.0,664.75,,0.125,2.25,166.125,4.0,24.875,0.0,1.0,33.0,354.25,4.0,1.0,16.75,296.625,4.0,0.0,0.0,354.25,,0.0,0.0,296.625,,0.0,0.0,0.0,,0.0,0.0,0.0,0.0,134.75,,0.0,0.0,149.0,,0.0,0.0,134.75,,0.0,0.0,149.0,,0.0,0.0,0.0,,True,,0,0.9166666666666666,True,1.0,0.916667,1.3411593339999968,31.673955919999997
overlapping_shared_target_association,4,b-2_gated_burst_correlated_3s_10uA,-2.0,gated_burst,correlated,3.0,10.0,160,652,0.0,1.0,1.0,0.0,-1.0,-1.0,0.0,0.0,80,15,15,True,False,0|0|0|0|0|0|0|0|0|0|0|0|0.125|0.25|0.3125|0.5|0.5625|0.5625|0.6875|0.9375|1|1|1|1|1|1|1|1|1|1|1|1|1|1|1|1|1|1|1|1|1|1|1|1|1|1|1|1|1|1|1|1|1|1|1|1|1|1|1|1|1|1|1|1|1|1|1|1|1|1|1|1|1|1|1|1|1|1|1|1|1,134.484718422,1.0,0,1.0,1.0,0.0,0.0,0.35,False,False,False,1.0,1.0,0.0,0.0,81.65360626618627,81.65360626618627,1.9710124209726785,0.0,1.9710124209726785,-0.00029397807285547195,1.2246870184640102e-11,0.9997058541215871,0.9999999999999999,-2.6827254565024186e-06,1208,0,1208,0.0,0.0,0.0,0.0,0.0,0.0,135.25,,0.0,0.0,148.625,,0.0,0.0,135.25,,0.0,0.0,148.625,,0.0,0.0,0.0,,1.0,0.0,24.9375,0.0,1.0,33.125,353.625,4.0,1.0,16.75,296.125,4.0,0.0,0.0,353.625,,0.0,0.0,296.125,,0.0,0.0,0.0,,24.875,0.0,1.0,33.0,354.5,4.0,1.0,16.75,296.625,4.0,0.0,0.0,354.5,,0.0,0.0,296.625,,0.0,0.0,0.0,,24.875,0.0,1.0,33.0,354.25,4.0,1.0,16.75,296.625,4.0,0.0,0.0,354.25,,0.0,0.0,296.625,,0.0,0.0,0.0,,0.0,0.0,0.0,0.0,134.75,,0.0,0.0,149.0,,0.0,0.0,134.75,,0.0,0.0,149.0,,0.0,0.0,0.0,,True,,0,1.0,True,1.0,1,1.4047161700000288,6.833711671999936
overlapping_shared_target_association,4,b-2_gated_burst_correlated_3s_50uA,-2.0,gated_burst,correlated,3.0,50.0,160,652,0.0,1.0,1.0,0.0,-1.0,-1.0,0.0,0.0,80,15,15,True,False,0|0|0|0|0|0|0|0|0|0|0|0|0.125|0.25|0.3125|0.5|0.5625|0.5625|0.6875|0.9375|1|1|1|1|1|1|1|1|1|1|1|1|1|1|1|1|1|1|1|1|1|1|1|1|1|1|1|1|1|1|1|1|1|1|1|1|1|1|1|1|1|1|1|1|1|1|1|1|1|1|1|1|1|1|1|1|1|1|1|1|1,134.484718422,1.0,0,1.0,1.0,0.0,0.0,0.35,False,False,False,1.0,1.0,0.0,0.0,81.65360626618627,81.65360626618627,71.05112706286252,0.0,71.05112706286252,-0.33099177074092734,1.2246870184640102e-11,0.7543349611637146,0.9999999999999999,-0.007186461338332992,363147,0,363147,0.0,0.0,0.0,0.0,0.0,0.0,135.25,,0.0,0.0,148.625,,0.0,0.0,135.25,,0.0,0.0,148.625,,0.0,0.0,0.0,,1.0,0.0,24.9375,0.0,1.0,33.125,353.625,4.0,1.0,16.75,296.125,4.0,0.0,0.0,353.625,,0.0,0.0,296.125,,0.0,0.0,0.0,,25.8125,0.0,1.0,34.75,371.625,4.0,1.0,16.875,300.875,4.0,0.0,0.0,371.625,,0.0,0.0,300.875,,0.0,0.0,0.0,,24.875,0.0,1.0,33.0,354.25,4.0,1.0,16.75,296.625,4.0,0.0,0.0,354.25,,0.0,0.0,296.625,,0.0,0.0,0.0,,0.0,0.0,0.0,0.0,134.75,,0.0,0.0,149.0,,0.0,0.0,134.75,,0.0,0.0,149.0,,0.0,0.0,0.0,,True,,0,1.0,True,1.0,1,1.326331773999982,22.755918427999973
overlapping_shared_target_association,4,b-2_gated_burst_shared_3s_10uA,-2.0,gated_burst,shared,3.0,10.0,160,1020,0.0,1.0,1.0,0.0,-1.0,-1.0,0.0,0.0,80,15,15,True,False,0|0|0|0|0|0|0|0|0|0|0|0|0.125|0.25|0.3125|0.5|0.5625|0.5625|0.6875|0.9375|1|1|1|1|1|1|1|1|1|1|1|1|1|1|1|1|1|1|1|1|1|1|1|1|1|1|1|1|1|1|1|1|1|1|1|1|1|1|1|1|1|1|1|1|1|1|1|1|1|1|1|1|1|1|1|1|1|1|1|1|1,134.484718422,1.0,0,1.0,1.0,0.0,0.0,0.35,False,False,False,1.0,1.0,0.0,0.0,81.65360626618627,81.65360626618627,3.3584445182940605,0.0,3.3584445182940605,-0.00043726608050143057,1.2246870184640102e-11,0.9991460395395089,0.9999999999999999,0.00040849272046653506,4529,0,4529,0.0,0.0,0.0,0.0,0.0,0.0,135.25,,0.0,0.0,148.625,,0.0,0.0,135.25,,0.0,0.0,148.625,,0.0,0.0,0.0,,1.0,0.0,24.9375,0.0,1.0,33.125,353.625,4.0,1.0,16.75,296.125,4.0,0.0,0.0,353.625,,0.0,0.0,296.125,,0.0,0.0,0.0,,24.875,0.0,1.0,33.0,354.375,4.0,1.0,16.75,297.0,4.0,0.0,0.0,354.375,,0.0,0.0,297.0,,0.0,0.0,0.0,,24.875,0.0,1.0,33.0,354.25,4.0,1.0,16.75,296.625,4.0,0.0,0.0,354.25,,0.0,0.0,296.625,,0.0,0.0,0.0,,0.0,0.0,0.0,0.0,134.75,,0.0,0.0,149.0,,0.0,0.0,134.75,,0.0,0.0,149.0,,0.0,0.0,0.0,,True,,0,1.0,True,1.0,1,1.323471034000022,6.777776070999948
overlapping_shared_target_association,4,b-2_gated_burst_shared_3s_50uA,-2.0,gated_burst,shared,3.0,50.0,160,1020,0.0,1.0,1.0,0.0,-1.0,-1.0,0.0,0.0,80,15,15,True,False,0|0|0|0|0|0|0|0|0|0|0|0|0.125|0.25|0.3125|0.5|0.5625|0.5625|0.6875|0.9375|1|1|1|1|1|1|1|1|1|1|1|1|1|1|1|1|1|1|1|1|1|1|1|1|1|1|1|1|1|1|1|1|1|1|1|1|1|1|1|1|1|1|1|1|1|1|1|1|1|1|1|1|1|1|1|1|1|1|1|1|1,134.484718422,1.0,0,0.6666666666666667,1.0,-0.33333333333333326,0.33333333333333326,0.35,True,False,False,1.0,1.0,0.3333333333333333,0.0,81.65360626618627,81.65360626618627,131.28629007240727,0.0,131.28629007240727,-0.8948014290725899,1.2246870184640102e-11,0.5229021220968547,0.9999999999999999,-0.002554489513628984,627434,0,627434,0.0,0.0,0.0,0.0,0.0,0.0,135.25,,0.0,0.0,148.625,,0.0,0.0,135.25,,0.0,0.0,148.625,,0.0,0.0,0.0,,1.0,0.0,24.9375,0.0,1.0,33.125,353.625,4.0,1.0,16.75,296.125,4.0,0.0,0.0,353.625,,0.0,0.0,296.125,,0.0,0.0,0.0,,28.5,0.3333333333333333,1.0,38.625,389.875,4.0,1.0,18.375,321.375,4.0,0.0,0.0,389.875,,1.0,1.0,321.375,5.0,0.0,0.0,0.0,,24.875,0.0,1.0,33.0,354.25,4.0,1.0,16.75,296.625,4.0,0.0,0.0,354.25,,0.0,0.0,296.625,,0.0,0.0,0.0,,0.0,0.0,0.0,0.0,134.75,,0.0,0.0,149.0,,0.0,0.0,134.75,,0.0,0.0,149.0,,0.0,0.0,0.0,,True,,0,0.6666666666666667,True,1.0,0.666667,1.3735673759999827,32.982894000000044
overlapping_shared_target_association,4,b-2_static_correlated_3s_10uA,-2.0,static,correlated,3.0,10.0,160,846,0.0,1.0,1.0,0.0,-1.0,-1.0,0.0,0.0,80,15,15,True,False,0|0|0|0|0|0|0|0|0|0|0|0|0.125|0.25|0.3125|0.5|0.5625|0.5625|0.6875|0.9375|1|1|1|1|1|1|1|1|1|1|1|1|1|1|1|1|1|1|1|1|1|1|1|1|1|1|1|1|1|1|1|1|1|1|1|1|1|1|1|1|1|1|1|1|1|1|1|1|1|1|1|1|1|1|1|1|1|1|1|1|1,134.484718422,1.0,0,1.0,1.0,0.0,0.0,0.35,False,False,False,1.0,1.0,0.0,0.0,81.65360626618627,81.65360626618627,0.0,0.0,0.0,1.2246870184640102e-11,1.2246870184640102e-11,0.9999999999999999,0.9999999999999999,-0.0,0,0,0,0.0,0.0,0.0,0.0,0.0,0.0,135.25,,0.0,0.0,148.625,,0.0,0.0,135.25,,0.0,0.0,148.625,,0.0,0.0,0.0,,1.0,0.0,24.9375,0.0,1.0,33.125,353.625,4.0,1.0,16.75,296.125,4.0,0.0,0.0,353.625,,0.0,0.0,296.125,,0.0,0.0,0.0,,24.8125,0.0,1.0,32.75,354.5,4.0,1.0,16.875,297.625,4.0,0.0,0.0,354.5,,0.0,0.0,297.625,,0.0,0.0,0.0,,24.875,0.0,1.0,33.0,354.25,4.0,1.0,16.75,296.625,4.0,0.0,0.0,354.25,,0.0,0.0,296.625,,0.0,0.0,0.0,,0.0,0.0,0.0,0.0,134.75,,0.0,0.0,149.0,,0.0,0.0,134.75,,0.0,0.0,149.0,,0.0,0.0,0.0,,True,,0,1.0,True,1.0,1,1.5645563079999647,7.196324592999986
overlapping_shared_target_association,4,b-2_static_correlated_3s_50uA,-2.0,static,correlated,3.0,50.0,160,846,0.0,1.0,1.0,0.0,-1.0,-1.0,0.0,0.0,80,15,15,True,False,0|0|0|0|0|0|0|0|0|0|0|0|0.125|0.25|0.3125|0.5|0.5625|0.5625|0.6875|0.9375|1|1|1|1|1|1|1|1|1|1|1|1|1|1|1|1|1|1|1|1|1|1|1|1|1|1|1|1|1|1|1|1|1|1|1|1|1|1|1|1|1|1|1|1|1|1|1|1|1|1|1|1|1|1|1|1|1|1|1|1|1,134.484718422,1.0,0,0.9583333333333334,1.0,-0.04166666666666663,0.04166666666666663,0.35,True,False,False,1.0,1.0,0.041666666666666664,0.0,81.65360626618627,81.65360626618627,46.52128838690644,0.0,46.52128838690644,-0.1518654618716595,1.2246870184640102e-11,0.8692359756855489,0.9999999999999999,-0.0010954472357175141,252149,0,252149,0.0,0.0,0.0,0.0,0.0,0.0,135.25,,0.0,0.0,148.625,,0.0,0.0,135.25,,0.0,0.0,148.625,,0.0,0.0,0.0,,1.0,0.0,24.9375,0.0,1.0,33.125,353.625,4.0,1.0,16.75,296.125,4.0,0.0,0.0,353.625,,0.0,0.0,296.125,,0.0,0.0,0.0,,26.6875,0.20833333333333334,1.0,34.875,374.625,4.0,1.0,18.5,313.375,4.0,0.0,0.0,374.625,,0.125,0.625,313.375,4.0,0.0,0.0,0.0,,24.875,0.0,1.0,33.0,354.25,4.0,1.0,16.75,296.625,4.0,0.0,0.0,354.25,,0.0,0.0,296.625,,0.0,0.0,0.0,,0.0,0.0,0.0,0.0,134.75,,0.0,0.0,149.0,,0.0,0.0,134.75,,0.0,0.0,149.0,,0.0,0.0,0.0,,True,,0,0.9583333333333334,True,1.0,0.958333,1.2535667669999953,21.160415359000012
overlapping_shared_target_association,4,b-2_static_shared_3s_10uA,-2.0,static,shared,3.0,10.0,160,1439,0.0,1.0,1.0,0.0,-1.0,-1.0,0.0,0.0,80,15,15,True,False,0|0|0|0|0|0|0|0|0|0|0|0|0.125|0.25|0.3125|0.5|0.5625|0.5625|0.6875|0.9375|1|1|1|1|1|1|1|1|1|1|1|1|1|1|1|1|1|1|1|1|1|1|1|1|1|1|1|1|1|1|1|1|1|1|1|1|1|1|1|1|1|1|1|1|1|1|1|1|1|1|1|1|1|1|1|1|1|1|1|1|1,134.484718422,1.0,0,1.0,1.0,0.0,0.0,0.35,False,False,False,1.0,1.0,0.0,0.0,81.65360626618627,81.65360626618627,0.0,0.0,0.0,1.2246870184640102e-11,1.2246870184640102e-11,0.9999999999999999,0.9999999999999999,-0.0,1,0,1,0.0,0.0,0.0,0.0,0.0,0.0,135.25,,0.0,0.0,148.625,,0.0,0.0,135.25,,0.0,0.0,148.625,,0.0,0.0,0.0,,1.0,0.0,24.9375,0.0,1.0,33.125,353.625,4.0,1.0,16.75,296.125,4.0,0.0,0.0,353.625,,0.0,0.0,296.125,,0.0,0.0,0.0,,24.8125,0.0,1.0,32.75,354.5,4.0,1.0,16.875,297.5,4.0,0.0,0.0,354.5,,0.0,0.0,297.5,,0.0,0.0,0.0,,24.875,0.0,1.0,33.0,354.25,4.0,1.0,16.75,296.625,4.0,0.0,0.0,354.25,,0.0,0.0,296.625,,0.0,0.0,0.0,,0.0,0.0,0.0,0.0,134.75,,0.0,0.0,149.0,,0.0,0.0,134.75,,0.0,0.0,149.0,,0.0,0.0,0.0,,True,,0,1.0,True,1.0,1,1.5276296450000189,6.9407440539999925
overlapping_shared_target_association,4,b-2_static_shared_3s_50uA,-2.0,static,shared,3.0,50.0,160,1439,0.0,1.0,1.0,0.0,-1.0,-1.0,0.0,0.0,80,15,15,True,False,0|0|0|0|0|0|0|0|0|0|0|0|0.125|0.25|0.3125|0.5|0.5625|0.5625|0.6875|0.9375|1|1|1|1|1|1|1|1|1|1|1|1|1|1|1|1|1|1|1|1|1|1|1|1|1|1|1|1|1|1|1|1|1|1|1|1|1|1|1|1|1|1|1|1|1|1|1|1|1|1|1|1|1|1|1|1|1|1|1|1|1,134.484718422,1.0,0,0.9583333333333334,1.0,-0.04166666666666663,0.04166666666666663,0.35,True,False,False,1.0,1.0,0.041666666666666664,0.0,81.65360626618627,81.65360626618627,84.66268863134114,0.0,84.66268863134114,-0.4425664091817012,1.2246870184640102e-11,0.6919383876354479,0.9999999999999999,-0.002968094922071058,619706,0,619706,0.0,0.0,0.0,0.0,0.0,0.0,135.25,,0.0,0.0,148.625,,0.0,0.0,135.25,,0.0,0.0,148.625,,0.0,0.0,0.0,,1.0,0.0,24.9375,0.0,1.0,33.125,353.625,4.0,1.0,16.75,296.125,4.0,0.0,0.0,353.625,,0.0,0.0,296.125,,0.0,0.0,0.0,,27.3125,0.25,1.0,36.375,391.5,4.0,1.0,18.25,319.75,4.0,0.0,0.0,391.5,,0.125,0.75,319.75,4.0,0.0,0.0,0.0,,24.875,0.0,1.0,33.0,354.25,4.0,1.0,16.75,296.625,4.0,0.0,0.0,354.25,,0.0,0.0,296.625,,0.0,0.0,0.0,,0.0,0.0,0.0,0.0,134.75,,0.0,0.0,149.0,,0.0,0.0,134.75,,0.0,0.0,149.0,,0.0,0.0,0.0,,True,,0,0.9583333333333334,True,1.0,0.958333,1.4093800610000073,39.03695349099999
overlapping_shared_target_association,4,b0_alternating_blue_red_correlated_3s_10uA,0.0,alternating_blue_red,correlated,3.0,10.0,160,550,0.0,1.0,1.0,0.0,-1.0,-1.0,0.0,0.0,80,15,15,True,False,0|0|0|0|0|0|0|0|0|0|0|0|0.125|0.25|0.3125|0.5|0.5625|0.5625|0.6875|0.9375|1|1|1|1|1|1|1|1|1|1|1|1|1|1|1|1|1|1|1|1|1|1|1|1|1|1|1|1|1|1|1|1|1|1|1|1|1|1|1|1|1|1|1|1|1|1|1|1|1|1|1|1|1|1|1|1|1|1|1|1|1,134.484718422,1.0,0,1.0,1.0,0.0,0.0,0.35,False,False,False,1.0,1.0,0.0,0.0,81.65360626618627,81.65360626618627,0.0,0.0,0.0,1.2246870184640102e-11,1.2246870184640102e-11,0.9999999999999999,0.9999999999999999,-0.0,0,0,0,0.0,0.0,0.0,0.0,0.0,0.0,135.25,,0.0,0.0,148.625,,0.0,0.0,135.25,,0.0,0.0,148.625,,0.0,0.0,0.0,,1.0,0.0,24.9375,0.0,1.0,33.125,353.625,4.0,1.0,16.75,296.125,4.0,0.0,0.0,353.625,,0.0,0.0,296.125,,0.0,0.0,0.0,,24.8125,0.0,1.0,32.875,354.25,4.0,1.0,16.75,297.25,4.0,0.0,0.0,354.25,,0.0,0.0,297.25,,0.0,0.0,0.0,,24.875,0.0,1.0,33.0,354.25,4.0,1.0,16.75,296.625,4.0,0.0,0.0,354.25,,0.0,0.0,296.625,,0.0,0.0,0.0,,0.0,0.0,0.0,0.0,134.75,,0.0,0.0,149.0,,0.0,0.0,134.75,,0.0,0.0,149.0,,0.0,0.0,0.0,,True,,0,1.0,True,1.0,1,1.451231808999978,6.773560388000078
overlapping_shared_target_association,4,b0_alternating_blue_red_correlated_3s_50uA,0.0,alternating_blue_red,correlated,3.0,50.0,160,550,0.0,1.0,1.0,0.0,-1.0,-1.0,0.0,0.0,80,15,15,True,False,0|0|0|0|0|0|0|0|0|0|0|0|0.125|0.25|0.3125|0.5|0.5625|0.5625|0.6875|0.9375|1|1|1|1|1|1|1|1|1|1|1|1|1|1|1|1|1|1|1|1|1|1|1|1|1|1|1|1|1|1|1|1|1|1|1|1|1|1|1|1|1|1|1|1|1|1|1|1|1|1|1|1|1|1|1|1|1|1|1|1|1,134.484718422,1.0,0,0.9583333333333334,1.0,-0.04166666666666663,0.04166666666666663,0.35,True,False,False,1.0,1.0,0.041666666666666664,0.0,81.65360626618627,81.65360626618627,32.34663630269198,0.0,32.34663630269198,-0.07608020528621262,1.2246870184640102e-11,0.9295760728480945,0.9999999999999999,-0.0005090266797082013,156193,0,156193,0.0,0.0,0.0,0.0,0.0,0.0,135.25,,0.0,0.0,148.625,,0.0,0.0,135.25,,0.0,0.0,148.625,,0.0,0.0,0.0,,1.0,0.0,24.9375,0.0,1.0,33.125,353.625,4.0,1.0,16.75,296.125,4.0,0.0,0.0,353.625,,0.0,0.0,296.125,,0.0,0.0,0.0,,25.0625,0.2916666666666667,1.0,33.125,363.375,4.0,1.0,17.0,309.5,4.0,0.0,0.0,363.375,,0.125,0.875,309.5,4.0,0.0,0.0,0.0,,24.875,0.0,1.0,33.0,354.25,4.0,1.0,16.75,296.625,4.0,0.0,0.0,354.25,,0.0,0.0,296.625,,0.0,0.0,0.0,,0.0,0.0,0.0,0.0,134.75,,0.0,0.0,149.0,,0.0,0.0,134.75,,0.0,0.0,149.0,,0.0,0.0,0.0,,True,,0,0.9583333333333334,True,1.0,0.958333,1.3130537780000395,15.911766306999994
overlapping_shared_target_association,4,b0_alternating_blue_red_shared_3s_10uA,0.0,alternating_blue_red,shared,3.0,10.0,160,893,0.0,1.0,1.0,0.0,-1.0,-1.0,0.0,0.0,80,15,15,True,False,0|0|0|0|0|0|0|0|0|0|0|0|0.125|0.25|0.3125|0.5|0.5625|0.5625|0.6875|0.9375|1|1|1|1|1|1|1|1|1|1|1|1|1|1|1|1|1|1|1|1|1|1|1|1|1|1|1|1|1|1|1|1|1|1|1|1|1|1|1|1|1|1|1|1|1|1|1|1|1|1|1|1|1|1|1|1|1|1|1|1|1,134.484718422,1.0,0,1.0,1.0,0.0,0.0,0.35,False,False,False,1.0,1.0,0.0,0.0,81.65360626618627,81.65360626618627,0.0,0.0,0.0,1.2246870184640102e-11,1.2246870184640102e-11,0.9999999999999999,0.9999999999999999,-0.0,0,0,0,0.0,0.0,0.0,0.0,0.0,0.0,135.25,,0.0,0.0,148.625,,0.0,0.0,135.25,,0.0,0.0,148.625,,0.0,0.0,0.0,,1.0,0.0,24.9375,0.0,1.0,33.125,353.625,4.0,1.0,16.75,296.125,4.0,0.0,0.0,353.625,,0.0,0.0,296.125,,0.0,0.0,0.0,,24.8125,0.0,1.0,32.875,354.625,4.0,1.0,16.75,297.0,4.0,0.0,0.0,354.625,,0.0,0.0,297.0,,0.0,0.0,0.0,,24.875,0.0,1.0,33.0,354.25,4.0,1.0,16.75,296.625,4.0,0.0,0.0,354.25,,0.0,0.0,296.625,,0.0,0.0,0.0,,0.0,0.0,0.0,0.0,134.75,,0.0,0.0,149.0,,0.0,0.0,134.75,,0.0,0.0,149.0,,0.0,0.0,0.0,,True,,0,1.0,True,1.0,1,1.446585228999993,6.741886152999996
overlapping_shared_target_association,4,b0_alternating_blue_red_shared_3s_50uA,0.0,alternating_blue_red,shared,3.0,50.0,160,893,0.0,1.0,1.0,0.0,-1.0,-1.0,0.0,0.0,80,15,15,True,False,0|0|0|0|0|0|0|0|0|0|0|0|0.125|0.25|0.3125|0.5|0.5625|0.5625|0.6875|0.9375|1|1|1|1|1|1|1|1|1|1|1|1|1|1|1|1|1|1|1|1|1|1|1|1|1|1|1|1|1|1|1|1|1|1|1|1|1|1|1|1|1|1|1|1|1|1|1|1|1|1|1|1|1|1|1|1|1|1|1|1|1,134.484718422,1.0,0,0.9583333333333334,1.0,-0.04166666666666663,0.04166666666666663,0.35,True,False,False,1.0,1.0,0.041666666666666664,0.0,81.65360626618627,81.65360626618627,48.5194779318869,0.0,48.5194779318869,-0.16804432648668133,1.2246870184640102e-11,0.8604402544808414,0.9999999999999999,-0.0056203678706392285,324309,0,324309,0.0,0.0,0.0,0.0,0.0,0.0,135.25,,0.0,0.0,148.625,,0.0,0.0,135.25,,0.0,0.0,148.625,,0.0,0.0,0.0,,1.0,0.0,24.9375,0.0,1.0,33.125,353.625,4.0,1.0,16.75,296.125,4.0,0.0,0.0,353.625,,0.0,0.0,296.125,,0.0,0.0,0.0,,27.3125,0.125,1.0,36.0,386.0,4.0,1.0,18.625,322.0,4.0,0.0,0.0,386.0,,0.125,0.375,322.0,4.0,0.0,0.0,0.0,,24.875,0.0,1.0,33.0,354.25,4.0,1.0,16.75,296.625,4.0,0.0,0.0,354.25,,0.0,0.0,296.625,,0.0,0.0,0.0,,0.0,0.0,0.0,0.0,134.75,,0.0,0.0,149.0,,0.0,0.0,134.75,,0.0,0.0,149.0,,0.0,0.0,0.0,,True,,0,0.9583333333333334,True,1.0,0.958333,1.308445947999985,23.083056829000043
overlapping_shared_target_association,4,b0_chirp_correlated_3s_10uA,0.0,chirp,correlated,3.0,10.0,160,1577,0.0,1.0,1.0,0.0,-1.0,-1.0,0.0,0.0,80,15,15,True,False,0|0|0|0|0|0|0|0|0|0|0|0|0.125|0.25|0.3125|0.5|0.5625|0.5625|0.6875|0.9375|1|1|1|1|1|1|1|1|1|1|1|1|1|1|1|1|1|1|1|1|1|1|1|1|1|1|1|1|1|1|1|1|1|1|1|1|1|1|1|1|1|1|1|1|1|1|1|1|1|1|1|1|1|1|1|1|1|1|1|1|1,134.484718422,1.0,0,1.0,1.0,0.0,0.0,0.35,False,False,False,1.0,1.0,0.0,0.0,81.65360626618627,81.65360626618627,1.9282489624190164,0.0,1.9282489624190164,-0.00022577878747220836,1.2246870184640102e-11,0.9997184555365697,0.9999999999999999,5.3029550123229634e-05,1268,0,1268,0.0,0.0,0.0,0.0,0.0,0.0,135.25,,0.0,0.0,148.625,,0.0,0.0,135.25,,0.0,0.0,148.625,,0.0,0.0,0.0,,1.0,0.0,24.9375,0.0,1.0,33.125,353.625,4.0,1.0,16.75,296.125,4.0,0.0,0.0,353.625,,0.0,0.0,296.125,,0.0,0.0,0.0,,24.6875,0.0,1.0,33.125,360.125,4.0,1.0,16.25,300.125,4.0,0.0,0.0,360.125,,0.0,0.0,300.125,,0.0,0.0,0.0,,24.875,0.0,1.0,33.0,354.25,4.0,1.0,16.75,296.625,4.0,0.0,0.0,354.25,,0.0,0.0,296.625,,0.0,0.0,0.0,,0.0,0.0,0.0,0.0,134.75,,0.0,0.0,149.0,,0.0,0.0,134.75,,0.0,0.0,149.0,,0.0,0.0,0.0,,True,,0,1.0,True,1.0,1,1.4069856779999554,6.959501331999945
overlapping_shared_target_association,4,b0_chirp_correlated_3s_50uA,0.0,chirp,correlated,3.0,50.0,160,1577,0.0,1.0,1.0,0.0,-1.0,-1.0,0.0,0.0,80,15,15,True,False,0|0|0|0|0|0|0|0|0|0|0|0|0.125|0.25|0.3125|0.5|0.5625|0.5625|0.6875|0.9375|1|1|1|1|1|1|1|1|1|1|1|1|1|1|1|1|1|1|1|1|1|1|1|1|1|1|1|1|1|1|1|1|1|1|1|1|1|1|1|1|1|1|1|1|1|1|1|1|1|1|1|1|1|1|1|1|1|1|1|1|1,134.484718422,1.0,0,0.9583333333333334,1.0,-0.04166666666666663,0.04166666666666663,0.35,True,False,False,1.0,1.0,0.041666666666666664,0.0,81.65360626618627,81.65360626618627,125.64000974757556,0.0,125.64000974757556,-0.8350710610410264,1.2246870184640102e-11,0.5384237806648989,0.9999999999999999,4.851676893870569e-05,725025,0,725025,0.0,0.0,0.0,0.0,0.0,0.0,135.25,,0.0,0.0,148.625,,0.0,0.0,135.25,,0.0,0.0,148.625,,0.0,0.0,0.0,,1.0,0.0,24.9375,0.0,1.0,33.125,353.625,4.0,1.0,16.75,296.125,4.0,0.0,0.0,353.625,,0.0,0.0,296.125,,0.0,0.0,0.0,,28.9375,0.5416666666666666,1.0,37.25,487.75,4.0,1.0,20.625,424.5,4.0,0.0,0.0,487.75,,0.125,1.625,424.5,4.0,0.0,0.0,31.625,,24.875,0.0,1.0,33.0,354.25,4.0,1.0,16.75,296.625,4.0,0.0,0.0,354.25,,0.0,0.0,296.625,,0.0,0.0,0.0,,0.0,0.0,0.0,0.0,134.75,,0.0,0.0,149.0,,0.0,0.0,134.75,,0.0,0.0,149.0,,0.0,0.0,0.0,,True,,0,0.9583333333333334,True,1.0,0.958333,1.3129350780000095,41.506211876000066
overlapping_shared_target_association,4,b0_chirp_shared_3s_10uA,0.0,chirp,shared,3.0,10.0,160,2514,0.0,1.0,1.0,0.0,-1.0,-1.0,0.0,0.0,80,15,15,True,False,0|0|0|0|0|0|0|0|0|0|0|0|0.125|0.25|0.3125|0.5|0.5625|0.5625|0.6875|0.9375|1|1|1|1|1|1|1|1|1|1|1|1|1|1|1|1|1|1|1|1|1|1|1|1|1|1|1|1|1|1|1|1|1|1|1|1|1|1|1|1|1|1|1|1|1|1|1|1|1|1|1|1|1|1|1|1|1|1|1|1|1,134.484718422,1.0,0,0.9583333333333334,1.0,-0.04166666666666663,0.04166666666666663,0.35,True,False,False,1.0,1.0,0.041666666666666664,0.0,81.65360626618627,81.65360626618627,3.27196042296807,0.0,3.27196042296807,-0.001449933485622612,1.2246870184640102e-11,0.9991911941914572,0.9999999999999999,-0.0006481329215026571,5098,0,5098,0.0,0.0,0.0,0.0,0.0,0.0,135.25,,0.0,0.0,148.625,,0.0,0.0,135.25,,0.0,0.0,148.625,,0.0,0.0,0.0,,1.0,0.0,24.9375,0.0,1.0,33.125,353.625,4.0,1.0,16.75,296.125,4.0,0.0,0.0,353.625,,0.0,0.0,296.125,,0.0,0.0,0.0,,25.5,0.2916666666666667,1.0,32.625,371.0,4.0,1.0,18.375,324.125,4.0,0.0,0.0,371.0,,0.125,0.875,324.125,4.0,0.0,0.0,0.0,,24.875,0.0,1.0,33.0,354.25,4.0,1.0,16.75,296.625,4.0,0.0,0.0,354.25,,0.0,0.0,296.625,,0.0,0.0,0.0,,0.0,0.0,0.0,0.0,134.75,,0.0,0.0,149.0,,0.0,0.0,134.75,,0.0,0.0,149.0,,0.0,0.0,0.0,,True,,0,0.9583333333333334,True,1.0,0.958333,1.3554587879999644,7.208177735000049
overlapping_shared_target_association,4,b0_chirp_shared_3s_50uA,0.0,chirp,shared,3.0,50.0,160,2514,0.0,1.0,1.0,0.0,-1.0,-1.0,0.0,0.0,80,15,15,True,False,0|0|0|0|0|0|0|0|0|0|0|0|0.125|0.25|0.3125|0.5|0.5625|0.5625|0.6875|0.9375|1|1|1|1|1|1|1|1|1|1|1|1|1|1|1|1|1|1|1|1|1|1|1|1|1|1|1|1|1|1|1|1|1|1|1|1|1|1|1|1|1|1|1|1|1|1|1|1|1|1|1|1|1|1|1|1|1|1|1|1|1,134.484718422,1.0,0,0.5833333333333333,1.0,-0.41666666666666674,0.41666666666666674,0.35,True,False,False,1.0,1.0,0.4166666666666667,0.0,81.65360626618627,81.65360626618627,245.20975082676557,0.0,245.20975082676557,-2.154194169078171,1.2246870184640102e-11,0.290497407249127,0.9999999999999999,0.03468012333741911,1421654,0,1421654,0.0,0.0,0.0,0.0,0.0,0.0,135.25,,0.0,0.0,148.625,,0.0,0.0,135.25,,0.0,0.0,148.625,,0.0,0.0,0.0,,1.0,0.0,24.9375,0.0,1.0,33.125,353.625,4.0,1.0,16.75,296.125,4.0,0.0,0.0,353.625,,0.0,0.0,296.125,,0.0,0.0,0.0,,35.875,4.0,1.0,42.5,927.5,4.0,1.0,29.25,879.875,4.0,0.125,1.25,927.5,4.0,1.0,5.625,879.875,4.0,0.125,5.125,434.625,4.0,24.875,0.0,1.0,33.0,354.25,4.0,1.0,16.75,296.625,4.0,0.0,0.0,354.25,,0.0,0.0,296.625,,0.0,0.0,0.0,,0.0,0.0,0.0,0.0,134.75,,0.0,0.0,149.0,,0.0,0.0,134.75,,0.0,0.0,149.0,,0.0,0.0,0.0,,True,,0,0.5833333333333333,True,1.0,0.583333,1.3906125059999113,69.806438136
overlapping_shared_target_association,4,b0_epoch_pause_correlated_3s_10uA,0.0,epoch_pause,correlated,3.0,10.0,160,379,0.0,1.0,1.0,0.0,-1.0,-1.0,0.0,0.0,80,15,15,True,False,0|0|0|0|0|0|0|0|0|0|0|0|0.125|0.25|0.3125|0.5|0.5625|0.5625|0.6875|0.9375|1|1|1|1|1|1|1|1|1|1|1|1|1|1|1|1|1|1|1|1|1|1|1|1|1|1|1|1|1|1|1|1|1|1|1|1|1|1|1|1|1|1|1|1|1|1|1|1|1|1|1|1|1|1|1|1|1|1|1|1|1,134.484718422,1.0,0,1.0,1.0,0.0,0.0,0.35,False,False,False,1.0,1.0,0.0,0.0,81.65360626618627,81.65360626618627,0.0,0.0,0.0,1.2246870184640102e-11,1.2246870184640102e-11,0.9999999999999999,0.9999999999999999,-0.0,0,0,0,0.0,0.0,0.0,0.0,0.0,0.0,135.25,,0.0,0.0,148.625,,0.0,0.0,135.25,,0.0,0.0,148.625,,0.0,0.0,0.0,,1.0,0.0,24.9375,0.0,1.0,33.125,353.625,4.0,1.0,16.75,296.125,4.0,0.0,0.0,353.625,,0.0,0.0,296.125,,0.0,0.0,0.0,,24.8125,0.0,1.0,32.875,354.375,4.0,1.0,16.75,296.75,4.0,0.0,0.0,354.375,,0.0,0.0,296.75,,0.0,0.0,0.0,,24.875,0.0,1.0,33.0,354.25,4.0,1.0,16.75,296.625,4.0,0.0,0.0,354.25,,0.0,0.0,296.625,,0.0,0.0,0.0,,0.0,0.0,0.0,0.0,134.75,,0.0,0.0,149.0,,0.0,0.0,134.75,,0.0,0.0,149.0,,0.0,0.0,0.0,,True,,0,1.0,True,1.0,1,1.5307685599999559,7.003381986999898
overlapping_shared_target_association,4,b0_epoch_pause_correlated_3s_50uA,0.0,epoch_pause,correlated,3.0,50.0,160,379,0.0,1.0,1.0,0.0,-1.0,-1.0,0.0,0.0,80,15,15,True,False,0|0|0|0|0|0|0|0|0|0|0|0|0.125|0.25|0.3125|0.5|0.5625|0.5625|0.6875|0.9375|1|1|1|1|1|1|1|1|1|1|1|1|1|1|1|1|1|1|1|1|1|1|1|1|1|1|1|1|1|1|1|1|1|1|1|1|1|1|1|1|1|1|1|1|1|1|1|1|1|1|1|1|1|1|1|1|1|1|1|1|1,134.484718422,1.0,0,1.0,1.0,0.0,0.0,0.35,False,False,False,1.0,1.0,0.0,0.0,81.65360626618627,81.65360626618627,23.46995710210937,0.0,23.46995710210937,-0.03927015766696851,1.2246870184640102e-11,0.9608042077565484,0.9999999999999999,0.001267691069700321,87575,0,87575,0.0,0.0,0.0,0.0,0.0,0.0,135.25,,0.0,0.0,148.625,,0.0,0.0,135.25,,0.0,0.0,148.625,,0.0,0.0,0.0,,1.0,0.0,24.9375,0.0,1.0,33.125,353.625,4.0,1.0,16.75,296.125,4.0,0.0,0.0,353.625,,0.0,0.0,296.125,,0.0,0.0,0.0,,24.8125,0.0,1.0,32.75,360.875,4.0,1.0,16.875,298.0,4.0,0.0,0.0,360.875,,0.0,0.0,298.0,,0.0,0.0,0.0,,24.875,0.0,1.0,33.0,354.25,4.0,1.0,16.75,296.625,4.0,0.0,0.0,354.25,,0.0,0.0,296.625,,0.0,0.0,0.0,,0.0,0.0,0.0,0.0,134.75,,0.0,0.0,149.0,,0.0,0.0,134.75,,0.0,0.0,149.0,,0.0,0.0,0.0,,True,,0,1.0,True,1.0,1,1.3351430650000111,12.088198454000008
overlapping_shared_target_association,4,b0_epoch_pause_shared_3s_10uA,0.0,epoch_pause,shared,3.0,10.0,160,636,0.0,1.0,1.0,0.0,-1.0,-1.0,0.0,0.0,80,15,15,True,False,0|0|0|0|0|0|0|0|0|0|0|0|0.125|0.25|0.3125|0.5|0.5625|0.5625|0.6875|0.9375|1|1|1|1|1|1|1|1|1|1|1|1|1|1|1|1|1|1|1|1|1|1|1|1|1|1|1|1|1|1|1|1|1|1|1|1|1|1|1|1|1|1|1|1|1|1|1|1|1|1|1|1|1|1|1|1|1|1|1|1|1,134.484718422,1.0,0,1.0,1.0,0.0,0.0,0.35,False,False,False,1.0,1.0,0.0,0.0,81.65360626618627,81.65360626618627,0.0,0.0,0.0,1.2246870184640102e-11,1.2246870184640102e-11,0.9999999999999999,0.9999999999999999,-0.0,0,0,0,0.0,0.0,0.0,0.0,0.0,0.0,135.25,,0.0,0.0,148.625,,0.0,0.0,135.25,,0.0,0.0,148.625,,0.0,0.0,0.0,,1.0,0.0,24.9375,0.0,1.0,33.125,353.625,4.0,1.0,16.75,296.125,4.0,0.0,0.0,353.625,,0.0,0.0,296.125,,0.0,0.0,0.0,,24.8125,0.0,1.0,32.75,355.375,4.0,1.0,16.875,298.375,4.0,0.0,0.0,355.375,,0.0,0.0,298.375,,0.0,0.0,0.0,,24.875,0.0,1.0,33.0,354.25,4.0,1.0,16.75,296.625,4.0,0.0,0.0,354.25,,0.0,0.0,296.625,,0.0,0.0,0.0,,0.0,0.0,0.0,0.0,134.75,,0.0,0.0,149.0,,0.0,0.0,134.75,,0.0,0.0,149.0,,0.0,0.0,0.0,,True,,0,1.0,True,1.0,1,1.4878747279999516,6.924917410000035
overlapping_shared_target_association,4,b0_epoch_pause_shared_3s_50uA,0.0,epoch_pause,shared,3.0,50.0,160,636,0.0,1.0,1.0,0.0,-1.0,-1.0,0.0,0.0,80,15,15,True,False,0|0|0|0|0|0|0|0|0|0|0|0|0.125|0.25|0.3125|0.5|0.5625|0.5625|0.6875|0.9375|1|1|1|1|1|1|1|1|1|1|1|1|1|1|1|1|1|1|1|1|1|1|1|1|1|1|1|1|1|1|1|1|1|1|1|1|1|1|1|1|1|1|1|1|1|1|1|1|1|1|1|1|1|1|1|1|1|1|1|1|1,134.484718422,1.0,0,0.9583333333333334,1.0,-0.04166666666666663,0.04166666666666663,0.35,True,False,False,1.0,1.0,0.041666666666666664,0.0,81.65360626618627,81.65360626618627,33.64702435209837,0.0,33.64702435209837,-0.08603404428531025,1.2246870184640102e-11,0.9255145345596092,0.9999999999999999,-0.004834015085349817,201153,0,201153,0.0,0.0,0.0,0.0,0.0,0.0,135.25,,0.0,0.0,148.625,,0.0,0.0,135.25,,0.0,0.0,148.625,,0.0,0.0,0.0,,1.0,0.0,24.9375,0.0,1.0,33.125,353.625,4.0,1.0,16.75,296.125,4.0,0.0,0.0,353.625,,0.0,0.0,296.125,,0.0,0.0,0.0,,26.0625,0.08333333333333333,1.0,34.625,372.375,4.0,1.0,17.5,309.75,4.0,0.0,0.0,372.375,,0.125,0.25,309.75,4.0,0.0,0.0,0.0,,24.875,0.0,1.0,33.0,354.25,4.0,1.0,16.75,296.625,4.0,0.0,0.0,354.25,,0.0,0.0,296.625,,0.0,0.0,0.0,,0.0,0.0,0.0,0.0,134.75,,0.0,0.0,149.0,,0.0,0.0,134.75,,0.0,0.0,149.0,,0.0,0.0,0.0,,True,,0,0.9583333333333334,True,1.0,0.958333,1.2662133889999723,17.08693654900003
overlapping_shared_target_association,4,b0_gated_burst_correlated_3s_10uA,0.0,gated_burst,correlated,3.0,10.0,160,615,0.0,1.0,1.0,0.0,-1.0,-1.0,0.0,0.0,80,15,15,True,False,0|0|0|0|0|0|0|0|0|0|0|0|0.125|0.25|0.3125|0.5|0.5625|0.5625|0.6875|0.9375|1|1|1|1|1|1|1|1|1|1|1|1|1|1|1|1|1|1|1|1|1|1|1|1|1|1|1|1|1|1|1|1|1|1|1|1|1|1|1|1|1|1|1|1|1|1|1|1|1|1|1|1|1|1|1|1|1|1|1|1|1,134.484718422,1.0,0,1.0,1.0,0.0,0.0,0.35,False,False,False,1.0,1.0,0.0,0.0,81.65360626618627,81.65360626618627,2.195131282373082,0.0,2.195131282373082,-0.00036129487374148006,1.2246870184640102e-11,0.9996352014204092,0.9999999999999999,-0.0,1290,0,1290,0.0,0.0,0.0,0.0,0.0,0.0,135.25,,0.0,0.0,148.625,,0.0,0.0,135.25,,0.0,0.0,148.625,,0.0,0.0,0.0,,1.0,0.0,24.9375,0.0,1.0,33.125,353.625,4.0,1.0,16.75,296.125,4.0,0.0,0.0,353.625,,0.0,0.0,296.125,,0.0,0.0,0.0,,24.875,0.0,1.0,33.0,354.25,4.0,1.0,16.75,296.625,4.0,0.0,0.0,354.25,,0.0,0.0,296.625,,0.0,0.0,0.0,,24.875,0.0,1.0,33.0,354.25,4.0,1.0,16.75,296.625,4.0,0.0,0.0,354.25,,0.0,0.0,296.625,,0.0,0.0,0.0,,0.0,0.0,0.0,0.0,134.75,,0.0,0.0,149.0,,0.0,0.0,134.75,,0.0,0.0,149.0,,0.0,0.0,0.0,,True,,0,1.0,True,1.0,1,1.4000625430001037,6.603159049000055
overlapping_shared_target_association,4,b0_gated_burst_correlated_3s_50uA,0.0,gated_burst,correlated,3.0,50.0,160,615,0.0,1.0,1.0,0.0,-1.0,-1.0,0.0,0.0,80,15,15,True,False,0|0|0|0|0|0|0|0|0|0|0|0|0.125|0.25|0.3125|0.5|0.5625|0.5625|0.6875|0.9375|1|1|1|1|1|1|1|1|1|1|1|1|1|1|1|1|1|1|1|1|1|1|1|1|1|1|1|1|1|1|1|1|1|1|1|1|1|1|1|1|1|1|1|1|1|1|1|1|1|1|1|1|1|1|1|1|1|1|1|1|1,134.484718422,1.0,0,1.0,1.0,0.0,0.0,0.35,False,False,False,1.0,1.0,0.0,0.0,81.65360626618627,81.65360626618627,62.899971454377145,0.0,62.899971454377145,-0.2688864471965775,1.2246870184640102e-11,0.7930085055379666,0.9999999999999999,-0.008334622041151965,333967,0,333967,0.0,0.0,0.0,0.0,0.0,0.0,135.25,,0.0,0.0,148.625,,0.0,0.0,135.25,,0.0,0.0,148.625,,0.0,0.0,0.0,,1.0,0.0,24.9375,0.0,1.0,33.125,353.625,4.0,1.0,16.75,296.125,4.0,0.0,0.0,353.625,,0.0,0.0,296.125,,0.0,0.0,0.0,,26.4375,0.0,1.0,35.875,376.0,4.0,1.0,17.0,304.375,4.0,0.0,0.0,376.0,,0.0,0.0,304.375,,0.0,0.0,0.0,,24.875,0.0,1.0,33.0,354.25,4.0,1.0,16.75,296.625,4.0,0.0,0.0,354.25,,0.0,0.0,296.625,,0.0,0.0,0.0,,0.0,0.0,0.0,0.0,134.75,,0.0,0.0,149.0,,0.0,0.0,134.75,,0.0,0.0,149.0,,0.0,0.0,0.0,,True,,0,1.0,True,1.0,1,1.2900018870000167,21.308493661000057
overlapping_shared_target_association,4,b0_gated_burst_shared_3s_10uA,0.0,gated_burst,shared,3.0,10.0,160,1052,0.0,1.0,1.0,0.0,-1.0,-1.0,0.0,0.0,80,15,15,True,False,0|0|0|0|0|0|0|0|0|0|0|0|0.125|0.25|0.3125|0.5|0.5625|0.5625|0.6875|0.9375|1|1|1|1|1|1|1|1|1|1|1|1|1|1|1|1|1|1|1|1|1|1|1|1|1|1|1|1|1|1|1|1|1|1|1|1|1|1|1|1|1|1|1|1|1|1|1|1|1|1|1|1|1|1|1|1|1|1|1|1|1,134.484718422,1.0,0,1.0,1.0,0.0,0.0,0.35,False,False,False,1.0,1.0,0.0,0.0,81.65360626618627,81.65360626618627,4.140723590771234,0.0,4.140723590771234,-0.0009894567254820075,1.2246870184640102e-11,0.9987036696212279,0.9999999999999999,0.00029584878669899846,5468,0,5468,0.0,0.0,0.0,0.0,0.0,0.0,135.25,,0.0,0.0,148.625,,0.0,0.0,135.25,,0.0,0.0,148.625,,0.0,0.0,0.0,,1.0,0.0,24.9375,0.0,1.0,33.125,353.625,4.0,1.0,16.75,296.125,4.0,0.0,0.0,353.625,,0.0,0.0,296.125,,0.0,0.0,0.0,,24.875,0.0,1.0,33.0,354.125,4.0,1.0,16.75,296.375,4.0,0.0,0.0,354.125,,0.0,0.0,296.375,,0.0,0.0,0.0,,24.875,0.0,1.0,33.0,354.25,4.0,1.0,16.75,296.625,4.0,0.0,0.0,354.25,,0.0,0.0,296.625,,0.0,0.0,0.0,,0.0,0.0,0.0,0.0,134.75,,0.0,0.0,149.0,,0.0,0.0,134.75,,0.0,0.0,149.0,,0.0,0.0,0.0,,True,,0,1.0,True,1.0,1,1.3473404759999994,7.05204083700005
overlapping_shared_target_association,4,b0_gated_burst_shared_3s_50uA,0.0,gated_burst,shared,3.0,50.0,160,1052,0.0,1.0,1.0,0.0,-1.0,-1.0,0.0,0.0,80,15,15,True,False,0|0|0|0|0|0|0|0|0|0|0|0|0.125|0.25|0.3125|0.5|0.5625|0.5625|0.6875|0.9375|1|1|1|1|1|1|1|1|1|1|1|1|1|1|1|1|1|1|1|1|1|1|1|1|1|1|1|1|1|1|1|1|1|1|1|1|1|1|1|1|1|1|1|1|1|1|1|1|1|1|1|1|1|1|1|1|1|1|1|1|1,134.484718422,1.0,0,0.6666666666666667,1.0,-0.33333333333333326,0.33333333333333326,0.35,True,False,False,1.0,1.0,0.3333333333333333,0.0,81.65360626618627,81.65360626618627,144.8490087681284,0.0,144.8490087681284,-1.0375485718730055,1.2246870184640102e-11,0.4852480538135128,0.9999999999999999,-0.002361612108037627,649260,0,649260,0.0,0.0,0.0,0.0,0.0,0.0,135.25,,0.0,0.0,148.625,,0.0,0.0,135.25,,0.0,0.0,148.625,,0.0,0.0,0.0,,1.0,0.0,24.9375,0.0,1.0,33.125,353.625,4.0,1.0,16.75,296.125,4.0,0.0,0.0,353.625,,0.0,0.0,296.125,,0.0,0.0,0.0,,27.9375,0.3333333333333333,1.0,37.75,389.625,4.0,1.0,18.125,321.625,4.0,0.0,0.0,389.625,,1.0,1.0,321.625,5.75,0.0,0.0,0.0,,24.875,0.0,1.0,33.0,354.25,4.0,1.0,16.75,296.625,4.0,0.0,0.0,354.25,,0.0,0.0,296.625,,0.0,0.0,0.0,,0.0,0.0,0.0,0.0,134.75,,0.0,0.0,149.0,,0.0,0.0,134.75,,0.0,0.0,149.0,,0.0,0.0,0.0,,True,,0,0.6666666666666667,True,1.0,0.666667,1.410646724000003,37.423078808000014
overlapping_shared_target_association,4,b0_static_correlated_3s_10uA,0.0,static,correlated,3.0,10.0,160,529,0.0,1.0,1.0,0.0,-1.0,-1.0,0.0,0.0,80,15,15,True,False,0|0|0|0|0|0|0|0|0|0|0|0|0.125|0.25|0.3125|0.5|0.5625|0.5625|0.6875|0.9375|1|1|1|1|1|1|1|1|1|1|1|1|1|1|1|1|1|1|1|1|1|1|1|1|1|1|1|1|1|1|1|1|1|1|1|1|1|1|1|1|1|1|1|1|1|1|1|1|1|1|1|1|1|1|1|1|1|1|1|1|1,134.484718422,1.0,0,1.0,1.0,0.0,0.0,0.35,False,False,False,1.0,1.0,0.0,0.0,81.65360626618627,81.65360626618627,0.0,0.0,0.0,1.2246870184640102e-11,1.2246870184640102e-11,0.9999999999999999,0.9999999999999999,-0.0,0,0,0,0.0,0.0,0.0,0.0,0.0,0.0,135.25,,0.0,0.0,148.625,,0.0,0.0,135.25,,0.0,0.0,148.625,,0.0,0.0,0.0,,1.0,0.0,24.9375,0.0,1.0,33.125,353.625,4.0,1.0,16.75,296.125,4.0,0.0,0.0,353.625,,0.0,0.0,296.125,,0.0,0.0,0.0,,24.875,0.0,1.0,33.0,354.25,4.0,1.0,16.75,296.625,4.0,0.0,0.0,354.25,,0.0,0.0,296.625,,0.0,0.0,0.0,,24.875,0.0,1.0,33.0,354.25,4.0,1.0,16.75,296.625,4.0,0.0,0.0,354.25,,0.0,0.0,296.625,,0.0,0.0,0.0,,0.0,0.0,0.0,0.0,134.75,,0.0,0.0,149.0,,0.0,0.0,134.75,,0.0,0.0,149.0,,0.0,0.0,0.0,,True,,0,1.0,True,1.0,1,1.5689928379999856,7.101425775999928
overlapping_shared_target_association,4,b0_static_correlated_3s_50uA,0.0,static,correlated,3.0,50.0,160,529,0.0,1.0,1.0,0.0,-1.0,-1.0,0.0,0.0,80,15,15,True,False,0|0|0|0|0|0|0|0|0|0|0|0|0.125|0.25|0.3125|0.5|0.5625|0.5625|0.6875|0.9375|1|1|1|1|1|1|1|1|1|1|1|1|1|1|1|1|1|1|1|1|1|1|1|1|1|1|1|1|1|1|1|1|1|1|1|1|1|1|1|1|1|1|1|1|1|1|1|1|1|1|1|1|1|1|1|1|1|1|1|1|1,134.484718422,1.0,0,1.0,1.0,0.0,0.0,0.35,False,False,False,1.0,1.0,0.0,0.0,81.65360626618627,81.65360626618627,29.88084890658774,0.0,29.88084890658774,-0.06424361156650948,1.2246870184640102e-11,0.9388402560713103,0.9999999999999999,0.0006511767482455558,120810,0,120810,0.0,0.0,0.0,0.0,0.0,0.0,135.25,,0.0,0.0,148.625,,0.0,0.0,135.25,,0.0,0.0,148.625,,0.0,0.0,0.0,,1.0,0.0,24.9375,0.0,1.0,33.125,353.625,4.0,1.0,16.75,296.125,4.0,0.0,0.0,353.625,,0.0,0.0,296.125,,0.0,0.0,0.0,,24.875,0.0,1.0,32.5,360.0,4.0,1.0,17.25,301.5,4.0,0.0,0.0,360.0,,0.0,0.0,301.5,,0.0,0.0,0.0,,24.875,0.0,1.0,33.0,354.25,4.0,1.0,16.75,296.625,4.0,0.0,0.0,354.25,,0.0,0.0,296.625,,0.0,0.0,0.0,,0.0,0.0,0.0,0.0,134.75,,0.0,0.0,149.0,,0.0,0.0,134.75,,0.0,0.0,149.0,,0.0,0.0,0.0,,True,,0,1.0,True,1.0,1,1.3062546769999699,14.188253474000021
overlapping_shared_target_association,4,b0_static_shared_3s_10uA,0.0,static,shared,3.0,10.0,160,896,0.0,1.0,1.0,0.0,-1.0,-1.0,0.0,0.0,80,15,15,True,False,0|0|0|0|0|0|0|0|0|0|0|0|0.125|0.25|0.3125|0.5|0.5625|0.5625|0.6875|0.9375|1|1|1|1|1|1|1|1|1|1|1|1|1|1|1|1|1|1|1|1|1|1|1|1|1|1|1|1|1|1|1|1|1|1|1|1|1|1|1|1|1|1|1|1|1|1|1|1|1|1|1|1|1|1|1|1|1|1|1|1|1,134.484718422,1.0,0,1.0,1.0,0.0,0.0,0.35,False,False,False,1.0,1.0,0.0,0.0,81.65360626618627,81.65360626618627,0.0,0.0,0.0,1.2246870184640102e-11,1.2246870184640102e-11,0.9999999999999999,0.9999999999999999,-0.0,1,0,1,0.0,0.0,0.0,0.0,0.0,0.0,135.25,,0.0,0.0,148.625,,0.0,0.0,135.25,,0.0,0.0,148.625,,0.0,0.0,0.0,,1.0,0.0,24.9375,0.0,1.0,33.125,353.625,4.0,1.0,16.75,296.125,4.0,0.0,0.0,353.625,,0.0,0.0,296.125,,0.0,0.0,0.0,,24.875,0.0,1.0,33.0,354.25,4.0,1.0,16.75,296.625,4.0,0.0,0.0,354.25,,0.0,0.0,296.625,,0.0,0.0,0.0,,24.875,0.0,1.0,33.0,354.25,4.0,1.0,16.75,296.625,4.0,0.0,0.0,354.25,,0.0,0.0,296.625,,0.0,0.0,0.0,,0.0,0.0,0.0,0.0,134.75,,0.0,0.0,149.0,,0.0,0.0,134.75,,0.0,0.0,149.0,,0.0,0.0,0.0,,True,,0,1.0,True,1.0,1,1.4572446270000228,6.779079901999921
overlapping_shared_target_association,4,b0_static_shared_3s_50uA,0.0,static,shared,3.0,50.0,160,896,0.0,1.0,1.0,0.0,-1.0,-1.0,0.0,0.0,80,15,15,True,False,0|0|0|0|0|0|0|0|0|0|0|0|0.125|0.25|0.3125|0.5|0.5625|0.5625|0.6875|0.9375|1|1|1|1|1|1|1|1|1|1|1|1|1|1|1|1|1|1|1|1|1|1|1|1|1|1|1|1|1|1|1|1|1|1|1|1|1|1|1|1|1|1|1|1|1|1|1|1|1|1|1|1|1|1|1|1|1|1|1|1|1,134.484718422,1.0,0,1.0,1.0,0.0,0.0,0.35,False,False,False,1.0,1.0,0.0,0.0,81.65360626618627,81.65360626618627,45.470559301132326,0.0,45.470559301132326,-0.1499643771700263,1.2246870184640102e-11,0.8747585931878616,0.9999999999999999,-0.006156147702541552,297205,0,297205,0.0,0.0,0.0,0.0,0.0,0.0,135.25,,0.0,0.0,148.625,,0.0,0.0,135.25,,0.0,0.0,148.625,,0.0,0.0,0.0,,1.0,0.0,24.9375,0.0,1.0,33.125,353.625,4.0,1.0,16.75,296.125,4.0,0.0,0.0,353.625,,0.0,0.0,296.125,,0.0,0.0,0.0,,27.0,0.0,1.0,34.375,364.125,4.0,1.0,19.625,306.625,4.0,0.0,0.0,364.125,,0.0,0.0,306.625,,0.0,0.0,0.0,,24.875,0.0,1.0,33.0,354.25,4.0,1.0,16.75,296.625,4.0,0.0,0.0,354.25,,0.0,0.0,296.625,,0.0,0.0,0.0,,0.0,0.0,0.0,0.0,134.75,,0.0,0.0,149.0,,0.0,0.0,134.75,,0.0,0.0,149.0,,0.0,0.0,0.0,,True,,0,1.0,True,1.0,1,1.2812348349999638,23.817330663999996
overlapping_shared_target_association,4,b2_alternating_blue_red_correlated_3s_10uA,2.0,alternating_blue_red,correlated,3.0,10.0,160,550,0.0,1.0,1.0,0.0,-1.0,-1.0,0.0,0.0,80,15,15,True,False,0|0|0|0|0|0|0|0|0|0|0|0|0.125|0.25|0.3125|0.5|0.5625|0.5625|0.6875|0.9375|1|1|1|1|1|1|1|1|1|1|1|1|1|1|1|1|1|1|1|1|1|1|1|1|1|1|1|1|1|1|1|1|1|1|1|1|1|1|1|1|1|1|1|1|1|1|1|1|1|1|1|1|1|1|1|1|1|1|1|1|1,134.484718422,1.0,0,1.0,1.0,0.0,0.0,0.35,False,False,False,1.0,1.0,0.0,0.0,81.65360626618627,81.65360626618627,0.0,0.0,0.0,1.2246870184640102e-11,1.2246870184640102e-11,0.9999999999999999,0.9999999999999999,-0.0,0,0,0,0.0,0.0,0.0,0.0,0.0,0.0,135.25,,0.0,0.0,148.625,,0.0,0.0,135.25,,0.0,0.0,148.625,,0.0,0.0,0.0,,1.0,0.0,24.9375,0.0,1.0,33.125,353.625,4.0,1.0,16.75,296.125,4.0,0.0,0.0,353.625,,0.0,0.0,296.125,,0.0,0.0,0.0,,24.8125,0.0,1.0,32.875,354.25,4.0,1.0,16.75,297.25,4.0,0.0,0.0,354.25,,0.0,0.0,297.25,,0.0,0.0,0.0,,24.875,0.0,1.0,33.0,354.25,4.0,1.0,16.75,296.625,4.0,0.0,0.0,354.25,,0.0,0.0,296.625,,0.0,0.0,0.0,,0.0,0.0,0.0,0.0,134.75,,0.0,0.0,149.0,,0.0,0.0,134.75,,0.0,0.0,149.0,,0.0,0.0,0.0,,True,,0,1.0,True,1.0,1,1.4557351099999778,6.62722404200008
overlapping_shared_target_association,4,b2_alternating_blue_red_correlated_3s_50uA,2.0,alternating_blue_red,correlated,3.0,50.0,160,550,0.0,1.0,1.0,0.0,-1.0,-1.0,0.0,0.0,80,15,15,True,False,0|0|0|0|0|0|0|0|0|0|0|0|0.125|0.25|0.3125|0.5|0.5625|0.5625|0.6875|0.9375|1|1|1|1|1|1|1|1|1|1|1|1|1|1|1|1|1|1|1|1|1|1|1|1|1|1|1|1|1|1|1|1|1|1|1|1|1|1|1|1|1|1|1|1|1|1|1|1|1|1|1|1|1|1|1|1|1|1|1|1|1,134.484718422,1.0,0,0.9583333333333334,1.0,-0.04166666666666663,0.04166666666666663,0.35,True,False,False,1.0,1.0,0.041666666666666664,0.0,81.65360626618627,81.65360626618627,32.34663630269198,0.0,32.34663630269198,-0.07608020528621262,1.2246870184640102e-11,0.9295760728480945,0.9999999999999999,-0.0005090266797082013,156193,0,156193,0.0,0.0,0.0,0.0,0.0,0.0,135.25,,0.0,0.0,148.625,,0.0,0.0,135.25,,0.0,0.0,148.625,,0.0,0.0,0.0,,1.0,0.0,24.9375,0.0,1.0,33.125,353.625,4.0,1.0,16.75,296.125,4.0,0.0,0.0,353.625,,0.0,0.0,296.125,,0.0,0.0,0.0,,25.0625,0.2916666666666667,1.0,33.125,363.375,4.0,1.0,17.0,309.5,4.0,0.0,0.0,363.375,,0.125,0.875,309.5,4.0,0.0,0.0,0.0,,24.875,0.0,1.0,33.0,354.25,4.0,1.0,16.75,296.625,4.0,0.0,0.0,354.25,,0.0,0.0,296.625,,0.0,0.0,0.0,,0.0,0.0,0.0,0.0,134.75,,0.0,0.0,149.0,,0.0,0.0,134.75,,0.0,0.0,149.0,,0.0,0.0,0.0,,True,,0,0.9583333333333334,True,1.0,0.958333,1.2658338960000037,15.383236171000135
overlapping_shared_target_association,4,b2_alternating_blue_red_shared_3s_10uA,2.0,alternating_blue_red,shared,3.0,10.0,160,893,0.0,1.0,1.0,0.0,-1.0,-1.0,0.0,0.0,80,15,15,True,False,0|0|0|0|0|0|0|0|0|0|0|0|0.125|0.25|0.3125|0.5|0.5625|0.5625|0.6875|0.9375|1|1|1|1|1|1|1|1|1|1|1|1|1|1|1|1|1|1|1|1|1|1|1|1|1|1|1|1|1|1|1|1|1|1|1|1|1|1|1|1|1|1|1|1|1|1|1|1|1|1|1|1|1|1|1|1|1|1|1|1|1,134.484718422,1.0,0,1.0,1.0,0.0,0.0,0.35,False,False,False,1.0,1.0,0.0,0.0,81.65360626618627,81.65360626618627,0.0,0.0,0.0,1.2246870184640102e-11,1.2246870184640102e-11,0.9999999999999999,0.9999999999999999,-0.0,0,0,0,0.0,0.0,0.0,0.0,0.0,0.0,135.25,,0.0,0.0,148.625,,0.0,0.0,135.25,,0.0,0.0,148.625,,0.0,0.0,0.0,,1.0,0.0,24.9375,0.0,1.0,33.125,353.625,4.0,1.0,16.75,296.125,4.0,0.0,0.0,353.625,,0.0,0.0,296.125,,0.0,0.0,0.0,,24.8125,0.0,1.0,32.875,354.625,4.0,1.0,16.75,297.0,4.0,0.0,0.0,354.625,,0.0,0.0,297.0,,0.0,0.0,0.0,,24.875,0.0,1.0,33.0,354.25,4.0,1.0,16.75,296.625,4.0,0.0,0.0,354.25,,0.0,0.0,296.625,,0.0,0.0,0.0,,0.0,0.0,0.0,0.0,134.75,,0.0,0.0,149.0,,0.0,0.0,134.75,,0.0,0.0,149.0,,0.0,0.0,0.0,,True,,0,1.0,True,1.0,1,1.4483114299999897,6.799875920999966
overlapping_shared_target_association,4,b2_alternating_blue_red_shared_3s_50uA,2.0,alternating_blue_red,shared,3.0,50.0,160,893,0.0,1.0,1.0,0.0,-1.0,-1.0,0.0,0.0,80,15,15,True,False,0|0|0|0|0|0|0|0|0|0|0|0|0.125|0.25|0.3125|0.5|0.5625|0.5625|0.6875|0.9375|1|1|1|1|1|1|1|1|1|1|1|1|1|1|1|1|1|1|1|1|1|1|1|1|1|1|1|1|1|1|1|1|1|1|1|1|1|1|1|1|1|1|1|1|1|1|1|1|1|1|1|1|1|1|1|1|1|1|1|1|1,134.484718422,1.0,0,0.9583333333333334,1.0,-0.04166666666666663,0.04166666666666663,0.35,True,False,False,1.0,1.0,0.041666666666666664,0.0,81.65360626618627,81.65360626618627,48.5194779318869,0.0,48.5194779318869,-0.16804432648668133,1.2246870184640102e-11,0.8604402544808414,0.9999999999999999,-0.0056203678706392285,324309,0,324309,0.0,0.0,0.0,0.0,0.0,0.0,135.25,,0.0,0.0,148.625,,0.0,0.0,135.25,,0.0,0.0,148.625,,0.0,0.0,0.0,,1.0,0.0,24.9375,0.0,1.0,33.125,353.625,4.0,1.0,16.75,296.125,4.0,0.0,0.0,353.625,,0.0,0.0,296.125,,0.0,0.0,0.0,,27.3125,0.125,1.0,36.0,386.0,4.0,1.0,18.625,322.0,4.0,0.0,0.0,386.0,,0.125,0.375,322.0,4.0,0.0,0.0,0.0,,24.875,0.0,1.0,33.0,354.25,4.0,1.0,16.75,296.625,4.0,0.0,0.0,354.25,,0.0,0.0,296.625,,0.0,0.0,0.0,,0.0,0.0,0.0,0.0,134.75,,0.0,0.0,149.0,,0.0,0.0,134.75,,0.0,0.0,149.0,,0.0,0.0,0.0,,True,,0,0.9583333333333334,True,1.0,0.958333,1.2539603239999906,23.015359812000042
overlapping_shared_target_association,4,b2_chirp_correlated_3s_10uA,2.0,chirp,correlated,3.0,10.0,160,1013,0.0,1.0,1.0,0.0,-1.0,-1.0,0.0,0.0,80,15,15,True,False,0|0|0|0|0|0|0|0|0|0|0|0|0.125|0.25|0.3125|0.5|0.5625|0.5625|0.6875|0.9375|1|1|1|1|1|1|1|1|1|1|1|1|1|1|1|1|1|1|1|1|1|1|1|1|1|1|1|1|1|1|1|1|1|1|1|1|1|1|1|1|1|1|1|1|1|1|1|1|1|1|1|1|1|1|1|1|1|1|1|1|1,134.484718422,1.0,0,1.0,1.0,0.0,0.0,0.35,False,False,False,1.0,1.0,0.0,0.0,81.65360626618627,81.65360626618627,2.1143961186138323,0.0,2.1143961186138323,0.00038371047090646204,1.2246870184640102e-11,0.9996612755326244,0.9999999999999999,0.0007189047382098866,2010,0,2010,0.0,0.0,0.0,0.0,0.0,0.0,135.25,,0.0,0.0,148.625,,0.0,0.0,135.25,,0.0,0.0,148.625,,0.0,0.0,0.0,,1.0,0.0,24.9375,0.0,1.0,33.125,353.625,4.0,1.0,16.75,296.125,4.0,0.0,0.0,353.625,,0.0,0.0,296.125,,0.0,0.0,0.0,,24.9375,0.0,1.0,33.125,357.75,4.0,1.0,16.75,299.75,4.0,0.0,0.0,357.75,,0.0,0.0,299.75,,0.0,0.0,0.0,,24.875,0.0,1.0,33.0,354.25,4.0,1.0,16.75,296.625,4.0,0.0,0.0,354.25,,0.0,0.0,296.625,,0.0,0.0,0.0,,0.0,0.0,0.0,0.0,134.75,,0.0,0.0,149.0,,0.0,0.0,134.75,,0.0,0.0,149.0,,0.0,0.0,0.0,,True,,0,1.0,True,1.0,1,1.3699974690000545,6.849992795999924
overlapping_shared_target_association,4,b2_chirp_correlated_3s_50uA,2.0,chirp,correlated,3.0,50.0,160,1013,0.0,1.0,1.0,0.0,-1.0,-1.0,0.0,0.0,80,15,15,True,False,0|0|0|0|0|0|0|0|0|0|0|0|0.125|0.25|0.3125|0.5|0.5625|0.5625|0.6875|0.9375|1|1|1|1|1|1|1|1|1|1|1|1|1|1|1|1|1|1|1|1|1|1|1|1|1|1|1|1|1|1|1|1|1|1|1|1|1|1|1|1|1|1|1|1|1|1|1|1|1|1|1|1|1|1|1|1|1|1|1|1|1,134.484718422,1.0,0,0.9583333333333334,1.0,-0.04166666666666663,0.04166666666666663,0.35,True,False,False,1.0,1.0,0.041666666666666664,0.0,81.65360626618627,81.65360626618627,69.63916130929474,0.0,69.63916130929474,-0.3210004928693384,1.2246870184640102e-11,0.7608866480272395,0.9999999999999999,-0.008835364952378555,424266,0,424266,0.0,0.0,0.0,0.0,0.0,0.0,135.25,,0.0,0.0,148.625,,0.0,0.0,135.25,,0.0,0.0,148.625,,0.0,0.0,0.0,,1.0,0.0,24.9375,0.0,1.0,33.125,353.625,4.0,1.0,16.75,296.125,4.0,0.0,0.0,353.625,,0.0,0.0,296.125,,0.0,0.0,0.0,,26.4375,0.20833333333333334,1.0,35.375,413.875,4.0,1.0,17.5,347.125,4.0,0.0,0.0,413.875,,0.125,0.625,347.125,4.0,0.0,0.0,8.875,,24.875,0.0,1.0,33.0,354.25,4.0,1.0,16.75,296.625,4.0,0.0,0.0,354.25,,0.0,0.0,296.625,,0.0,0.0,0.0,,0.0,0.0,0.0,0.0,134.75,,0.0,0.0,149.0,,0.0,0.0,134.75,,0.0,0.0,149.0,,0.0,0.0,0.0,,True,,0,0.9583333333333334,True,1.0,0.958333,1.3354086140000163,26.74990455599982
overlapping_shared_target_association,4,b2_chirp_shared_3s_10uA,2.0,chirp,shared,3.0,10.0,160,1754,0.0,1.0,1.0,0.0,-1.0,-1.0,0.0,0.0,80,15,15,True,False,0|0|0|0|0|0|0|0|0|0|0|0|0.125|0.25|0.3125|0.5|0.5625|0.5625|0.6875|0.9375|1|1|1|1|1|1|1|1|1|1|1|1|1|1|1|1|1|1|1|1|1|1|1|1|1|1|1|1|1|1|1|1|1|1|1|1|1|1|1|1|1|1|1|1|1|1|1|1|1|1|1|1|1|1|1|1|1|1|1|1|1,134.484718422,1.0,0,0.9583333333333334,1.0,-0.04166666666666663,0.04166666666666663,0.35,True,False,False,1.0,1.0,0.041666666666666664,0.0,81.65360626618627,81.65360626618627,6.013326932870796,0.0,6.013326932870796,4.0610685979158845e-05,1.2246870184640102e-11,0.9972661559504585,0.9999999999999999,0.0027523551497240133,8235,0,8235,0.0,0.0,0.0,0.0,0.0,0.0,135.25,,0.0,0.0,148.625,,0.0,0.0,135.25,,0.0,0.0,148.625,,0.0,0.0,0.0,,1.0,0.0,24.9375,0.0,1.0,33.125,353.625,4.0,1.0,16.75,296.125,4.0,0.0,0.0,353.625,,0.0,0.0,296.125,,0.0,0.0,0.0,,24.75,0.16666666666666666,1.0,32.5,368.0,4.0,1.0,17.0,307.375,4.0,0.0,0.0,368.0,,0.125,0.5,307.375,4.0,0.0,0.0,0.0,,24.875,0.0,1.0,33.0,354.25,4.0,1.0,16.75,296.625,4.0,0.0,0.0,354.25,,0.0,0.0,296.625,,0.0,0.0,0.0,,0.0,0.0,0.0,0.0,134.75,,0.0,0.0,149.0,,0.0,0.0,134.75,,0.0,0.0,149.0,,0.0,0.0,0.0,,True,,0,0.9583333333333334,True,1.0,0.958333,1.3173913949999587,7.103739144999963
overlapping_shared_target_association,4,b2_chirp_shared_3s_50uA,2.0,chirp,shared,3.0,50.0,160,1754,0.0,1.0,1.0,0.0,-1.0,-1.0,0.0,0.0,80,15,15,True,False,0|0|0|0|0|0|0|0|0|0|0|0|0.125|0.25|0.3125|0.5|0.5625|0.5625|0.6875|0.9375|1|1|1|1|1|1|1|1|1|1|1|1|1|1|1|1|1|1|1|1|1|1|1|1|1|1|1|1|1|1|1|1|1|1|1|1|1|1|1|1|1|1|1|1|1|1|1|1|1|1|1|1|1|1|1|1|1|1|1|1|1,134.484718422,1.0,0,0.5833333333333333,1.0,-0.41666666666666674,0.41666666666666674,0.35,True,False,False,1.0,1.0,0.4166666666666667,0.0,81.65360626618627,81.65360626618627,161.75877841507364,0.0,161.75877841507364,-1.218541073641604,1.2246870184640102e-11,0.44129071163111455,0.9999999999999999,0.0012906575292255752,896888,0,896888,0.0,0.0,0.0,0.0,0.0,0.0,135.25,,0.0,0.0,148.625,,0.0,0.0,135.25,,0.0,0.0,148.625,,0.0,0.0,0.0,,1.0,0.0,24.9375,0.0,1.0,33.125,353.625,4.0,1.0,16.75,296.125,4.0,0.0,0.0,353.625,,0.0,0.0,296.125,,0.0,0.0,0.0,,30.5625,1.4583333333333333,1.0,38.875,467.25,4.0,1.0,22.25,402.625,4.0,0.125,0.125,467.25,4.0,1.0,3.875,402.625,4.0,0.125,0.375,27.875,4.0,24.875,0.0,1.0,33.0,354.25,4.0,1.0,16.75,296.625,4.0,0.0,0.0,354.25,,0.0,0.0,296.625,,0.0,0.0,0.0,,0.0,0.0,0.0,0.0,134.75,,0.0,0.0,149.0,,0.0,0.0,134.75,,0.0,0.0,149.0,,0.0,0.0,0.0,,True,,0,0.5833333333333333,True,1.0,0.583333,1.3864128779998737,49.061773259000006
overlapping_shared_target_association,4,b2_epoch_pause_correlated_3s_10uA,2.0,epoch_pause,correlated,3.0,10.0,160,250,0.0,1.0,1.0,0.0,-1.0,-1.0,0.0,0.0,80,15,15,True,False,0|0|0|0|0|0|0|0|0|0|0|0|0.125|0.25|0.3125|0.5|0.5625|0.5625|0.6875|0.9375|1|1|1|1|1|1|1|1|1|1|1|1|1|1|1|1|1|1|1|1|1|1|1|1|1|1|1|1|1|1|1|1|1|1|1|1|1|1|1|1|1|1|1|1|1|1|1|1|1|1|1|1|1|1|1|1|1|1|1|1|1,134.484718422,1.0,0,1.0,1.0,0.0,0.0,0.35,False,False,False,1.0,1.0,0.0,0.0,81.65360626618627,81.65360626618627,0.0,0.0,0.0,1.2246870184640102e-11,1.2246870184640102e-11,0.9999999999999999,0.9999999999999999,-0.0,0,0,0,0.0,0.0,0.0,0.0,0.0,0.0,135.25,,0.0,0.0,148.625,,0.0,0.0,135.25,,0.0,0.0,148.625,,0.0,0.0,0.0,,1.0,0.0,24.9375,0.0,1.0,33.125,353.625,4.0,1.0,16.75,296.125,4.0,0.0,0.0,353.625,,0.0,0.0,296.125,,0.0,0.0,0.0,,24.75,0.0,1.0,32.75,354.5,4.0,1.0,16.75,297.125,4.0,0.0,0.0,354.5,,0.0,0.0,297.125,,0.0,0.0,0.0,,24.875,0.0,1.0,33.0,354.25,4.0,1.0,16.75,296.625,4.0,0.0,0.0,354.25,,0.0,0.0,296.625,,0.0,0.0,0.0,,0.0,0.0,0.0,0.0,134.75,,0.0,0.0,149.0,,0.0,0.0,134.75,,0.0,0.0,149.0,,0.0,0.0,0.0,,True,,0,1.0,True,1.0,1,1.466013686999986,6.636740677000034
overlapping_shared_target_association,4,b2_epoch_pause_correlated_3s_50uA,2.0,epoch_pause,correlated,3.0,50.0,160,250,0.0,1.0,1.0,0.0,-1.0,-1.0,0.0,0.0,80,15,15,True,False,0|0|0|0|0|0|0|0|0|0|0|0|0.125|0.25|0.3125|0.5|0.5625|0.5625|0.6875|0.9375|1|1|1|1|1|1|1|1|1|1|1|1|1|1|1|1|1|1|1|1|1|1|1|1|1|1|1|1|1|1|1|1|1|1|1|1|1|1|1|1|1|1|1|1|1|1|1|1|1|1|1|1|1|1|1|1|1|1|1|1|1,134.484718422,1.0,0,1.0,1.0,0.0,0.0,0.35,False,False,False,1.0,1.0,0.0,0.0,81.65360626618627,81.65360626618627,18.060520368352943,0.0,18.060520368352943,-0.026623184328971705,1.2246870184640102e-11,0.9763640292308623,0.9999999999999999,-0.0025162673289951605,61724,0,61724,0.0,0.0,0.0,0.0,0.0,0.0,135.25,,0.0,0.0,148.625,,0.0,0.0,135.25,,0.0,0.0,148.625,,0.0,0.0,0.0,,1.0,0.0,24.9375,0.0,1.0,33.125,353.625,4.0,1.0,16.75,296.125,4.0,0.0,0.0,353.625,,0.0,0.0,296.125,,0.0,0.0,0.0,,24.4375,0.0,1.0,32.375,368.875,4.0,1.0,16.5,309.0,4.0,0.0,0.0,368.875,,0.0,0.0,309.0,,0.0,0.0,3.0,,24.875,0.0,1.0,33.0,354.25,4.0,1.0,16.75,296.625,4.0,0.0,0.0,354.25,,0.0,0.0,296.625,,0.0,0.0,0.0,,0.0,0.0,0.0,0.0,134.75,,0.0,0.0,149.0,,0.0,0.0,134.75,,0.0,0.0,149.0,,0.0,0.0,0.0,,True,,0,1.0,True,1.0,1,1.2941041509998286,9.890825781999865
overlapping_shared_target_association,4,b2_epoch_pause_shared_3s_10uA,2.0,epoch_pause,shared,3.0,10.0,160,359,0.0,1.0,1.0,0.0,-1.0,-1.0,0.0,0.0,80,15,15,True,False,0|0|0|0|0|0|0|0|0|0|0|0|0.125|0.25|0.3125|0.5|0.5625|0.5625|0.6875|0.9375|1|1|1|1|1|1|1|1|1|1|1|1|1|1|1|1|1|1|1|1|1|1|1|1|1|1|1|1|1|1|1|1|1|1|1|1|1|1|1|1|1|1|1|1|1|1|1|1|1|1|1|1|1|1|1|1|1|1|1|1|1,134.484718422,1.0,0,1.0,1.0,0.0,0.0,0.35,False,False,False,1.0,1.0,0.0,0.0,81.65360626618627,81.65360626618627,0.0,0.0,0.0,1.2246870184640102e-11,1.2246870184640102e-11,0.9999999999999999,0.9999999999999999,-0.0,0,0,0,0.0,0.0,0.0,0.0,0.0,0.0,135.25,,0.0,0.0,148.625,,0.0,0.0,135.25,,0.0,0.0,148.625,,0.0,0.0,0.0,,1.0,0.0,24.9375,0.0,1.0,33.125,353.625,4.0,1.0,16.75,296.125,4.0,0.0,0.0,353.625,,0.0,0.0,296.125,,0.0,0.0,0.0,,24.75,0.0,1.0,32.75,354.625,4.0,1.0,16.75,296.75,4.0,0.0,0.0,354.625,,0.0,0.0,296.75,,0.0,0.0,0.0,,24.875,0.0,1.0,33.0,354.25,4.0,1.0,16.75,296.625,4.0,0.0,0.0,354.25,,0.0,0.0,296.625,,0.0,0.0,0.0,,0.0,0.0,0.0,0.0,134.75,,0.0,0.0,149.0,,0.0,0.0,134.75,,0.0,0.0,149.0,,0.0,0.0,0.0,,True,,0,1.0,True,1.0,1,1.4607260650000171,6.661736582000003
overlapping_shared_target_association,4,b2_epoch_pause_shared_3s_50uA,2.0,epoch_pause,shared,3.0,50.0,160,359,0.0,1.0,1.0,0.0,-1.0,-1.0,0.0,0.0,80,15,15,True,False,0|0|0|0|0|0|0|0|0|0|0|0|0.125|0.25|0.3125|0.5|0.5625|0.5625|0.6875|0.9375|1|1|1|1|1|1|1|1|1|1|1|1|1|1|1|1|1|1|1|1|1|1|1|1|1|1|1|1|1|1|1|1|1|1|1|1|1|1|1|1|1|1|1|1|1|1|1|1|1|1|1|1|1|1|1|1|1|1|1|1|1,134.484718422,1.0,0,1.0,1.0,0.0,0.0,0.35,False,False,False,1.0,1.0,0.0,0.0,81.65360626618627,81.65360626618627,19.89062474111613,0.0,19.89062474111613,-0.03465634625996539,1.2246870184640102e-11,0.9718615847662527,0.9999999999999999,-0.0055869754453751865,84961,0,84961,0.0,0.0,0.0,0.0,0.0,0.0,135.25,,0.0,0.0,148.625,,0.0,0.0,135.25,,0.0,0.0,148.625,,0.0,0.0,0.0,,1.0,0.0,24.9375,0.0,1.0,33.125,353.625,4.0,1.0,16.75,296.125,4.0,0.0,0.0,353.625,,0.0,0.0,296.125,,0.0,0.0,0.0,,26.1875,0.0,1.0,34.5,375.5,4.0,1.0,17.875,307.625,4.0,0.0,0.0,375.5,,0.0,0.0,307.625,,0.0,0.0,0.0,,24.875,0.0,1.0,33.0,354.25,4.0,1.0,16.75,296.625,4.0,0.0,0.0,354.25,,0.0,0.0,296.625,,0.0,0.0,0.0,,0.0,0.0,0.0,0.0,134.75,,0.0,0.0,149.0,,0.0,0.0,134.75,,0.0,0.0,149.0,,0.0,0.0,0.0,,True,,0,1.0,True,1.0,1,1.283260139000049,10.935462625000014
overlapping_shared_target_association,4,b2_gated_burst_correlated_3s_10uA,2.0,gated_burst,correlated,3.0,10.0,160,664,0.0,1.0,1.0,0.0,-1.0,-1.0,0.0,0.0,80,15,15,True,False,0|0|0|0|0|0|0|0|0|0|0|0|0.125|0.25|0.3125|0.5|0.5625|0.5625|0.6875|0.9375|1|1|1|1|1|1|1|1|1|1|1|1|1|1|1|1|1|1|1|1|1|1|1|1|1|1|1|1|1|1|1|1|1|1|1|1|1|1|1|1|1|1|1|1|1|1|1|1|1|1|1|1|1|1|1|1|1|1|1|1|1,134.484718422,1.0,0,1.0,1.0,0.0,0.0,0.35,False,False,False,1.0,1.0,0.0,0.0,81.65360626618627,81.65360626618627,5.450076543968322,0.0,5.450076543968322,-0.0018508257436713471,1.2246870184640102e-11,0.9977597055499178,0.9999999999999999,0.0003749961108850411,6717,0,6717,0.0,0.0,0.0,0.0,0.0,0.0,135.25,,0.0,0.0,148.625,,0.0,0.0,135.25,,0.0,0.0,148.625,,0.0,0.0,0.0,,1.0,0.0,24.9375,0.0,1.0,33.125,353.625,4.0,1.0,16.75,296.125,4.0,0.0,0.0,353.625,,0.0,0.0,296.125,,0.0,0.0,0.0,,24.875,0.0,1.0,33.0,354.25,4.0,1.0,16.75,296.375,4.0,0.0,0.0,354.25,,0.0,0.0,296.375,,0.0,0.0,0.0,,24.875,0.0,1.0,33.0,354.25,4.0,1.0,16.75,296.625,4.0,0.0,0.0,354.25,,0.0,0.0,296.625,,0.0,0.0,0.0,,0.0,0.0,0.0,0.0,134.75,,0.0,0.0,149.0,,0.0,0.0,134.75,,0.0,0.0,149.0,,0.0,0.0,0.0,,True,,0,1.0,True,1.0,1,1.3261490069999127,6.977955733000044
overlapping_shared_target_association,4,b2_gated_burst_correlated_3s_50uA,2.0,gated_burst,correlated,3.0,50.0,160,664,0.0,1.0,1.0,0.0,-1.0,-1.0,0.0,0.0,80,15,15,True,False,0|0|0|0|0|0|0|0|0|0|0|0|0.125|0.25|0.3125|0.5|0.5625|0.5625|0.6875|0.9375|1|1|1|1|1|1|1|1|1|1|1|1|1|1|1|1|1|1|1|1|1|1|1|1|1|1|1|1|1|1|1|1|1|1|1|1|1|1|1|1|1|1|1|1|1|1|1|1|1|1|1|1|1|1|1|1|1|1|1|1|1,134.484718422,1.0,0,1.0,1.0,0.0,0.0,0.35,False,False,False,1.0,1.0,0.0,0.0,81.65360626618627,81.65360626618627,71.49700560114088,0.0,71.49700560114088,-0.3350658281149239,1.2246870184640102e-11,0.7535644241016891,0.9999999999999999,-0.00785082164901507,369166,0,369166,0.0,0.0,0.0,0.0,0.0,0.0,135.25,,0.0,0.0,148.625,,0.0,0.0,135.25,,0.0,0.0,148.625,,0.0,0.0,0.0,,1.0,0.0,24.9375,0.0,1.0,33.125,353.625,4.0,1.0,16.75,296.125,4.0,0.0,0.0,353.625,,0.0,0.0,296.125,,0.0,0.0,0.0,,26.4375,0.0,1.0,35.625,375.375,4.0,1.0,17.25,305.625,4.0,0.0,0.0,375.375,,0.0,0.0,305.625,,0.0,0.0,0.0,,24.875,0.0,1.0,33.0,354.25,4.0,1.0,16.75,296.625,4.0,0.0,0.0,354.25,,0.0,0.0,296.625,,0.0,0.0,0.0,,0.0,0.0,0.0,0.0,134.75,,0.0,0.0,149.0,,0.0,0.0,134.75,,0.0,0.0,149.0,,0.0,0.0,0.0,,True,,0,1.0,True,1.0,1,1.30950662500004,22.888963949000072
overlapping_shared_target_association,4,b2_gated_burst_shared_3s_10uA,2.0,gated_burst,shared,3.0,10.0,160,1103,0.0,1.0,1.0,0.0,-1.0,-1.0,0.0,0.0,80,15,15,True,False,0|0|0|0|0|0|0|0|0|0|0|0|0.125|0.25|0.3125|0.5|0.5625|0.5625|0.6875|0.9375|1|1|1|1|1|1|1|1|1|1|1|1|1|1|1|1|1|1|1|1|1|1|1|1|1|1|1|1|1|1|1|1|1|1|1|1|1|1|1|1|1|1|1|1|1|1|1|1|1|1|1|1|1|1|1|1|1|1|1|1|1,134.484718422,1.0,0,1.0,1.0,0.0,0.0,0.35,False,False,False,1.0,1.0,0.0,0.0,81.65360626618627,81.65360626618627,15.247852516904777,0.0,15.247852516904777,-0.016233126692221767,1.2246870184640102e-11,0.9831382627702541,0.9999999999999999,0.0010707053339279278,56468,0,56468,0.0,0.0,0.0,0.0,0.0,0.0,135.25,,0.0,0.0,148.625,,0.0,0.0,135.25,,0.0,0.0,148.625,,0.0,0.0,0.0,,1.0,0.0,24.9375,0.0,1.0,33.125,353.625,4.0,1.0,16.75,296.125,4.0,0.0,0.0,353.625,,0.0,0.0,296.125,,0.0,0.0,0.0,,24.5,0.0,1.0,32.375,354.5,4.0,1.0,16.625,296.125,4.0,0.0,0.0,354.5,,0.0,0.0,296.125,,0.0,0.0,0.0,,24.875,0.0,1.0,33.0,354.25,4.0,1.0,16.75,296.625,4.0,0.0,0.0,354.25,,0.0,0.0,296.625,,0.0,0.0,0.0,,0.0,0.0,0.0,0.0,134.75,,0.0,0.0,149.0,,0.0,0.0,134.75,,0.0,0.0,149.0,,0.0,0.0,0.0,,True,,0,1.0,True,1.0,1,1.33147195499987,9.648289548000093
overlapping_shared_target_association,4,b2_gated_burst_shared_3s_50uA,2.0,gated_burst,shared,3.0,50.0,160,1103,0.0,1.0,1.0,0.0,-1.0,-1.0,0.0,0.0,80,15,15,True,False,0|0|0|0|0|0|0|0|0|0|0|0|0.125|0.25|0.3125|0.5|0.5625|0.5625|0.6875|0.9375|1|1|1|1|1|1|1|1|1|1|1|1|1|1|1|1|1|1|1|1|1|1|1|1|1|1|1|1|1|1|1|1|1|1|1|1|1|1|1|1|1|1|1|1|1|1|1|1|1|1|1|1|1|1|1|1|1|1|1|1|1,134.484718422,1.0,0,0.75,1.0,-0.25,0.25,0.35,True,False,False,1.0,1.0,0.25,0.0,81.65360626618627,81.65360626618627,126.79546774091807,0.0,126.79546774091807,-0.8513324579499697,1.2246870184640102e-11,0.542065451755671,0.9999999999999999,-0.00805073982270774,627823,0,627823,0.0,0.0,0.0,0.0,0.0,0.0,135.25,,0.0,0.0,148.625,,0.0,0.0,135.25,,0.0,0.0,148.625,,0.0,0.0,0.0,,1.0,0.0,24.9375,0.0,1.0,33.125,353.625,4.0,1.0,16.75,296.125,4.0,0.0,0.0,353.625,,0.0,0.0,296.125,,0.0,0.0,0.0,,29.5625,0.25,1.0,39.125,399.375,4.0,1.0,20.0,334.125,4.0,0.0,0.0,399.375,,0.75,0.75,334.125,6.833333333333333,0.0,0.0,0.0,,24.875,0.0,1.0,33.0,354.25,4.0,1.0,16.75,296.625,4.0,0.0,0.0,354.25,,0.0,0.0,296.625,,0.0,0.0,0.0,,0.0,0.0,0.0,0.0,134.75,,0.0,0.0,149.0,,0.0,0.0,134.75,,0.0,0.0,149.0,,0.0,0.0,0.0,,True,,0,0.75,True,1.0,0.75,1.312655045000156,32.99737354800004
overlapping_shared_target_association,4,b2_static_correlated_3s_10uA,2.0,static,correlated,3.0,10.0,160,369,0.0,1.0,1.0,0.0,-1.0,-1.0,0.0,0.0,80,15,15,True,False,0|0|0|0|0|0|0|0|0|0|0|0|0.125|0.25|0.3125|0.5|0.5625|0.5625|0.6875|0.9375|1|1|1|1|1|1|1|1|1|1|1|1|1|1|1|1|1|1|1|1|1|1|1|1|1|1|1|1|1|1|1|1|1|1|1|1|1|1|1|1|1|1|1|1|1|1|1|1|1|1|1|1|1|1|1|1|1|1|1|1|1,134.484718422,1.0,0,1.0,1.0,0.0,0.0,0.35,False,False,False,1.0,1.0,0.0,0.0,81.65360626618627,81.65360626618627,0.0,0.0,0.0,1.2246870184640102e-11,1.2246870184640102e-11,0.9999999999999999,0.9999999999999999,-0.0,0,0,0,0.0,0.0,0.0,0.0,0.0,0.0,135.25,,0.0,0.0,148.625,,0.0,0.0,135.25,,0.0,0.0,148.625,,0.0,0.0,0.0,,1.0,0.0,24.9375,0.0,1.0,33.125,353.625,4.0,1.0,16.75,296.125,4.0,0.0,0.0,353.625,,0.0,0.0,296.125,,0.0,0.0,0.0,,24.875,0.0,1.0,33.0,354.25,4.0,1.0,16.75,296.625,4.0,0.0,0.0,354.25,,0.0,0.0,296.625,,0.0,0.0,0.0,,24.875,0.0,1.0,33.0,354.25,4.0,1.0,16.75,296.625,4.0,0.0,0.0,354.25,,0.0,0.0,296.625,,0.0,0.0,0.0,,0.0,0.0,0.0,0.0,134.75,,0.0,0.0,149.0,,0.0,0.0,134.75,,0.0,0.0,149.0,,0.0,0.0,0.0,,True,,0,1.0,True,1.0,1,1.4595076280002104,6.646606848000147
overlapping_shared_target_association,4,b2_static_correlated_3s_50uA,2.0,static,correlated,3.0,50.0,160,369,0.0,1.0,1.0,0.0,-1.0,-1.0,0.0,0.0,80,15,15,True,False,0|0|0|0|0|0|0|0|0|0|0|0|0.125|0.25|0.3125|0.5|0.5625|0.5625|0.6875|0.9375|1|1|1|1|1|1|1|1|1|1|1|1|1|1|1|1|1|1|1|1|1|1|1|1|1|1|1|1|1|1|1|1|1|1|1|1|1|1|1|1|1|1|1|1|1|1|1|1|1|1|1|1|1|1|1|1|1|1|1|1|1,134.484718422,1.0,0,1.0,1.0,0.0,0.0,0.35,False,False,False,1.0,1.0,0.0,0.0,81.65360626618627,81.65360626618627,22.286677531912925,0.0,22.286677531912925,-0.036100284528349125,1.2246870184640102e-11,0.9644891062992403,0.9999999999999999,0.0004966974400858644,93884,0,93884,0.0,0.0,0.0,0.0,0.0,0.0,135.25,,0.0,0.0,148.625,,0.0,0.0,135.25,,0.0,0.0,148.625,,0.0,0.0,0.0,,1.0,0.0,24.9375,0.0,1.0,33.125,353.625,4.0,1.0,16.75,296.125,4.0,0.0,0.0,353.625,,0.0,0.0,296.125,,0.0,0.0,0.0,,25.0625,0.0,1.0,33.25,359.5,4.0,1.0,16.875,299.25,4.0,0.0,0.0,359.5,,0.0,0.0,299.25,,0.0,0.0,0.0,,24.875,0.0,1.0,33.0,354.25,4.0,1.0,16.75,296.625,4.0,0.0,0.0,354.25,,0.0,0.0,296.625,,0.0,0.0,0.0,,0.0,0.0,0.0,0.0,134.75,,0.0,0.0,149.0,,0.0,0.0,134.75,,0.0,0.0,149.0,,0.0,0.0,0.0,,True,,0,1.0,True,1.0,1,1.2783489910000299,11.747132948000171
overlapping_shared_target_association,4,b2_static_shared_3s_10uA,2.0,static,shared,3.0,10.0,160,632,0.0,1.0,1.0,0.0,-1.0,-1.0,0.0,0.0,80,15,15,True,False,0|0|0|0|0|0|0|0|0|0|0|0|0.125|0.25|0.3125|0.5|0.5625|0.5625|0.6875|0.9375|1|1|1|1|1|1|1|1|1|1|1|1|1|1|1|1|1|1|1|1|1|1|1|1|1|1|1|1|1|1|1|1|1|1|1|1|1|1|1|1|1|1|1|1|1|1|1|1|1|1|1|1|1|1|1|1|1|1|1|1|1,134.484718422,1.0,0,1.0,1.0,0.0,0.0,0.35,False,False,False,1.0,1.0,0.0,0.0,81.65360626618627,81.65360626618627,0.0,0.0,0.0,1.2246870184640102e-11,1.2246870184640102e-11,0.9999999999999999,0.9999999999999999,-0.0,0,0,0,0.0,0.0,0.0,0.0,0.0,0.0,135.25,,0.0,0.0,148.625,,0.0,0.0,135.25,,0.0,0.0,148.625,,0.0,0.0,0.0,,1.0,0.0,24.9375,0.0,1.0,33.125,353.625,4.0,1.0,16.75,296.125,4.0,0.0,0.0,353.625,,0.0,0.0,296.125,,0.0,0.0,0.0,,24.875,0.0,1.0,33.0,354.25,4.0,1.0,16.75,296.625,4.0,0.0,0.0,354.25,,0.0,0.0,296.625,,0.0,0.0,0.0,,24.875,0.0,1.0,33.0,354.25,4.0,1.0,16.75,296.625,4.0,0.0,0.0,354.25,,0.0,0.0,296.625,,0.0,0.0,0.0,,0.0,0.0,0.0,0.0,134.75,,0.0,0.0,149.0,,0.0,0.0,134.75,,0.0,0.0,149.0,,0.0,0.0,0.0,,True,,0,1.0,True,1.0,1,1.4970562070000142,6.953090686999985
overlapping_shared_target_association,4,b2_static_shared_3s_50uA,2.0,static,shared,3.0,50.0,160,632,0.0,1.0,1.0,0.0,-1.0,-1.0,0.0,0.0,80,15,15,True,False,0|0|0|0|0|0|0|0|0|0|0|0|0.125|0.25|0.3125|0.5|0.5625|0.5625|0.6875|0.9375|1|1|1|1|1|1|1|1|1|1|1|1|1|1|1|1|1|1|1|1|1|1|1|1|1|1|1|1|1|1|1|1|1|1|1|1|1|1|1|1|1|1|1|1|1|1|1|1|1|1|1|1|1|1|1|1|1|1|1|1|1,134.484718422,1.0,0,1.0,1.0,0.0,0.0,0.35,False,False,False,1.0,1.0,0.0,0.0,81.65360626618627,81.65360626618627,39.29696388536003,0.0,39.29696388536003,-0.1193478152633527,1.2246870184640102e-11,0.9020130316558029,0.9999999999999999,-0.010662113028003134,237906,0,237906,0.0,0.0,0.0,0.0,0.0,0.0,135.25,,0.0,0.0,148.625,,0.0,0.0,135.25,,0.0,0.0,148.625,,0.0,0.0,0.0,,1.0,0.0,24.9375,0.0,1.0,33.125,353.625,4.0,1.0,16.75,296.125,4.0,0.0,0.0,353.625,,0.0,0.0,296.125,,0.0,0.0,0.0,,26.75,0.0,1.0,35.5,367.25,4.0,1.0,18.0,305.0,4.0,0.0,0.0,367.25,,0.0,0.0,305.0,,0.0,0.0,0.0,,24.875,0.0,1.0,33.0,354.25,4.0,1.0,16.75,296.625,4.0,0.0,0.0,354.25,,0.0,0.0,296.625,,0.0,0.0,0.0,,0.0,0.0,0.0,0.0,134.75,,0.0,0.0,149.0,,0.0,0.0,134.75,,0.0,0.0,149.0,,0.0,0.0,0.0,,True,,0,1.0,True,1.0,1,1.3076270599999589,19.01929488600001
